filename,prob_anodr,prob_bmilddr,prob_cmoderatedr,prob_dseveredr,prob_eproliferativedr,pred_class
anodr/002c21358ce6.png,0.928267,0.018520,0.015945,0.018212,0.019056,anodr
anodr/005b95c28852.png,0.938729,0.013563,0.013415,0.017621,0.016673,anodr
anodr/00cc2b75cddd.png,0.915388,0.026681,0.015890,0.023050,0.018991,anodr
anodr/0182152c50de.png,0.921443,0.019436,0.018720,0.020591,0.019809,anodr
anodr/02cd34a85b24.png,0.926453,0.019806,0.013863,0.022710,0.017168,anodr
anodr/03b373718013.png,0.924458,0.020360,0.016591,0.019178,0.019413,anodr
anodr/04aef84a2cc1.png,0.931114,0.016293,0.016730,0.018650,0.017214,anodr
anodr/05b1bb2bdb81.png,0.936558,0.015476,0.015114,0.017989,0.014862,anodr
anodr/07596907347b.png,0.924629,0.018969,0.016550,0.020904,0.018948,anodr
anodr/07751b94a88a.png,0.925396,0.024582,0.016168,0.018192,0.015662,anodr
anodr/0790515cf5af.png,0.913990,0.024631,0.019757,0.022811,0.018811,anodr
anodr/08037e4490e5.png,0.926269,0.017355,0.017709,0.021541,0.017126,anodr
anodr/0851d6a69589.png,0.930159,0.018474,0.015172,0.019070,0.017125,anodr
anodr/08b6e3240858.png,0.929994,0.021527,0.028684,0.011510,0.008286,anodr
anodr/08bef347f40d.png,0.939456,0.017582,0.012808,0.014361,0.015793,anodr
anodr/08ee569d4721.png,0.923917,0.022631,0.015909,0.019203,0.018340,anodr
anodr/09237bf783a4.png,0.916997,0.022266,0.016412,0.023016,0.021309,anodr
anodr/096436d68d06.png,0.939443,0.014709,0.013405,0.017421,0.015021,anodr
anodr/099021fac3c9.png,0.939276,0.013599,0.014226,0.016202,0.016697,anodr
anodr/09c8323c612e.png,0.925159,0.019520,0.016428,0.020530,0.018363,anodr
anodr/0a38b552372d.png,0.932135,0.019982,0.015679,0.017527,0.014678,anodr
anodr/0a85a1e8f9e9.png,0.923874,0.019932,0.022086,0.015695,0.018413,anodr
anodr/0babc12807b2.png,0.011273,0.145541,0.788003,0.015958,0.039225,cmoderatedr
anodr/0cbcc7b23613.png,0.927879,0.027463,0.023205,0.014290,0.007164,anodr
anodr/0cd31078cd08.png,0.924257,0.018976,0.015630,0.022274,0.018863,anodr
anodr/0ce062f26edc.png,0.946006,0.012378,0.010829,0.018795,0.011992,anodr
anodr/0cecc2864b7f.png,0.939122,0.018072,0.011665,0.018018,0.013122,anodr
anodr/0d9a9896f801.png,0.927221,0.021823,0.015246,0.019819,0.015892,anodr
anodr/0da321efbce6.png,0.929557,0.020840,0.014624,0.021129,0.013850,anodr
anodr/0db1d8dcf219.png,0.919645,0.018649,0.020982,0.019677,0.021047,anodr
anodr/0e3572b5884a.png,0.931366,0.019119,0.014951,0.017687,0.016877,anodr
anodr/0ef4c61dc056.png,0.919612,0.025350,0.016304,0.020699,0.018035,anodr
anodr/0fbbd665431f.png,0.931351,0.027368,0.011621,0.018620,0.011040,anodr
anodr/0fc6829da85b.png,0.937577,0.014493,0.017605,0.015408,0.014917,anodr
anodr/1002b5151b8e.png,0.934089,0.015729,0.014449,0.019317,0.016415,anodr
anodr/103f97a2ab15.png,0.938013,0.027391,0.011526,0.014373,0.008697,anodr
anodr/10a5026eb8e6.png,0.943036,0.013012,0.013476,0.015288,0.015188,anodr
anodr/10de500cf0c5.png,0.932299,0.017176,0.015132,0.020223,0.015169,anodr
anodr/10f10fd30718.png,0.928655,0.018717,0.016396,0.018694,0.017538,anodr
anodr/12058bbb8299.png,0.932226,0.018281,0.015152,0.017605,0.016734,anodr
anodr/12bc439d373a.png,0.931270,0.018618,0.015591,0.018022,0.016499,anodr
anodr/12ef75375322.png,0.932997,0.014674,0.015181,0.017780,0.019369,anodr
anodr/143db89c11c8.png,0.925897,0.018714,0.016648,0.020410,0.018331,anodr
anodr/15b21c80cc31.png,0.927567,0.019033,0.015889,0.019216,0.018296,anodr
anodr/15e24b73d4a7.png,0.927417,0.022242,0.014757,0.019876,0.015708,anodr
anodr/1633f8291a80.png,0.925789,0.021672,0.015575,0.020741,0.016223,anodr
anodr/165634a6167e.png,0.940538,0.013011,0.013365,0.023308,0.009778,anodr
anodr/178412895d5e.png,0.942083,0.011446,0.017478,0.014516,0.014476,anodr
anodr/186c1835eec5.png,0.926292,0.017563,0.017037,0.018689,0.020419,anodr
anodr/18b7e34eab8f.png,0.922935,0.021622,0.017367,0.019788,0.018287,anodr
anodr/18b99159a14f.png,0.921316,0.021663,0.016655,0.021443,0.018924,anodr
anodr/18ce0cdc473d.png,0.938352,0.017342,0.012267,0.018941,0.013097,anodr
anodr/1a0dbc6c0cda.png,0.931778,0.021166,0.018437,0.015366,0.013254,anodr
anodr/1a1e974a7dbf.png,0.919627,0.024546,0.017410,0.019734,0.018683,anodr
anodr/1c47815f4a6b.png,0.910006,0.035206,0.026705,0.020950,0.007133,anodr
anodr/1ca62b3e4fd3.png,0.937861,0.016435,0.012759,0.017793,0.015152,anodr
anodr/1d0b93317aa8.png,0.928605,0.016185,0.016078,0.020091,0.019041,anodr
anodr/1d3e9b939732.png,0.917678,0.026367,0.017201,0.019631,0.019124,anodr
anodr/1d74c4713e21.png,0.931741,0.016619,0.014598,0.019612,0.017430,anodr
anodr/1db0393cdbc1.png,0.926340,0.017404,0.016057,0.024490,0.015710,anodr
anodr/1df1530b9b8d.png,0.924984,0.022398,0.016272,0.019148,0.017199,anodr
anodr/1e742358e0b9.png,0.942551,0.018348,0.010340,0.016257,0.012504,anodr
anodr/1e7ccd4a1c87.png,0.943341,0.013105,0.014136,0.015359,0.014059,anodr
anodr/1ec95179cdfe.png,0.941657,0.015008,0.012324,0.018289,0.012722,anodr
anodr/1f31701dd61b.png,0.924798,0.017671,0.018933,0.020588,0.018011,anodr
anodr/1f5496352859.png,0.926040,0.016008,0.020040,0.020000,0.017912,anodr
anodr/218c822a3dd9.png,0.817495,0.119429,0.029566,0.021311,0.012199,anodr
anodr/224c14366e11.png,0.927472,0.016547,0.016266,0.019484,0.020232,anodr
anodr/226c6ceb9185.png,0.929524,0.018748,0.015102,0.019521,0.017105,anodr
anodr/237aa50edc34.png,0.938205,0.016523,0.012771,0.018812,0.013688,anodr
anodr/248dec89b3a2.png,0.932162,0.018560,0.014328,0.019781,0.015169,anodr
anodr/253e96488cfb.png,0.357154,0.602844,0.011503,0.015123,0.013376,bmilddr
anodr/2682e6da9050.png,0.932329,0.016273,0.016845,0.018278,0.016276,anodr
anodr/27933cdbe0cc.png,0.926299,0.020914,0.016563,0.018920,0.017303,anodr
anodr/283c3aeba594.png,0.927839,0.017816,0.014846,0.021584,0.017915,anodr
anodr/28503940d10b.png,0.918444,0.023903,0.023013,0.015324,0.019315,anodr
anodr/28f73575e1f2.png,0.928027,0.017977,0.015800,0.020187,0.018009,anodr
anodr/2923971566fe.png,0.889122,0.062576,0.012906,0.018845,0.016550,anodr
anodr/2927665214e1.png,0.925818,0.022722,0.016966,0.016618,0.017875,anodr
anodr/29a13e666266.png,0.926312,0.020124,0.014933,0.022006,0.016625,anodr
anodr/2a4520f1f9a3.png,0.932027,0.018250,0.014992,0.018001,0.016730,anodr
anodr/2b4c7b5f1f1e.png,0.913482,0.026294,0.024151,0.016476,0.019598,anodr
anodr/2b5bb6d33959.png,0.925955,0.019864,0.015987,0.021657,0.016536,anodr
anodr/2bb3c492d6d3.png,0.939131,0.014661,0.015935,0.016885,0.013388,anodr
anodr/2c8101f14723.png,0.931099,0.014921,0.015118,0.020356,0.018506,anodr
anodr/2c827005b8f8.png,0.922584,0.020484,0.016599,0.018405,0.021928,anodr
anodr/2cacdb0dffae.png,0.923651,0.022180,0.016003,0.018686,0.019479,anodr
anodr/2cdcc910778d.png,0.924696,0.019395,0.017112,0.020007,0.018791,anodr
anodr/2d04cead4d3a.png,0.923950,0.019352,0.014990,0.021659,0.020050,anodr
anodr/2d07162a13b1.png,0.028520,0.072480,0.887289,0.002417,0.009293,cmoderatedr
anodr/2db0cd3e30da.png,0.939924,0.012018,0.015228,0.022194,0.010636,anodr
anodr/2dc647e00ad3.png,0.943500,0.012558,0.014202,0.017395,0.012345,anodr
anodr/2dd28ac497d2.png,0.924155,0.025310,0.015363,0.018927,0.016245,anodr
anodr/2ef10194e80d.png,0.928895,0.016248,0.015296,0.019899,0.019662,anodr
anodr/2ef4a04aed1b.png,0.920980,0.021408,0.016699,0.021685,0.019228,anodr
anodr/2ef955d6d9ff.png,0.933680,0.017536,0.013057,0.019192,0.016535,anodr
anodr/2f143453bb71.png,0.930575,0.019523,0.013287,0.022255,0.014360,anodr
anodr/2f7fbdcc9a4b.png,0.929567,0.017317,0.017603,0.018887,0.016625,anodr
anodr/2fefb720869a.png,0.923781,0.025520,0.016460,0.018148,0.016090,anodr
anodr/3286073a976e.png,0.949955,0.012803,0.012709,0.014716,0.009818,anodr
anodr/331121c65e88.png,0.931565,0.015526,0.016734,0.019814,0.016361,anodr
anodr/33b91def2035.png,0.922251,0.020279,0.017098,0.020853,0.019519,anodr
anodr/33b978734eab.png,0.930161,0.015627,0.015463,0.019909,0.018841,anodr
anodr/345b1f0abbba.png,0.930456,0.018094,0.015039,0.021834,0.014577,anodr
anodr/348598d01e18.png,0.925170,0.023142,0.015846,0.017865,0.017976,anodr
anodr/35362d43e753.png,0.921040,0.019052,0.023007,0.017307,0.019594,anodr
anodr/35ac70c0d08f.png,0.929469,0.018577,0.015060,0.019497,0.017397,anodr
anodr/35df2bc6ae95.png,0.926803,0.020382,0.015723,0.019386,0.017706,anodr
anodr/360832d84ce0.png,0.933018,0.016675,0.014971,0.017668,0.017667,anodr
anodr/37c523296d42.png,0.927995,0.019898,0.015578,0.020319,0.016210,anodr
anodr/387138ddf43d.png,0.940515,0.015636,0.011709,0.017747,0.014393,anodr
anodr/389552047476.png,0.925652,0.020381,0.016598,0.020492,0.016876,anodr
anodr/393fa5a023a5.png,0.920004,0.021138,0.017774,0.021857,0.019226,anodr
anodr/3a4cfea0a766.png,0.929890,0.016290,0.017313,0.017581,0.018926,anodr
anodr/3b2b91590590.png,0.932922,0.017902,0.014427,0.017106,0.017643,anodr
anodr/3bf2deaa5ef0.png,0.929751,0.017685,0.015622,0.019183,0.017760,anodr
anodr/3bf3085ac167.png,0.928776,0.018182,0.015243,0.017959,0.019840,anodr
anodr/3c42512c81e0.png,0.929398,0.019396,0.017011,0.018745,0.015450,anodr
anodr/3ce2f8a77a32.png,0.927222,0.017703,0.017794,0.019610,0.017671,anodr
anodr/3f0d3629d69e.png,0.932576,0.016453,0.016379,0.019123,0.015468,anodr
anodr/3f44d749cd0b.png,0.816049,0.142923,0.009558,0.016534,0.014935,anodr
anodr/3f6c627e2ff2.png,0.924666,0.021053,0.018201,0.017233,0.018847,anodr
anodr/3fd45879afe6.png,0.927858,0.016884,0.017912,0.018136,0.019210,anodr
anodr/401fdfd0db07.png,0.923101,0.025971,0.016606,0.016017,0.018305,anodr
anodr/41345cec5957.png,0.930783,0.016242,0.015245,0.021080,0.016651,anodr
anodr/415d5c5e785f.png,0.925952,0.020238,0.018684,0.017124,0.018002,anodr
anodr/41ab357d103f.png,0.928000,0.018138,0.016462,0.019863,0.017537,anodr
anodr/4276b82e4489.png,0.935923,0.016870,0.014768,0.018015,0.014423,anodr
anodr/42b9c1977681.png,0.925905,0.021070,0.015893,0.019805,0.017327,anodr
anodr/42c65af5ab16.png,0.928116,0.018705,0.013498,0.022299,0.017381,anodr
anodr/436e7a7af761.png,0.927634,0.019103,0.015210,0.020144,0.017908,anodr
anodr/43823561c3f0.png,0.929426,0.016802,0.016884,0.018769,0.018120,anodr
anodr/43bc7c066dfb.png,0.923812,0.018865,0.015827,0.021065,0.020432,anodr
anodr/445a8a6da55c.png,0.924309,0.027171,0.016103,0.018863,0.013554,anodr
anodr/44a4d04162cc.png,0.921463,0.022804,0.016397,0.019582,0.019754,anodr
anodr/44a86263117b.png,0.927598,0.019254,0.016123,0.018424,0.018601,anodr
anodr/4554062fa836.png,0.937505,0.017062,0.014149,0.016662,0.014622,anodr
anodr/475300735b7f.png,0.927017,0.023635,0.015530,0.017401,0.016417,anodr
anodr/478fc46eaa49.png,0.922042,0.029425,0.016135,0.015527,0.016871,anodr
anodr/4826d10030b3.png,0.926799,0.017346,0.015913,0.017983,0.021960,anodr
anodr/4a05f81b3aba.png,0.939370,0.017184,0.011159,0.019272,0.013016,anodr
anodr/4a4cb731f91a.png,0.931055,0.017947,0.015375,0.019037,0.016587,anodr
anodr/4a589edaea60.png,0.931779,0.019600,0.018570,0.015715,0.014336,anodr
anodr/4ad8d3ec8789.png,0.939393,0.017265,0.015554,0.012922,0.014865,anodr
anodr/4d1e7def7624.png,0.955073,0.012296,0.013142,0.010285,0.009204,anodr
anodr/4dd4a4bf2421.png,0.925473,0.018532,0.015729,0.021243,0.019024,anodr
anodr/4e1e252317b5.png,0.920374,0.026053,0.017478,0.016244,0.019852,anodr
anodr/4fd5ec0dca09.png,0.934656,0.017619,0.012581,0.019385,0.015759,anodr
anodr/500aad15b7c8.png,0.931877,0.017930,0.016770,0.018002,0.015421,anodr
anodr/501c319f7a9f.png,0.928831,0.018885,0.015365,0.018849,0.018071,anodr
anodr/504a69096fcb.png,0.930875,0.021284,0.013863,0.018424,0.015555,anodr
anodr/5069feccd866.png,0.927673,0.017067,0.015709,0.020477,0.019074,anodr
anodr/50915e2329a1.png,0.931257,0.022815,0.015124,0.016772,0.014032,anodr
anodr/50916d67bb51.png,0.928428,0.020113,0.015395,0.019166,0.016899,anodr
anodr/50d8249f7bc9.png,0.936288,0.014015,0.015881,0.020508,0.013308,anodr
anodr/50ddd7d976df.png,0.929924,0.025424,0.018171,0.017804,0.008677,anodr
anodr/521b5377a727.png,0.946903,0.015122,0.011849,0.016812,0.009314,anodr
anodr/5257cb536da2.png,0.938134,0.019710,0.012237,0.019076,0.010842,anodr
anodr/5299a532f0e0.png,0.931577,0.018971,0.015429,0.018153,0.015870,anodr
anodr/52edbe29d655.png,0.932027,0.019984,0.015206,0.017327,0.015456,anodr
anodr/5321ab64f9ea.png,0.920048,0.021838,0.018033,0.021219,0.018861,anodr
anodr/53c874dbc594.png,0.896168,0.039483,0.022117,0.024588,0.017644,anodr
anodr/54038e56131d.png,0.923468,0.019463,0.016559,0.021520,0.018990,anodr
anodr/54f57cf26126.png,0.935304,0.017875,0.012808,0.019504,0.014510,anodr
anodr/5511f114e7ee.png,0.932458,0.015240,0.015986,0.018538,0.017777,anodr
anodr/555d0bef3c5b.png,0.924879,0.018733,0.017124,0.020714,0.018551,anodr
anodr/55f7f018c61c.png,0.935000,0.012702,0.017258,0.020800,0.014240,anodr
anodr/568455854a11.png,0.922711,0.020471,0.015889,0.021220,0.019709,anodr
anodr/586f5c56081e.png,0.926777,0.019353,0.016194,0.019443,0.018234,anodr
anodr/58a9e0d7f7af.png,0.925172,0.020340,0.015976,0.020073,0.018439,anodr
anodr/58eb3809f456.png,0.929876,0.015093,0.016304,0.020545,0.018182,anodr
anodr/58f07741ee3b.png,0.923954,0.019063,0.017239,0.021715,0.018029,anodr
anodr/59928f999ae7.png,0.933987,0.014791,0.015777,0.018220,0.017225,anodr
anodr/5995321563b7.png,0.926177,0.017405,0.016295,0.020145,0.019978,anodr
anodr/59bd19c1c5bb.png,0.933019,0.019285,0.014023,0.018813,0.014861,anodr
anodr/5a27b9b2a9c1.png,0.940870,0.016276,0.012899,0.018506,0.011448,anodr
anodr/5b1c4cefeb24.png,0.919352,0.023660,0.016243,0.023047,0.017698,anodr
anodr/5b994ff78547.png,0.929415,0.018097,0.016061,0.018878,0.017549,anodr
anodr/5ba156a35ff2.png,0.926365,0.021075,0.016160,0.020951,0.015449,anodr
anodr/5baed382f062.png,0.766485,0.062395,0.114702,0.022074,0.034343,anodr
anodr/5c85d22bd0de.png,0.919492,0.031928,0.017817,0.015887,0.014876,anodr
anodr/5ca73d28f17f.png,0.922139,0.020026,0.017700,0.022454,0.017681,anodr
anodr/5cbe88914a72.png,0.928450,0.020599,0.016297,0.019010,0.015644,anodr
anodr/5d4e5fd34d91.png,0.921211,0.021867,0.017559,0.022084,0.017280,anodr
anodr/5de4615a5161.png,0.933371,0.016349,0.014117,0.017836,0.018327,anodr
anodr/5e505e25cd3e.png,0.937235,0.013785,0.015447,0.017718,0.015815,anodr
anodr/5e97cb2b0888.png,0.941047,0.019080,0.010968,0.016886,0.012019,anodr
anodr/5f6db235c04d.png,0.931312,0.015237,0.016543,0.018212,0.018697,anodr
anodr/609be3ca5ddf.png,0.941932,0.016944,0.012385,0.016838,0.011901,anodr
anodr/60aa4e649abf.png,0.933243,0.017565,0.013559,0.019202,0.016430,anodr
anodr/6180920bc224.png,0.923397,0.023124,0.020780,0.017424,0.015275,anodr
anodr/61a62b1dcc36.png,0.928688,0.016471,0.016657,0.019782,0.018402,anodr
anodr/61da799bf0aa.png,0.686292,0.246835,0.036488,0.023667,0.006718,anodr
anodr/628b581aa905.png,0.928494,0.020628,0.015852,0.018132,0.016893,anodr
anodr/6294b378d09f.png,0.927034,0.022321,0.016210,0.020380,0.014055,anodr
anodr/633fe9dbaf39.png,0.940974,0.013428,0.013805,0.019076,0.012716,anodr
anodr/63b71347e95d.png,0.930823,0.017404,0.015081,0.018850,0.017842,anodr
anodr/63e041a757eb.png,0.938151,0.016032,0.015527,0.015541,0.014749,anodr
anodr/6504b703c429.png,0.913842,0.030757,0.018325,0.019806,0.017269,anodr
anodr/65a3b13ad9a0.png,0.014009,0.876995,0.081365,0.022762,0.004870,bmilddr
anodr/65a7fe9482fe.png,0.928608,0.018798,0.017596,0.017726,0.017273,anodr
anodr/65dda202653d.png,0.942978,0.018724,0.010282,0.018526,0.009490,anodr
anodr/66393d8c60ba.png,0.925584,0.022642,0.015625,0.020191,0.015958,anodr
anodr/66b88a4bc474.png,0.928748,0.017415,0.016466,0.021123,0.016248,anodr
anodr/68ddb15a74de.png,0.923423,0.023893,0.015716,0.020164,0.016805,anodr
anodr/69b3a00927fc.png,0.927448,0.021350,0.015297,0.016468,0.019437,anodr
anodr/69c4cbb630de.png,0.925466,0.018609,0.016648,0.021696,0.017582,anodr
anodr/6a2642131e4a.png,0.923233,0.025749,0.016014,0.017426,0.017578,anodr
anodr/6a57a3db3eff.png,0.927032,0.018821,0.016250,0.019150,0.018746,anodr
anodr/6a905a7202d2.png,0.925357,0.020749,0.016889,0.018981,0.018025,anodr
anodr/6b30767595d8.png,0.929894,0.015750,0.016970,0.019697,0.017689,anodr
anodr/6b66b0e86f7e.png,0.927660,0.017230,0.016174,0.019895,0.019042,anodr
anodr/6bf2a81a5d91.png,0.919806,0.019683,0.018954,0.021322,0.020236,anodr
anodr/6c6505a0c637.png,0.936300,0.015734,0.013472,0.017814,0.016679,anodr
anodr/6d4f6c9a8406.png,0.928346,0.019422,0.016855,0.017740,0.017637,anodr
anodr/6d5a8362dd1e.png,0.933788,0.017129,0.018701,0.016366,0.014017,anodr
anodr/6d9effbcde78.png,0.931836,0.016666,0.014795,0.019922,0.016781,anodr
anodr/6dc0281f11e3.png,0.927363,0.024327,0.015185,0.018690,0.014435,anodr
anodr/6df8b7b6e837.png,0.927246,0.025713,0.015174,0.019012,0.012855,anodr
anodr/6e0f78e188ff.png,0.932279,0.015807,0.016708,0.019986,0.015220,anodr
anodr/6e1db8711879.png,0.922348,0.018754,0.014848,0.024248,0.019802,anodr
anodr/6fbaaf8eb67a.png,0.950926,0.014816,0.012394,0.013714,0.008151,anodr
anodr/7131bf4c9e6f.png,0.920481,0.036207,0.015220,0.018390,0.009703,anodr
anodr/726dff37edc0.png,0.944837,0.016154,0.011882,0.016055,0.011072,anodr
anodr/735836b1ffa6.png,0.033764,0.319774,0.604664,0.033060,0.008738,cmoderatedr
anodr/737ef6226677.png,0.917512,0.027376,0.017290,0.019264,0.018558,anodr
anodr/73d40ce06a67.png,0.925667,0.021805,0.015377,0.019414,0.017737,anodr
anodr/73ef3c3dcbe4.png,0.947781,0.012204,0.012599,0.015744,0.011672,anodr
anodr/74211a2b6dcf.png,0.935474,0.015521,0.015805,0.017157,0.016043,anodr
anodr/74898f372d2b.png,0.946678,0.014987,0.012807,0.014805,0.010723,anodr
anodr/757e39293591.png,0.923349,0.015964,0.019793,0.019561,0.021333,anodr
anodr/75a071608ea6.png,0.921604,0.022844,0.016326,0.021414,0.017812,anodr
anodr/76516f828d88.png,0.931474,0.016733,0.015411,0.018031,0.018350,anodr
anodr/76bc31e0d3be.png,0.923901,0.020029,0.016309,0.020377,0.019384,anodr
anodr/76cab26493f1.png,0.942775,0.015415,0.011926,0.017864,0.012020,anodr
anodr/76cb010f7aa0.png,0.930071,0.016738,0.014392,0.022131,0.016668,anodr
anodr/780f9c237c56.png,0.927517,0.020589,0.019679,0.015462,0.016753,anodr
anodr/7831ce1d895e.png,0.923651,0.025229,0.017472,0.017137,0.016512,anodr
anodr/789f0ec1eab8.png,0.925348,0.021714,0.014970,0.020456,0.017513,anodr
anodr/79ade634c633.png,0.932765,0.014282,0.015875,0.020175,0.016904,anodr
anodr/7a06ea127e02.png,0.926608,0.019514,0.016737,0.018703,0.018438,anodr
anodr/7a12f49e29df.png,0.949082,0.023412,0.008316,0.010995,0.008195,anodr
anodr/7a9f45fdf29b.png,0.925534,0.020027,0.015690,0.020287,0.018462,anodr
anodr/7aabd768abff.png,0.945941,0.015028,0.010624,0.016104,0.012303,anodr
anodr/7ad0c4975890.png,0.438995,0.498539,0.020074,0.031657,0.010735,bmilddr
anodr/7af4d8704032.png,0.928610,0.018071,0.016265,0.020146,0.016907,anodr
anodr/7b691d9ced34.png,0.919495,0.030651,0.017756,0.018517,0.013582,anodr
anodr/7b9d519cbd66.png,0.937531,0.014567,0.014387,0.017888,0.015627,anodr
anodr/7ba6b23c4b46.png,0.947149,0.014809,0.011475,0.017741,0.008825,anodr
anodr/7bc00e58d419.png,0.924881,0.017806,0.016722,0.020886,0.019705,anodr
anodr/7da558d92100.png,0.932173,0.015122,0.016423,0.020037,0.016244,anodr
anodr/7ec0e61a7e29.png,0.926325,0.023408,0.016481,0.016884,0.016901,anodr
anodr/7f1f3269f546.png,0.938222,0.016615,0.014346,0.015307,0.015510,anodr
anodr/7fc3a8bb40de.png,0.923023,0.021801,0.015725,0.021207,0.018244,anodr
anodr/7fe7309d0b4f.png,0.920638,0.023051,0.016901,0.020583,0.018827,anodr
anodr/810ed108f5b7.png,0.927796,0.018800,0.015851,0.019698,0.017855,anodr
anodr/81914ceb4e74.png,0.930255,0.019918,0.014939,0.017631,0.017257,anodr
anodr/8329e80c10ac.png,0.919049,0.025440,0.016880,0.020282,0.018349,anodr
anodr/837acf120946.png,0.897953,0.024800,0.046167,0.017980,0.013100,anodr
anodr/83a63c4a3e4a.png,0.928732,0.019379,0.015062,0.019409,0.017418,anodr
anodr/83d81ba5959c.png,0.930312,0.015834,0.015076,0.021786,0.016992,anodr
anodr/83fda7c0500b.png,0.940734,0.013001,0.013323,0.020501,0.012440,anodr
anodr/840a06a9c690.png,0.928411,0.018729,0.015874,0.019055,0.017931,anodr
anodr/847b04287c9c.png,0.927359,0.022428,0.015648,0.019978,0.014588,anodr
anodr/84b88e8d3bca.png,0.934307,0.018272,0.014463,0.018996,0.013961,anodr
anodr/851e40a21f81.png,0.924724,0.022166,0.020367,0.015039,0.017705,anodr
anodr/8650d32f4a9e.png,0.926153,0.022620,0.015717,0.019099,0.016411,anodr
anodr/8693ab1fd2be.png,0.938403,0.016085,0.012238,0.018708,0.014566,anodr
anodr/875d2ffcbf47.png,0.924149,0.021451,0.015895,0.021040,0.017465,anodr
anodr/876deb29f000.png,0.941199,0.016112,0.012692,0.017415,0.012582,anodr
anodr/87b671c6d4c5.png,0.929248,0.018480,0.016989,0.017376,0.017906,anodr
anodr/883c6a184f16.png,0.938866,0.017089,0.012733,0.016758,0.014553,anodr
anodr/883ddb650967.png,0.930333,0.019988,0.015213,0.019548,0.014917,anodr
anodr/88e5051f65bd.png,0.926324,0.019432,0.015830,0.019525,0.018890,anodr
anodr/8af50c9d0a86.png,0.928898,0.020088,0.013457,0.021736,0.015822,anodr
anodr/8b079e79035f.png,0.913987,0.020084,0.022595,0.021204,0.022131,anodr
anodr/8bf2d925dc0c.png,0.927445,0.016690,0.018450,0.017636,0.019779,anodr
anodr/8c4ceddeb1c6.png,0.931454,0.015076,0.015799,0.018646,0.019025,anodr
anodr/8d13c46e7d75.png,0.788749,0.100165,0.069841,0.021972,0.019272,anodr
anodr/8d4ff745a409.png,0.923510,0.021871,0.016923,0.020134,0.017561,anodr
anodr/8e6df9eedcd8.png,0.938124,0.013908,0.013712,0.021381,0.012874,anodr
anodr/8e76054f0831.png,0.929136,0.018905,0.014895,0.018785,0.018280,anodr
anodr/8f06ca4642bd.png,0.933004,0.015592,0.015639,0.019252,0.016513,anodr
anodr/8f14bca04b47.png,0.926433,0.017510,0.015826,0.021580,0.018652,anodr
anodr/8fbb2ca39911.png,0.931404,0.024306,0.017194,0.013862,0.013234,anodr
anodr/90a9a41eec6d.png,0.938902,0.018943,0.012738,0.017083,0.012335,anodr
anodr/90bde2ff8953.png,0.926984,0.021966,0.015713,0.017315,0.018022,anodr
anodr/912fbe06407e.png,0.925446,0.022105,0.015335,0.019487,0.017627,anodr
anodr/916915f01e17.png,0.923581,0.025739,0.015655,0.019797,0.015228,anodr
anodr/91b7a4179ecf.png,0.941560,0.018143,0.010085,0.017980,0.012231,anodr
anodr/9274e75dc4d5.png,0.905260,0.034639,0.020085,0.015152,0.024864,anodr
anodr/92e3d608fd3c.png,0.922533,0.022536,0.016524,0.020916,0.017491,anodr
anodr/92fcf50b3562.png,0.923867,0.019075,0.016657,0.021515,0.018886,anodr
anodr/93802d1e3c41.png,0.926700,0.018719,0.016124,0.018288,0.020169,anodr
anodr/94076a9fb9b5.png,0.921634,0.021328,0.017324,0.022363,0.017351,anodr
anodr/946545473380.png,0.932278,0.017965,0.014131,0.018019,0.017608,anodr
anodr/949710bead24.png,0.932745,0.017564,0.014584,0.018521,0.016586,anodr
anodr/94b9ccc73bb9.png,0.924154,0.021550,0.015349,0.020606,0.018341,anodr
anodr/94f9ecf4b8d2.png,0.935720,0.015798,0.015532,0.019180,0.013770,anodr
anodr/96793edb1003.png,0.939672,0.014299,0.015266,0.020244,0.010519,anodr
anodr/96ea316ed0ab.png,0.925302,0.020902,0.015053,0.020793,0.017950,anodr
anodr/973b0facfa9b.png,0.932664,0.017800,0.014666,0.018400,0.016469,anodr
anodr/97fdee242fea.png,0.936704,0.021143,0.012044,0.018405,0.011704,anodr
anodr/983c98354e9c.png,0.926199,0.023043,0.017961,0.017482,0.015315,anodr
anodr/98441214557f.png,0.927289,0.020865,0.015482,0.019243,0.017121,anodr
anodr/98d41bce73a8.png,0.927132,0.020536,0.014744,0.021162,0.016426,anodr
anodr/99c626e58464.png,0.923373,0.018850,0.017573,0.022468,0.017736,anodr
anodr/9a1029536d78.png,0.926033,0.022545,0.014083,0.018847,0.018492,anodr
anodr/9ab18a4a957f.png,0.931032,0.015777,0.013453,0.019718,0.020020,anodr
anodr/9be71d6d7e59.png,0.899887,0.031428,0.028639,0.018725,0.021321,anodr
anodr/9c514d2d5b3f.png,0.917170,0.024590,0.017527,0.021340,0.019372,anodr
anodr/9ce46d400cd6.png,0.921819,0.018234,0.019286,0.019958,0.020703,anodr
anodr/9de9421f17e3.png,0.929678,0.018555,0.018347,0.015987,0.017432,anodr
anodr/9e2058917304.png,0.929017,0.018605,0.018411,0.018133,0.015833,anodr
anodr/9e5737f771c3.png,0.929910,0.018906,0.014109,0.020587,0.016489,anodr
anodr/9e99ae6ee7af.png,0.924988,0.018091,0.014790,0.020835,0.021296,anodr
anodr/9f1b14dfa14c.png,0.889183,0.041037,0.027976,0.017394,0.024411,anodr
anodr/a06b353e7bed.png,0.932086,0.018632,0.014819,0.018035,0.016428,anodr
anodr/a0fd94e2ad76.png,0.925370,0.019634,0.016805,0.019840,0.018351,anodr
anodr/a11c62cb3f86.png,0.942518,0.012575,0.013380,0.019703,0.011824,anodr
anodr/a12ca80bb8c7.png,0.927213,0.017586,0.016225,0.022244,0.016731,anodr
anodr/a188c60b93fb.png,0.932552,0.022117,0.015258,0.018778,0.011295,anodr
anodr/a1b28bcbce00.png,0.933773,0.025331,0.010443,0.019807,0.010645,anodr
anodr/a247961a5cd9.png,0.929247,0.020075,0.017908,0.015883,0.016886,anodr
anodr/a2b97d98f130.png,0.934280,0.012831,0.014661,0.026232,0.011996,anodr
anodr/a34fc5376669.png,0.920921,0.019344,0.018239,0.019290,0.022205,anodr
anodr/a419fcb2dfb5.png,0.918850,0.018895,0.016083,0.024775,0.021396,anodr
anodr/a44345b27804.png,0.925994,0.022357,0.015189,0.019920,0.016541,anodr
anodr/a484bdf85b4c.png,0.926296,0.018512,0.015549,0.019407,0.020237,anodr
anodr/a528be013a04.png,0.920916,0.021298,0.017006,0.023499,0.017281,anodr
anodr/a6356a3c5d11.png,0.938933,0.018323,0.012932,0.018681,0.011130,anodr
anodr/a673193cd5a9.png,0.920804,0.026290,0.016578,0.018634,0.017695,anodr
anodr/a6b6d27c1b32.png,0.922160,0.017157,0.018971,0.023202,0.018511,anodr
anodr/a70d0f12a641.png,0.927427,0.019218,0.017420,0.019622,0.016314,anodr
anodr/a73d012c4c38.png,0.930663,0.015675,0.016051,0.018512,0.019100,anodr
anodr/a8263d248523.png,0.949887,0.009201,0.014270,0.014099,0.012542,anodr
anodr/a8b637abd96b.png,0.893539,0.071125,0.008310,0.015985,0.011040,anodr
anodr/a94da3d3b5c0.png,0.933323,0.013739,0.015804,0.019309,0.017825,anodr
anodr/a963ac561580.png,0.927971,0.021763,0.014454,0.019837,0.015974,anodr
anodr/a9b3177f01c0.png,0.939351,0.013907,0.015461,0.017260,0.014021,anodr
anodr/a9bc2f892cb3.png,0.931976,0.020270,0.012756,0.020373,0.014625,anodr
anodr/aa4407aab872.png,0.930831,0.020311,0.014195,0.018990,0.015674,anodr
anodr/aa60813e1a8d.png,0.938866,0.015058,0.014578,0.018407,0.013091,anodr
anodr/aa6242f9e08c.png,0.932611,0.016300,0.016107,0.018829,0.016152,anodr
anodr/aa8a1e814811.png,0.934288,0.018763,0.014564,0.017808,0.014577,anodr
anodr/aaaadb174012.png,0.924912,0.018650,0.019353,0.018828,0.018257,anodr
anodr/aafb0c944f14.png,0.927658,0.020493,0.015301,0.019273,0.017275,anodr
anodr/abbb8791785e.png,0.924823,0.020023,0.015689,0.020167,0.019298,anodr
anodr/abe940882578.png,0.922897,0.023233,0.018408,0.019630,0.015831,anodr
anodr/ad029ba7fa8b.png,0.918188,0.020584,0.018005,0.022133,0.021090,anodr
anodr/ad12cde115ab.png,0.935394,0.015132,0.014667,0.018180,0.016628,anodr
anodr/ad1aa75d5630.png,0.919859,0.019575,0.018808,0.023702,0.018057,anodr
anodr/ad6b07d5c338.png,0.940251,0.013898,0.014948,0.016421,0.014481,anodr
anodr/ad93d88c87ea.png,0.930323,0.017982,0.015574,0.017736,0.018384,anodr
anodr/ae2c3f6312ef.png,0.925514,0.025907,0.015853,0.018010,0.014716,anodr
anodr/ae49cc60f251.png,0.926148,0.020033,0.015839,0.020025,0.017955,anodr
anodr/ae61e19fb766.png,0.929073,0.018664,0.014798,0.020383,0.017081,anodr
anodr/ae94ce412de9.png,0.899320,0.045176,0.023975,0.015206,0.016324,anodr
anodr/aeb6f4fd2eed.png,0.921079,0.021615,0.017129,0.023463,0.016714,anodr
anodr/aec51513cf45.png,0.930862,0.017222,0.014746,0.019714,0.017456,anodr
anodr/af6166d57f13.png,0.929677,0.018624,0.015688,0.018766,0.017245,anodr
anodr/afc744fad65e.png,0.929570,0.018477,0.015764,0.018358,0.017832,anodr
anodr/b0c9a492e068.png,0.928729,0.019719,0.015490,0.020631,0.015431,anodr
anodr/b0f0fa677d5f.png,0.925269,0.020989,0.015301,0.020307,0.018134,anodr
anodr/b1c6f0997e27.png,0.926313,0.018393,0.019747,0.018916,0.016631,anodr
anodr/b21abe5d9722.png,0.927127,0.022479,0.016477,0.018764,0.015153,anodr
anodr/b294927b14b0.png,0.922998,0.021377,0.015188,0.019438,0.021000,anodr
anodr/b35cad8fe2d7.png,0.105058,0.823285,0.056496,0.009845,0.005315,bmilddr
anodr/b43440c6ebe4.png,0.932610,0.021791,0.013026,0.019924,0.012649,anodr
anodr/b4b04d81acbb.png,0.924316,0.021119,0.015786,0.021180,0.017599,anodr
anodr/b549af91bd30.png,0.929859,0.015885,0.015787,0.018004,0.020465,anodr
anodr/b553e7909535.png,0.924059,0.024147,0.016605,0.017808,0.017382,anodr
anodr/b5a3ca5c0a80.png,0.923984,0.024702,0.015713,0.020303,0.015297,anodr
anodr/b5bf7b84fc66.png,0.922196,0.022328,0.017048,0.018938,0.019489,anodr
anodr/b69c224edd6e.png,0.801532,0.106196,0.056939,0.022830,0.012503,anodr
anodr/b72a86d61959.png,0.920709,0.024614,0.015577,0.021149,0.017951,anodr
anodr/b73d0bcd3d33.png,0.929980,0.016168,0.015840,0.019430,0.018582,anodr
anodr/b7bd4a6627b6.png,0.920251,0.024451,0.017478,0.018628,0.019192,anodr
anodr/b86fb2d5be1a.png,0.933639,0.014739,0.015170,0.022387,0.014065,anodr
anodr/b9519abce0c1.png,0.930960,0.018249,0.016388,0.018875,0.015528,anodr
anodr/b9bc81fcb075.png,0.924299,0.020863,0.015465,0.021026,0.018347,anodr
anodr/ba0107fb1bfd.png,0.927278,0.020422,0.015265,0.019263,0.017772,anodr
anodr/ba4e62c11cc0.png,0.923188,0.019955,0.016917,0.020881,0.019059,anodr
anodr/bacfa2b8e706.png,0.931232,0.018578,0.014880,0.018476,0.016833,anodr
anodr/badb5ff8d3c7.png,0.889122,0.062576,0.012906,0.018845,0.016550,anodr
anodr/bb2f89488ecd.png,0.930547,0.021940,0.017132,0.017172,0.013209,anodr
anodr/bc8c6a778cde.png,0.927066,0.020277,0.014682,0.021290,0.016684,anodr
anodr/bd500a73beae.png,0.921522,0.023794,0.016603,0.020142,0.017939,anodr
anodr/bdc6c60e9133.png,0.928232,0.018313,0.015205,0.020865,0.017385,anodr
anodr/be3a7d9e981e.png,0.924624,0.017142,0.016551,0.020277,0.021406,anodr
anodr/be521870a0ea.png,0.944259,0.019317,0.010995,0.015735,0.009693,anodr
anodr/be8697eb2078.png,0.920907,0.021804,0.015891,0.022293,0.019105,anodr
anodr/bebfbd907cac.png,0.926524,0.021134,0.015586,0.019883,0.016874,anodr
anodr/bf811911acf9.png,0.920607,0.024495,0.016712,0.021136,0.017051,anodr
anodr/bffca6eeb2bf.png,0.927904,0.020287,0.015685,0.018181,0.017943,anodr
anodr/c096131ad065.png,0.917332,0.026984,0.024163,0.018450,0.013072,anodr
anodr/c1437a7a52c9.png,0.861259,0.072188,0.037445,0.019711,0.009397,anodr
anodr/c26f98f58350.png,0.930240,0.022020,0.012476,0.020335,0.014929,anodr
anodr/c2f3281cf528.png,0.927657,0.019596,0.016616,0.018363,0.017768,anodr
anodr/c365c598ad4e.png,0.927939,0.017145,0.015332,0.018614,0.020971,anodr
anodr/c3789c1dab96.png,0.926808,0.016661,0.017393,0.020113,0.019025,anodr
anodr/c3b15bf9b4bc.png,0.928916,0.022890,0.014580,0.017769,0.015845,anodr
anodr/c56293f53191.png,0.926783,0.021868,0.014343,0.020444,0.016563,anodr
anodr/c58971bcebb2.png,0.952689,0.013175,0.011534,0.012738,0.009864,anodr
anodr/c5bec7f1e5f3.png,0.928652,0.018438,0.015613,0.019429,0.017868,anodr
anodr/c6229222bf22.png,0.929395,0.020027,0.014850,0.018914,0.016815,anodr
anodr/c62cef02efa2.png,0.920515,0.021824,0.017767,0.021122,0.018773,anodr
anodr/c639d837f5e4.png,0.931128,0.018029,0.014334,0.018761,0.017748,anodr
anodr/c6f5b5b5be41.png,0.918680,0.023307,0.018357,0.020163,0.019494,anodr
anodr/c755a0c4edcc.png,0.926739,0.018736,0.016193,0.022574,0.015758,anodr
anodr/c7c3d363bc86.png,0.936462,0.021706,0.012450,0.015912,0.013470,anodr
anodr/c81c6911f5e0.png,0.932184,0.016862,0.014915,0.017638,0.018400,anodr
anodr/c85b79d70079.png,0.927358,0.036415,0.017516,0.010257,0.008454,anodr
anodr/c90c6b94cf40.png,0.901477,0.022865,0.036039,0.015333,0.024287,anodr
anodr/c98f623d08d1.png,0.921437,0.020234,0.017780,0.019981,0.020568,anodr
anodr/c9e697117f3f.png,0.918426,0.026562,0.015226,0.014978,0.024807,anodr
anodr/ca05f7e7801b.png,0.924621,0.020968,0.015625,0.020589,0.018197,anodr
anodr/cad5b1a82e60.png,0.938280,0.015616,0.014214,0.016099,0.015790,anodr
anodr/cb0cc98d7e35.png,0.088175,0.649839,0.138844,0.014605,0.108537,bmilddr
anodr/cb68fce07789.png,0.922973,0.019508,0.016373,0.021951,0.019195,anodr
anodr/cc671a73e1cb.png,0.926829,0.024021,0.016694,0.016186,0.016269,anodr
anodr/cd01672507c9.png,0.946976,0.012004,0.013109,0.016620,0.011291,anodr
anodr/cd1c98ec48b1.png,0.925312,0.018797,0.017007,0.020507,0.018377,anodr
anodr/cd314653a4d8.png,0.929458,0.015930,0.016949,0.020365,0.017299,anodr
anodr/ce754234d760.png,0.925631,0.018527,0.017029,0.019854,0.018958,anodr
anodr/ce8d2efd9d4f.png,0.928134,0.018226,0.016383,0.019386,0.017871,anodr
anodr/cec299c2a2d5.png,0.945031,0.012807,0.015022,0.014756,0.012384,anodr
anodr/cf6551521a35.png,0.927621,0.017125,0.017304,0.018583,0.019368,anodr
anodr/cf8f1bc7a215.png,0.924461,0.027325,0.018061,0.014977,0.015175,anodr
anodr/cfed7c1172ec.png,0.922353,0.020435,0.017560,0.021427,0.018225,anodr
anodr/cff262ed8f4c.png,0.942077,0.013457,0.012658,0.018925,0.012883,anodr
anodr/d02b79fc3200.png,0.919750,0.021995,0.016549,0.022069,0.019638,anodr
anodr/d18f6431ebce.png,0.930983,0.018706,0.014232,0.019833,0.016246,anodr
anodr/d1afdb8cf70d.png,0.908996,0.029751,0.020284,0.021075,0.019893,anodr
anodr/d1ca85af57c9.png,0.924463,0.021648,0.014751,0.020324,0.018814,anodr
anodr/d26bb2ed6e71.png,0.927959,0.016568,0.016910,0.019267,0.019296,anodr
anodr/d26bc6e1230d.png,0.920842,0.021546,0.017479,0.019533,0.020600,anodr
anodr/d27ac9e54901.png,0.922247,0.021668,0.016686,0.020637,0.018762,anodr
anodr/d2c5fb82fe5f.png,0.923208,0.020416,0.016543,0.021265,0.018568,anodr
anodr/d2fb715b0c41.png,0.926954,0.021110,0.014385,0.019299,0.018252,anodr
anodr/d30d079e6f9a.png,0.935660,0.018418,0.012928,0.018144,0.014851,anodr
anodr/d332d7b8a26e.png,0.928488,0.020110,0.016755,0.017873,0.016774,anodr
anodr/d38cf0f4a9af.png,0.921329,0.023308,0.016421,0.020179,0.018763,anodr
anodr/d39752cb6e57.png,0.930389,0.017548,0.013365,0.016230,0.022468,anodr
anodr/d3dfd0a2dee6.png,0.929935,0.014562,0.017426,0.020794,0.017283,anodr
anodr/d4583e9525dc.png,0.938136,0.013094,0.014215,0.017754,0.016800,anodr
anodr/d4bc001f7224.png,0.940654,0.013609,0.014113,0.017216,0.014408,anodr
anodr/d516f77d4516.png,0.921109,0.017519,0.018044,0.023065,0.020262,anodr
anodr/d51e5d7484ea.png,0.923176,0.019517,0.016185,0.019992,0.021130,anodr
anodr/d6130f2ec903.png,0.946176,0.016364,0.011142,0.015347,0.010972,anodr
anodr/d667af5742f6.png,0.933278,0.017285,0.014943,0.017438,0.017057,anodr
anodr/d69698f838db.png,0.918213,0.024394,0.017218,0.021571,0.018604,anodr
anodr/d6f6bdfd8011.png,0.923069,0.018682,0.018422,0.020264,0.019562,anodr
anodr/d7078e8b0349.png,0.931680,0.015497,0.016027,0.019656,0.017139,anodr
anodr/d74ccc796517.png,0.931800,0.018726,0.017145,0.017595,0.014734,anodr
anodr/d7ac4a0c9760.png,0.927590,0.019387,0.015995,0.018687,0.018341,anodr
anodr/d7bc62d60e8c.png,0.944769,0.016248,0.012072,0.015747,0.011164,anodr
anodr/d807c53c1399.png,0.922700,0.021634,0.017180,0.021369,0.017116,anodr
anodr/d866c26d76f0.png,0.924956,0.019709,0.016745,0.021801,0.016790,anodr
anodr/d91635f380b4.png,0.934887,0.012852,0.013987,0.016805,0.021468,anodr
anodr/d93b61dc8f64.png,0.928530,0.014086,0.018552,0.024848,0.013985,anodr
anodr/d97911a32918.png,0.929963,0.016318,0.017253,0.017897,0.018569,anodr
anodr/da0a83f074f3.png,0.929385,0.023671,0.014070,0.016984,0.015890,anodr
anodr/da9574d35b82.png,0.932585,0.019290,0.012392,0.022488,0.013244,anodr
anodr/daad7b617f21.png,0.930185,0.023254,0.023459,0.013480,0.009620,anodr
anodr/db3cd58aa315.png,0.932825,0.017665,0.014119,0.019617,0.015774,anodr
anodr/dc0f6e5b489b.png,0.920695,0.019872,0.016708,0.022304,0.020421,anodr
anodr/dcc6c0ad5cad.png,0.936015,0.015627,0.014517,0.018525,0.015316,anodr
anodr/dccdf750c962.png,0.929024,0.019040,0.014575,0.020036,0.017326,anodr
anodr/dcf109df1a2b.png,0.927397,0.020733,0.014243,0.019745,0.017882,anodr
anodr/ddb222ff7c1d.png,0.930376,0.015413,0.017155,0.020004,0.017052,anodr
anodr/de4cdabbce6d.png,0.931134,0.016801,0.016829,0.019043,0.016192,anodr
anodr/de55ed25e0e8.png,0.931472,0.020704,0.015022,0.017744,0.015058,anodr
anodr/de57c9e9fa93.png,0.857505,0.099377,0.016270,0.019397,0.007450,anodr
anodr/dee31065f8fe.png,0.921554,0.022388,0.016582,0.019590,0.019885,anodr
anodr/df0886f1e76b.png,0.919459,0.021507,0.018525,0.021610,0.018898,anodr
anodr/e01b7bac822b.png,0.930620,0.018162,0.015199,0.021163,0.014857,anodr
anodr/e06cccc08c59.png,0.921374,0.024397,0.016488,0.020990,0.016750,anodr
anodr/e135d7ba9a0e.png,0.922622,0.021226,0.017380,0.020707,0.018066,anodr
anodr/e1c02f6c3362.png,0.931116,0.016789,0.015929,0.018952,0.017214,anodr
anodr/e3cd96cb094c.png,0.937477,0.013310,0.014349,0.020317,0.014547,anodr
anodr/e47452069ea1.png,0.895466,0.044946,0.021021,0.021588,0.016980,anodr
anodr/e4a44f9158dc.png,0.922412,0.022211,0.016436,0.019703,0.019238,anodr
anodr/e4ae1ee6aada.png,0.929678,0.017444,0.015579,0.017923,0.019376,anodr
anodr/e529c5757d64.png,0.933304,0.017564,0.014094,0.017687,0.017351,anodr
anodr/e582e56e7942.png,0.918806,0.023921,0.017516,0.019821,0.019935,anodr
anodr/e594c19e2e1d.png,0.929749,0.017121,0.015412,0.019789,0.017929,anodr
anodr/e68746d426b2.png,0.947561,0.014852,0.011141,0.016705,0.009741,anodr
anodr/e6a5e4718873.png,0.925579,0.020291,0.015559,0.019805,0.018766,anodr
anodr/e77a93c3d9a9.png,0.937744,0.014610,0.013476,0.019423,0.014746,anodr
anodr/e893e86dde94.png,0.924761,0.020231,0.015601,0.021050,0.018358,anodr
anodr/e8e44b3160e3.png,0.926621,0.021455,0.015663,0.019260,0.017000,anodr
anodr/e907d23cce3d.png,0.924346,0.016825,0.018387,0.021021,0.019421,anodr
anodr/e966850247f4.png,0.931534,0.016879,0.016145,0.019401,0.016041,anodr
anodr/e97ecf4355cb.png,0.921213,0.021421,0.018075,0.020495,0.018796,anodr
anodr/ea5c42a78979.png,0.921755,0.023968,0.017184,0.019669,0.017423,anodr
anodr/ea6a53e54d0f.png,0.934299,0.024115,0.012411,0.017821,0.011354,anodr
anodr/ea7e21bab610.png,0.931015,0.018386,0.014213,0.019793,0.016593,anodr
anodr/eabf421f94d0.png,0.929449,0.017611,0.016886,0.019289,0.016764,anodr
anodr/eae70f527755.png,0.891334,0.040369,0.021636,0.021614,0.025046,anodr
anodr/eb050765b323.png,0.932189,0.018966,0.013958,0.018338,0.016549,anodr
anodr/eb175669d789.png,0.939242,0.017967,0.012803,0.016750,0.013239,anodr
anodr/ebd96d853918.png,0.913767,0.024199,0.018503,0.023973,0.019557,anodr
anodr/ec01f0862669.png,0.922182,0.022891,0.016625,0.021130,0.017173,anodr
anodr/ec0c9f817b03.png,0.927842,0.019076,0.015265,0.018067,0.019749,anodr
anodr/ecad6845f630.png,0.936746,0.015204,0.014177,0.019945,0.013929,anodr
anodr/ee77763a6afb.png,0.927521,0.020264,0.014209,0.020075,0.017931,anodr
anodr/ef247f28004f.png,0.930617,0.016453,0.016303,0.019733,0.016894,anodr
anodr/ef4121e9bb67.png,0.925317,0.021497,0.015298,0.020030,0.017859,anodr
anodr/ef5155990874.png,0.926025,0.022754,0.015972,0.019880,0.015369,anodr
anodr/f0267c42907c.png,0.920290,0.023892,0.015781,0.023015,0.017022,anodr
anodr/f02956bd7c50.png,0.931014,0.015470,0.015854,0.020303,0.017359,anodr
anodr/f233638e0e90.png,0.940126,0.020691,0.010944,0.017875,0.010365,anodr
anodr/f36cb007a1ef.png,0.926092,0.019804,0.015896,0.019998,0.018210,anodr
anodr/f3a4751af42e.png,0.929855,0.024091,0.017187,0.016892,0.011975,anodr
anodr/f3bb996b45ce.png,0.916759,0.025060,0.018069,0.019097,0.021015,anodr
anodr/f451eee2b66b.png,0.929996,0.019483,0.015354,0.019058,0.016109,anodr
anodr/f48241b0c995.png,0.931467,0.015849,0.015943,0.018636,0.018105,anodr
anodr/f4c7ae514c54.png,0.926178,0.021187,0.015037,0.020746,0.016852,anodr
anodr/f56ff0440ed1.png,0.940960,0.012519,0.014555,0.019681,0.012286,anodr
anodr/f7116e7b2f4e.png,0.926249,0.020180,0.015544,0.019531,0.018497,anodr
anodr/f7735b6d47f7.png,0.928124,0.018449,0.014271,0.018964,0.020191,anodr
anodr/f7e9fa75c7c1.png,0.929204,0.019357,0.015151,0.018689,0.017598,anodr
anodr/f819c65b803c.png,0.938568,0.013084,0.015199,0.015878,0.017272,anodr
anodr/f85fd4fac887.png,0.937475,0.020944,0.011889,0.016915,0.012777,anodr
anodr/f8d62557ad0c.png,0.936132,0.028566,0.011502,0.016729,0.007072,anodr
anodr/f9d8ff3e6592.png,0.941231,0.016161,0.013671,0.014844,0.014093,anodr
anodr/fa0c87bd75ce.png,0.944038,0.015752,0.013534,0.016436,0.010240,anodr
anodr/fa573163dd8b.png,0.920542,0.019668,0.018749,0.020416,0.020625,anodr
anodr/fb88783de055.png,0.909464,0.032264,0.021776,0.015009,0.021488,anodr
anodr/fbdc796290d4.png,0.916870,0.026802,0.017360,0.018665,0.020303,anodr
anodr/fc898dfeb24f.png,0.928250,0.015985,0.015823,0.020731,0.019211,anodr
anodr/fcc32dffd24d.png,0.927838,0.017755,0.016034,0.020740,0.017633,anodr
anodr/fd079d2e93a2.png,0.916646,0.023371,0.016611,0.022286,0.021086,anodr
anodr/fd87b6b2e664.png,0.930878,0.016303,0.015882,0.019028,0.017909,anodr
anodr/fdbc252813b1.png,0.926201,0.018344,0.015932,0.021656,0.017868,anodr
anodr/fe3f62695b2d.png,0.930027,0.016379,0.017242,0.019187,0.017165,anodr
anodr/febfb20dc311.png,0.924187,0.021412,0.016802,0.020525,0.017074,anodr
anodr/ff1e940105f9.png,0.926979,0.019367,0.016201,0.018302,0.019151,anodr
anodr/ff4832d55461.png,0.931203,0.015606,0.014375,0.021488,0.017328,anodr
anodr/ff59d44a70a7.png,0.918806,0.023706,0.017991,0.020422,0.019076,anodr
anodr/ff631653374e.png,0.932053,0.016575,0.014182,0.017933,0.019257,anodr
bmilddr/0369f3efe69b.png,0.019338,0.177923,0.742675,0.046179,0.013886,cmoderatedr
bmilddr/03e25101e8e8.png,0.062260,0.225798,0.527423,0.147751,0.036769,cmoderatedr
bmilddr/04ac765f91a1.png,0.006495,0.955163,0.027847,0.006149,0.004346,bmilddr
bmilddr/07929d32b5b3.png,0.021725,0.819597,0.125518,0.025700,0.007459,bmilddr
bmilddr/07a1c7073982.png,0.047417,0.101154,0.678855,0.158329,0.014244,cmoderatedr
bmilddr/086d41d17da8.png,0.008831,0.960372,0.015985,0.009864,0.004948,bmilddr
bmilddr/0ad7f631dedb.png,0.009154,0.321174,0.622531,0.026077,0.021064,cmoderatedr
bmilddr/0d310aba6373.png,0.016253,0.019309,0.793521,0.136086,0.034831,cmoderatedr
bmilddr/1116271db4ea.png,0.006057,0.081633,0.885723,0.016549,0.010037,cmoderatedr
bmilddr/12ce6a1a1f31.png,0.025369,0.586783,0.352870,0.020102,0.014875,bmilddr
bmilddr/1a03a7970337.png,0.048615,0.908372,0.021130,0.015465,0.006418,bmilddr
bmilddr/1bb0ddfe753a.png,0.016625,0.046806,0.883091,0.040629,0.012849,cmoderatedr
bmilddr/27e4c800a449.png,0.015635,0.612324,0.282565,0.052336,0.037140,bmilddr
bmilddr/28f98cfe3858.png,0.010198,0.154722,0.824225,0.006533,0.004323,cmoderatedr
bmilddr/2a08ed6bbcbc.png,0.007388,0.707632,0.263702,0.008053,0.013225,bmilddr
bmilddr/2d9d97a6e713.png,0.245179,0.573549,0.131181,0.024339,0.025751,bmilddr
bmilddr/2f2e1949ad56.png,0.010837,0.962479,0.016017,0.006581,0.004087,bmilddr
bmilddr/33105f9b3a04.png,0.013602,0.815549,0.161158,0.004028,0.005663,bmilddr
bmilddr/35aa7f5c2ec0.png,0.014808,0.778778,0.172120,0.028981,0.005313,bmilddr
bmilddr/365f8c01d994.png,0.057283,0.016360,0.871886,0.021801,0.032670,cmoderatedr
bmilddr/36677b70b1ef.png,0.005077,0.627022,0.327676,0.005508,0.034717,bmilddr
bmilddr/38b9bb961847.png,0.012568,0.066733,0.868351,0.020647,0.031701,cmoderatedr
bmilddr/3c72f580d4ba.png,0.006968,0.102825,0.864354,0.007434,0.018419,cmoderatedr
bmilddr/3dbc90c7ee7d.png,0.011884,0.110573,0.741826,0.099945,0.035771,cmoderatedr
bmilddr/3de8ad4151e1.png,0.012746,0.862377,0.064785,0.004877,0.055215,bmilddr
bmilddr/3f73c91b7e32.png,0.036203,0.907219,0.043281,0.005862,0.007435,bmilddr
bmilddr/40e9b5630438.png,0.049210,0.894019,0.036328,0.014161,0.006281,bmilddr
bmilddr/4661006f3ba6.png,0.059126,0.767652,0.131658,0.020930,0.020634,bmilddr
bmilddr/495255c7492f.png,0.025212,0.197631,0.704872,0.045745,0.026540,cmoderatedr
bmilddr/4c129470cec4.png,0.033157,0.889641,0.063924,0.008043,0.005235,bmilddr
bmilddr/4c3c1ed09771.png,0.050210,0.645207,0.248936,0.039535,0.016112,bmilddr
bmilddr/4fa26d065ad3.png,0.042556,0.897406,0.029646,0.010043,0.020349,bmilddr
bmilddr/50840c36f0b4.png,0.098454,0.272107,0.420387,0.204967,0.004084,cmoderatedr
bmilddr/51131b48f9d4.png,0.022848,0.017238,0.916276,0.039596,0.004042,cmoderatedr
bmilddr/523b3f0fc646.png,0.284162,0.064029,0.083656,0.235110,0.333043,eproliferativedr
bmilddr/52ae917fcea4.png,0.040732,0.047651,0.856738,0.044472,0.010407,cmoderatedr
bmilddr/5347b4c8e9b3.png,0.014917,0.958062,0.015148,0.006311,0.005562,bmilddr
bmilddr/5548a7961a3e.png,0.913329,0.031610,0.025496,0.016025,0.013541,anodr
bmilddr/55eac26bd383.png,0.068259,0.875793,0.024854,0.022761,0.008332,bmilddr
bmilddr/58184d6fd087.png,0.025210,0.805067,0.142944,0.007680,0.019099,bmilddr
bmilddr/582115961a3d.png,0.024693,0.620951,0.042173,0.069171,0.243013,bmilddr
bmilddr/5b068765e846.png,0.133259,0.810626,0.036608,0.013098,0.006409,bmilddr
bmilddr/5cab3ef4b31c.png,0.080157,0.342210,0.253312,0.309932,0.014390,bmilddr
bmilddr/63a03880939c.png,0.020714,0.632554,0.328981,0.007795,0.009956,bmilddr
bmilddr/64eb5a79dfdd.png,0.020332,0.333724,0.560379,0.061756,0.023808,cmoderatedr
bmilddr/65e51e18242b.png,0.848412,0.106570,0.009931,0.024004,0.011083,anodr
bmilddr/68332fdcaa70.png,0.003343,0.857455,0.128561,0.004769,0.005872,bmilddr
bmilddr/6b07971c3bf6.png,0.370303,0.193558,0.398119,0.018957,0.019063,cmoderatedr
bmilddr/6cdd0f985270.png,0.015812,0.031208,0.926051,0.015324,0.011604,cmoderatedr
bmilddr/6d292ca4c9ad.png,0.036676,0.881873,0.047192,0.028343,0.005915,bmilddr
bmilddr/6ea07d19b4ce.png,0.037840,0.374029,0.557985,0.025341,0.004805,cmoderatedr
bmilddr/71f6a6e4620a.png,0.016047,0.121565,0.774394,0.046329,0.041664,cmoderatedr
bmilddr/76be29bb30b2.png,0.474617,0.461624,0.027408,0.026351,0.010000,anodr
bmilddr/76e589911303.png,0.060986,0.913760,0.016531,0.003622,0.005101,bmilddr
bmilddr/78bcdffb8785.png,0.034515,0.732730,0.194640,0.023634,0.014481,bmilddr
bmilddr/79ce83c07588.png,0.024740,0.935303,0.024148,0.011624,0.004185,bmilddr
bmilddr/7ae69d22075a.png,0.757313,0.159072,0.041088,0.020157,0.022370,anodr
bmilddr/7b20210d9120.png,0.008366,0.048605,0.924211,0.007403,0.011415,cmoderatedr
bmilddr/7f60f2a083d3.png,0.028319,0.322840,0.563126,0.020201,0.065515,cmoderatedr
bmilddr/84a72e15b23c.png,0.013422,0.388274,0.518511,0.024278,0.055515,cmoderatedr
bmilddr/8676427e4625.png,0.023773,0.686246,0.245228,0.031556,0.013197,bmilddr
bmilddr/8bc6716c2238.png,0.794356,0.077637,0.105917,0.013213,0.008877,anodr
bmilddr/8fc09fecd22f.png,0.005004,0.893080,0.091267,0.005478,0.005172,bmilddr
bmilddr/90c982cc2d96.png,0.019921,0.749626,0.221023,0.005333,0.004096,bmilddr
bmilddr/92d9e9f08709.png,0.012571,0.779953,0.182303,0.019523,0.005649,bmilddr
bmilddr/94372043d55b.png,0.085864,0.866580,0.024797,0.013794,0.008965,bmilddr
bmilddr/94b1d8ad35ec.png,0.009714,0.632114,0.330583,0.022228,0.005362,bmilddr
bmilddr/95a4cc805c7b.png,0.605158,0.123158,0.216155,0.044339,0.011192,anodr
bmilddr/977e1ca77653.png,0.011245,0.890984,0.088020,0.003533,0.006218,bmilddr
bmilddr/99132193eaa0.png,0.013814,0.097943,0.829756,0.032148,0.026339,cmoderatedr
bmilddr/a28bfb772f50.png,0.011219,0.052133,0.820874,0.023707,0.092068,cmoderatedr
bmilddr/a3ad6c2db6f1.png,0.016736,0.765086,0.151906,0.035216,0.031056,bmilddr
bmilddr/a3d2a0c4cd17.png,0.008262,0.010407,0.881011,0.053263,0.047058,cmoderatedr
bmilddr/a47432cd41e7.png,0.009538,0.943853,0.039257,0.003243,0.004109,bmilddr
bmilddr/a5a2a7003d60.png,0.051037,0.783508,0.127333,0.015034,0.023088,bmilddr
bmilddr/ad1f7445b1a8.png,0.017522,0.507883,0.426196,0.021356,0.027042,bmilddr
bmilddr/af133a85ea0c.png,0.008658,0.934859,0.042541,0.011373,0.002569,bmilddr
bmilddr/b7278b4f2448.png,0.023076,0.730056,0.205496,0.035229,0.006143,bmilddr
bmilddr/b8ebedd382de.png,0.009538,0.943853,0.039257,0.003243,0.004109,bmilddr
bmilddr/bacfb1029f6b.png,0.015889,0.074975,0.878628,0.024359,0.006149,cmoderatedr
bmilddr/bebb3f167654.png,0.015520,0.955775,0.017723,0.004237,0.006744,bmilddr
bmilddr/c027e5482e8c.png,0.014881,0.887177,0.082271,0.008282,0.007389,bmilddr
bmilddr/c0968d41eb93.png,0.041457,0.062187,0.831620,0.027870,0.036866,cmoderatedr
bmilddr/c0f15fe3b4b7.png,0.011593,0.889002,0.076875,0.017655,0.004874,bmilddr
bmilddr/c102db7634d8.png,0.037917,0.915530,0.032413,0.010241,0.003900,bmilddr
bmilddr/c1e6fa1ad314.png,0.018044,0.026437,0.007200,0.055539,0.892781,eproliferativedr
bmilddr/c40976189f22.png,0.017885,0.950031,0.024840,0.004367,0.002877,bmilddr
bmilddr/c96f743915b5.png,0.028565,0.421096,0.515235,0.005703,0.029401,cmoderatedr
bmilddr/ca30a97e9d13.png,0.016032,0.616456,0.233682,0.086199,0.047631,bmilddr
bmilddr/ca63fe4f4b52.png,0.012273,0.924989,0.050110,0.006320,0.006308,bmilddr
bmilddr/ca7140ecf389.png,0.023541,0.735255,0.207952,0.019173,0.014079,bmilddr
bmilddr/cc12453ea915.png,0.848412,0.106570,0.009931,0.024004,0.011083,anodr
bmilddr/cf0575534cec.png,0.028310,0.035744,0.919271,0.012429,0.004247,cmoderatedr
bmilddr/cf603a9ef2d5.png,0.006634,0.033920,0.945867,0.006003,0.007576,cmoderatedr
bmilddr/d567a1a22d33.png,0.009146,0.429748,0.540033,0.007854,0.013218,cmoderatedr
bmilddr/d66b6f333dc7.png,0.080704,0.753654,0.114530,0.039741,0.011371,bmilddr
bmilddr/d66ccb75ada1.png,0.018137,0.072070,0.726123,0.173017,0.010653,cmoderatedr
bmilddr/db4ed1e07aa3.png,0.031658,0.910260,0.038600,0.010455,0.009028,bmilddr
bmilddr/dd19428c3d29.png,0.017448,0.903729,0.057908,0.010638,0.010277,bmilddr
bmilddr/e38f3a65b02b.png,0.023267,0.191135,0.601163,0.167193,0.017242,cmoderatedr
bmilddr/e580676516b0.png,0.008085,0.042607,0.933923,0.011707,0.003677,cmoderatedr
bmilddr/ea15a290eb96.png,0.904293,0.049626,0.011878,0.019532,0.014671,anodr
bmilddr/ead23cc922ed.png,0.008804,0.852699,0.126771,0.005338,0.006387,bmilddr
bmilddr/eeb231c3ef1f.png,0.028460,0.616875,0.315246,0.013456,0.025963,bmilddr
bmilddr/f481f76a6b75.png,0.013539,0.019054,0.903398,0.034896,0.029112,cmoderatedr
bmilddr/f55e1d2a19e4.png,0.006835,0.033449,0.933265,0.012488,0.013962,cmoderatedr
bmilddr/f5650eb52640.png,0.004130,0.970322,0.018058,0.004150,0.003340,bmilddr
bmilddr/f7fec8935126.png,0.008707,0.015595,0.815913,0.029964,0.129821,cmoderatedr
bmilddr/fca931da5c5e.png,0.019889,0.871035,0.088703,0.009394,0.010979,bmilddr
bmilddr/fe674c2f73f5.png,0.315565,0.645755,0.007957,0.019842,0.010880,bmilddr
bmilddr/fecf4c5ae84b.png,0.006637,0.337288,0.639503,0.006260,0.010312,cmoderatedr
cmoderatedr/00b74780d31d.png,0.003188,0.007265,0.980501,0.003913,0.005133,cmoderatedr
cmoderatedr/00e4ddff966a.png,0.033392,0.136428,0.797951,0.019538,0.012692,cmoderatedr
cmoderatedr/0180bfa26c0b.png,0.012666,0.021713,0.654342,0.148183,0.163095,cmoderatedr
cmoderatedr/01eb826f6467.png,0.009501,0.077547,0.702129,0.040537,0.170286,cmoderatedr
cmoderatedr/033f2b43de6d.png,0.008847,0.002543,0.928980,0.035949,0.023682,cmoderatedr
cmoderatedr/03676c71ed1b.png,0.006938,0.026928,0.922341,0.019770,0.024023,cmoderatedr
cmoderatedr/03ff7d159f10.png,0.008196,0.035521,0.926887,0.013187,0.016208,cmoderatedr
cmoderatedr/0415fc68b176.png,0.003277,0.004357,0.975268,0.012262,0.004837,cmoderatedr
cmoderatedr/04a6fc58dabc.png,0.006625,0.016364,0.946712,0.024407,0.005892,cmoderatedr
cmoderatedr/06024377d573.png,0.028093,0.021646,0.530840,0.340896,0.078526,cmoderatedr
cmoderatedr/09eeafa9656a.png,0.009960,0.032260,0.921444,0.020916,0.015420,cmoderatedr
cmoderatedr/09f6ab477654.png,0.007059,0.015012,0.922473,0.036372,0.019085,cmoderatedr
cmoderatedr/0afdfe5f422c.png,0.008826,0.088466,0.859990,0.024875,0.017843,cmoderatedr
cmoderatedr/0d0a21fd354f.png,0.017669,0.019583,0.931911,0.012360,0.018478,cmoderatedr
cmoderatedr/0dbaa09a458c.png,0.024333,0.069911,0.824946,0.073611,0.007199,cmoderatedr
cmoderatedr/0e75d51152fc.png,0.653410,0.261498,0.044262,0.030424,0.010407,anodr
cmoderatedr/0fffa73e2402.png,0.010907,0.035361,0.917169,0.019257,0.017306,cmoderatedr
cmoderatedr/10eefba568dd.png,0.042592,0.223692,0.700073,0.021169,0.012473,cmoderatedr
cmoderatedr/1120f6d08d95.png,0.047250,0.369977,0.556315,0.018201,0.008257,cmoderatedr
cmoderatedr/1124ffcd76c2.png,0.025989,0.012525,0.932697,0.018135,0.010653,cmoderatedr
cmoderatedr/12025b34deb8.png,0.017318,0.008554,0.850570,0.082524,0.041034,cmoderatedr
cmoderatedr/13063d1bc4ea.png,0.023902,0.046904,0.846273,0.034201,0.048720,cmoderatedr
cmoderatedr/1414128bead0.png,0.012102,0.013432,0.908345,0.055179,0.010942,cmoderatedr
cmoderatedr/141735b57ec0.png,0.016876,0.132108,0.737640,0.078573,0.034803,cmoderatedr
cmoderatedr/14515b8f19b6.png,0.020498,0.054326,0.901944,0.012612,0.010620,cmoderatedr
cmoderatedr/15528e740543.png,0.026265,0.020728,0.869394,0.068207,0.015405,cmoderatedr
cmoderatedr/15cd5f52d300.png,0.026050,0.025200,0.455961,0.428765,0.064025,cmoderatedr
cmoderatedr/1632c4311fc9.png,0.012428,0.073672,0.873532,0.030860,0.009508,cmoderatedr
cmoderatedr/18323d8f2470.png,0.011826,0.009668,0.533699,0.386767,0.058040,cmoderatedr
cmoderatedr/18d8fdb140b7.png,0.009387,0.012846,0.887989,0.054293,0.035485,cmoderatedr
cmoderatedr/1968183f0e61.png,0.009042,0.017777,0.935241,0.023908,0.014032,cmoderatedr
cmoderatedr/1a1b4b2450ca.png,0.012676,0.005659,0.952898,0.026287,0.002481,cmoderatedr
cmoderatedr/1ae8c165fd53.png,0.017074,0.427103,0.531697,0.012574,0.011552,cmoderatedr
cmoderatedr/1b8ad0afe9fb.png,0.164936,0.332430,0.476580,0.019475,0.006579,cmoderatedr
cmoderatedr/1bea04b2bb2d.png,0.004833,0.013158,0.956282,0.015197,0.010529,cmoderatedr
cmoderatedr/1c0e5dd1b14c.png,0.010531,0.010633,0.900537,0.062718,0.015581,cmoderatedr
cmoderatedr/1c578b72d7b3.png,0.011212,0.028664,0.936043,0.011058,0.013024,cmoderatedr
cmoderatedr/1c5ad36fb799.png,0.094671,0.097690,0.523809,0.161232,0.122597,cmoderatedr
cmoderatedr/1da25637859b.png,0.011022,0.015797,0.863288,0.078755,0.031137,cmoderatedr
cmoderatedr/1dbdc32c17db.png,0.030397,0.033141,0.710532,0.175953,0.049976,cmoderatedr
cmoderatedr/1dd9adcbfff4.png,0.028465,0.017737,0.855208,0.073643,0.024946,cmoderatedr
cmoderatedr/1dfbede13143.png,0.008375,0.008204,0.929703,0.033538,0.020180,cmoderatedr
cmoderatedr/1e4b3b823b95.png,0.032601,0.016219,0.349211,0.492594,0.109376,dseveredr
cmoderatedr/203275daf46d.png,0.012124,0.272361,0.623713,0.037041,0.054761,cmoderatedr
cmoderatedr/20688cb25704.png,0.011113,0.048335,0.787212,0.121814,0.031527,cmoderatedr
cmoderatedr/224bb938e2dd.png,0.022784,0.010924,0.790363,0.113767,0.062162,cmoderatedr
cmoderatedr/236f56771ec6.png,0.010290,0.040322,0.782246,0.063914,0.103228,cmoderatedr
cmoderatedr/246e4506824a.png,0.005309,0.007619,0.976472,0.006290,0.004309,cmoderatedr
cmoderatedr/2532613a584a.png,0.013907,0.020068,0.883108,0.065646,0.017271,cmoderatedr
cmoderatedr/261c6bd63bff.png,0.015037,0.015515,0.958509,0.006323,0.004615,cmoderatedr
cmoderatedr/26453eb7e989.png,0.027003,0.018224,0.669163,0.267493,0.018118,cmoderatedr
cmoderatedr/290ecdba359f.png,0.022158,0.013871,0.685182,0.205033,0.073755,cmoderatedr
cmoderatedr/29580bed2f7d.png,0.009833,0.040247,0.831538,0.062397,0.055986,cmoderatedr
cmoderatedr/29f44aea93a4.png,0.021228,0.034880,0.771746,0.130622,0.041524,cmoderatedr
cmoderatedr/2a099b247b10.png,0.011047,0.007525,0.859284,0.086246,0.035898,cmoderatedr
cmoderatedr/2a5a8b744f08.png,0.026053,0.346845,0.563699,0.028445,0.034959,cmoderatedr
cmoderatedr/2af1bf226f51.png,0.014763,0.040140,0.934724,0.004416,0.005957,cmoderatedr
cmoderatedr/2b074afdf626.png,0.014247,0.742300,0.197859,0.036647,0.008946,bmilddr
cmoderatedr/2b21d293fdf2.png,0.009053,0.036759,0.889783,0.053418,0.010988,cmoderatedr
cmoderatedr/2ba0b0d9bda2.png,0.027268,0.015889,0.413245,0.271021,0.272576,cmoderatedr
cmoderatedr/2c2aa057afc5.png,0.010457,0.010679,0.757042,0.151659,0.070165,cmoderatedr
cmoderatedr/2cbfc6182ba2.png,0.068823,0.025908,0.440991,0.238720,0.225559,cmoderatedr
cmoderatedr/2e26762daed5.png,0.021960,0.310477,0.575215,0.024272,0.068076,cmoderatedr
cmoderatedr/2e79041ef722.png,0.009098,0.010885,0.954951,0.014192,0.010873,cmoderatedr
cmoderatedr/2f5c9cdfb333.png,0.020244,0.019338,0.108259,0.803826,0.048333,dseveredr
cmoderatedr/2fdffb6160a6.png,0.006189,0.077280,0.882228,0.022790,0.011513,cmoderatedr
cmoderatedr/302bcdb635ff.png,0.008385,0.064966,0.900239,0.016972,0.009438,cmoderatedr
cmoderatedr/331b87d1b9d1.png,0.010529,0.010136,0.915946,0.029535,0.033854,cmoderatedr
cmoderatedr/3402124408ea.png,0.010116,0.080018,0.768661,0.031908,0.109297,cmoderatedr
cmoderatedr/362c4a96cebb.png,0.011849,0.021503,0.848870,0.076569,0.041209,cmoderatedr
cmoderatedr/37de05ef12a5.png,0.013403,0.011793,0.837381,0.114488,0.022935,cmoderatedr
cmoderatedr/39134907127a.png,0.022677,0.023294,0.809469,0.081017,0.063543,cmoderatedr
cmoderatedr/3a122851e526.png,0.027316,0.019852,0.601225,0.323290,0.028316,cmoderatedr
cmoderatedr/3a61e690f4bb.png,0.024901,0.040618,0.728132,0.184792,0.021557,cmoderatedr
cmoderatedr/3b9c1f42c2f2.png,0.023016,0.034058,0.868109,0.063690,0.011127,cmoderatedr
cmoderatedr/3c1efa38d0da.png,0.005370,0.046695,0.939103,0.005263,0.003569,cmoderatedr
cmoderatedr/3c53198519f7.png,0.014653,0.057087,0.870985,0.038383,0.018892,cmoderatedr
cmoderatedr/3d663a6a50a3.png,0.008349,0.052252,0.843040,0.057479,0.038880,cmoderatedr
cmoderatedr/3ddb86eb530e.png,0.052441,0.041600,0.474184,0.399057,0.032718,cmoderatedr
cmoderatedr/3f3de2a6b0f5.png,0.059848,0.045429,0.456654,0.418107,0.019962,cmoderatedr
cmoderatedr/3f8d5c940ba4.png,0.011090,0.005011,0.816637,0.119032,0.048230,cmoderatedr
cmoderatedr/40140a925c43.png,0.011536,0.009513,0.663969,0.204998,0.109985,cmoderatedr
cmoderatedr/4189d4e631ec.png,0.009585,0.004882,0.633757,0.326630,0.025147,cmoderatedr
cmoderatedr/423abbaa5fad.png,0.031694,0.010789,0.345992,0.370596,0.240930,dseveredr
cmoderatedr/4242c0d87f57.png,0.010896,0.005744,0.480366,0.487218,0.015777,dseveredr
cmoderatedr/42b93b574f23.png,0.007769,0.008926,0.863851,0.054956,0.064499,cmoderatedr
cmoderatedr/4489d421e5aa.png,0.007580,0.026009,0.928220,0.027282,0.010909,cmoderatedr
cmoderatedr/46923eea9a4e.png,0.009468,0.022397,0.900105,0.037574,0.030456,cmoderatedr
cmoderatedr/475c7ded0f7a.png,0.017239,0.097723,0.852789,0.019699,0.012550,cmoderatedr
cmoderatedr/4818672273af.png,0.020539,0.164804,0.703344,0.063181,0.048132,cmoderatedr
cmoderatedr/48afe8c47454.png,0.006967,0.005079,0.932853,0.033157,0.021943,cmoderatedr
cmoderatedr/48c49f662f7d.png,0.011801,0.014815,0.910297,0.041900,0.021188,cmoderatedr
cmoderatedr/48fda42bd5d4.png,0.017268,0.022777,0.860456,0.082453,0.017046,cmoderatedr
cmoderatedr/49a4765f8822.png,0.014821,0.022815,0.916358,0.037705,0.008301,cmoderatedr
cmoderatedr/4a0bba3b7d83.png,0.007212,0.014692,0.904133,0.018556,0.055407,cmoderatedr
cmoderatedr/4b1001050f1d.png,0.047086,0.861364,0.068974,0.019037,0.003539,bmilddr
cmoderatedr/4b5ffea77373.png,0.009575,0.012138,0.938087,0.021231,0.018969,cmoderatedr
cmoderatedr/4ed31cc07366.png,0.012489,0.055901,0.887659,0.037178,0.006773,cmoderatedr
cmoderatedr/4f46d7ee61ed.png,0.015048,0.006758,0.839144,0.103046,0.036005,cmoderatedr
cmoderatedr/510aa0a898fa.png,0.006707,0.014785,0.970102,0.004850,0.003556,cmoderatedr
cmoderatedr/51405d042000.png,0.028161,0.023412,0.448931,0.309769,0.189727,cmoderatedr
cmoderatedr/5152bf091152.png,0.012358,0.034038,0.845873,0.033625,0.074106,cmoderatedr
cmoderatedr/51d0034d177d.png,0.017300,0.003314,0.258736,0.667558,0.053092,dseveredr
cmoderatedr/51d780864365.png,0.017492,0.011377,0.073342,0.070382,0.827407,eproliferativedr
cmoderatedr/52230bbef30e.png,0.014842,0.498628,0.430710,0.041219,0.014602,bmilddr
cmoderatedr/5265dc9acdf8.png,0.024269,0.013713,0.463652,0.065637,0.432730,cmoderatedr
cmoderatedr/527bea76116c.png,0.015075,0.014002,0.885890,0.072036,0.012997,cmoderatedr
cmoderatedr/530d78467615.png,0.030012,0.054143,0.791491,0.103126,0.021227,cmoderatedr
cmoderatedr/55034b1dbff2.png,0.023803,0.099251,0.794717,0.042415,0.039814,cmoderatedr
cmoderatedr/55fd453001cc.png,0.009119,0.075527,0.786638,0.093934,0.034782,cmoderatedr
cmoderatedr/5723d0ec895e.png,0.026672,0.355930,0.571270,0.037000,0.009128,cmoderatedr
cmoderatedr/57ce57a8cfb0.png,0.017034,0.026347,0.864512,0.046443,0.045663,cmoderatedr
cmoderatedr/59f3f70abddd.png,0.043032,0.429264,0.480036,0.021301,0.026367,cmoderatedr
cmoderatedr/5a03fe3ed15c.png,0.022280,0.108259,0.532904,0.093768,0.242788,cmoderatedr
cmoderatedr/5a2c27b95c7c.png,0.011315,0.341582,0.595477,0.016589,0.035037,cmoderatedr
cmoderatedr/5b644a403e1f.png,0.028538,0.017134,0.753516,0.135994,0.064819,cmoderatedr
cmoderatedr/5d024177e214.png,0.007066,0.015794,0.935984,0.025247,0.015910,cmoderatedr
cmoderatedr/60e269e3e188.png,0.028960,0.022851,0.462649,0.278820,0.206719,cmoderatedr
cmoderatedr/624fb7317106.png,0.037285,0.008416,0.831066,0.116659,0.006574,cmoderatedr
cmoderatedr/63c3c571b8ee.png,0.030452,0.012627,0.412570,0.435357,0.108995,dseveredr
cmoderatedr/63d217b059b6.png,0.024219,0.056368,0.688829,0.207989,0.022595,cmoderatedr
cmoderatedr/66d2ca47aa44.png,0.016641,0.018426,0.706533,0.231778,0.026622,cmoderatedr
cmoderatedr/674057ab250c.png,0.024625,0.019770,0.545741,0.387861,0.022004,cmoderatedr
cmoderatedr/67844c46bc61.png,0.007475,0.028413,0.927119,0.020594,0.016398,cmoderatedr
cmoderatedr/67c03349bb31.png,0.016263,0.026082,0.862474,0.025344,0.069837,cmoderatedr
cmoderatedr/686ed1dbae20.png,0.025870,0.228228,0.721350,0.006730,0.017821,cmoderatedr
cmoderatedr/69591ebb198d.png,0.016367,0.059451,0.833978,0.048831,0.041373,cmoderatedr
cmoderatedr/698d6e422a80.png,0.038624,0.012769,0.676343,0.211345,0.060918,cmoderatedr
cmoderatedr/6a91eb157f47.png,0.025288,0.013717,0.662282,0.194712,0.104001,cmoderatedr
cmoderatedr/6c2555a9cae4.png,0.021946,0.206547,0.582121,0.013918,0.175469,cmoderatedr
cmoderatedr/6cbc3dad809c.png,0.014138,0.052236,0.896024,0.025166,0.012435,cmoderatedr
cmoderatedr/6dcde47060f9.png,0.009026,0.015423,0.949348,0.008382,0.017822,cmoderatedr
cmoderatedr/6e68e742f5bc.png,0.013928,0.611387,0.336540,0.016560,0.021585,bmilddr
cmoderatedr/6f0463c1ff18.png,0.028803,0.085605,0.841499,0.024417,0.019676,cmoderatedr
cmoderatedr/709784f7fcc2.png,0.031887,0.025562,0.634080,0.180626,0.127843,cmoderatedr
cmoderatedr/70f5caf5f305.png,0.006076,0.017246,0.918295,0.042141,0.016243,cmoderatedr
cmoderatedr/711d1480d2e3.png,0.017357,0.066172,0.855170,0.048674,0.012627,cmoderatedr
cmoderatedr/7350c50667c5.png,0.010642,0.090405,0.882393,0.010894,0.005665,cmoderatedr
cmoderatedr/7356dd08b0ae.png,0.028015,0.009555,0.157567,0.449920,0.354944,dseveredr
cmoderatedr/7455e2b5fc57.png,0.015715,0.022896,0.895098,0.055887,0.010404,cmoderatedr
cmoderatedr/7663aba8d762.png,0.006673,0.193648,0.771288,0.010293,0.018098,cmoderatedr
cmoderatedr/76c0c7e1b6cb.png,0.009883,0.136083,0.807845,0.011141,0.035048,cmoderatedr
cmoderatedr/76cfe8967f7d.png,0.021145,0.137932,0.700081,0.134101,0.006741,cmoderatedr
cmoderatedr/77baa08a1345.png,0.007007,0.007633,0.973437,0.004652,0.007271,cmoderatedr
cmoderatedr/78d53c82a23e.png,0.006884,0.040190,0.879002,0.055965,0.017959,cmoderatedr
cmoderatedr/79540be95177.png,0.014729,0.016953,0.696992,0.159634,0.111691,cmoderatedr
cmoderatedr/7c2f820a6425.png,0.029213,0.030198,0.841450,0.089079,0.010061,cmoderatedr
cmoderatedr/7c52fe73e748.png,0.004356,0.037063,0.938909,0.010331,0.009341,cmoderatedr
cmoderatedr/7d1da90d3ca9.png,0.004865,0.017419,0.968265,0.006961,0.002489,cmoderatedr
cmoderatedr/7e9458de5707.png,0.017741,0.155335,0.472023,0.108198,0.246702,cmoderatedr
cmoderatedr/803120c5d287.png,0.005944,0.033317,0.941459,0.012867,0.006414,cmoderatedr
cmoderatedr/80b5a9519aec.png,0.004645,0.008920,0.919104,0.052217,0.015114,cmoderatedr
cmoderatedr/81b0a2651c45.png,0.014737,0.022423,0.932859,0.023080,0.006902,cmoderatedr
cmoderatedr/82f2784ead76.png,0.026798,0.006130,0.678272,0.233383,0.055416,cmoderatedr
cmoderatedr/83b61051737f.png,0.007226,0.007028,0.939248,0.035050,0.011449,cmoderatedr
cmoderatedr/842d697884f6.png,0.012843,0.046816,0.909912,0.015992,0.014438,cmoderatedr
cmoderatedr/855f0a5442b6.png,0.008514,0.007284,0.939653,0.029520,0.015029,cmoderatedr
cmoderatedr/85cc6d636898.png,0.004823,0.026749,0.948764,0.010828,0.008836,cmoderatedr
cmoderatedr/85fce24084da.png,0.018508,0.015587,0.813701,0.084223,0.067981,cmoderatedr
cmoderatedr/86b3a7929bec.png,0.007654,0.008513,0.878316,0.060958,0.044559,cmoderatedr
cmoderatedr/873fe0404d6e.png,0.039110,0.550903,0.125094,0.053480,0.231413,bmilddr
cmoderatedr/878a3a097436.png,0.008261,0.041591,0.934263,0.007377,0.008509,cmoderatedr
cmoderatedr/879744b9dc65.png,0.021010,0.027513,0.740943,0.160946,0.049589,cmoderatedr
cmoderatedr/8a759f94613a.png,0.013394,0.108459,0.809252,0.022873,0.046021,cmoderatedr
cmoderatedr/8aab201c0691.png,0.006311,0.023806,0.919691,0.036382,0.013810,cmoderatedr
cmoderatedr/8ab8d9b3ce3f.png,0.025261,0.007819,0.795929,0.156906,0.014086,cmoderatedr
cmoderatedr/8bdb891661a8.png,0.392431,0.162309,0.416969,0.013747,0.014544,cmoderatedr
cmoderatedr/8d3d67661620.png,0.006216,0.060287,0.920697,0.006922,0.005878,cmoderatedr
cmoderatedr/8e63fc4ab532.png,0.013936,0.135081,0.758931,0.067697,0.024354,cmoderatedr
cmoderatedr/9033f1493da1.png,0.006150,0.027731,0.954998,0.003375,0.007746,cmoderatedr
cmoderatedr/91a88d3b0358.png,0.012757,0.152804,0.713327,0.037465,0.083647,cmoderatedr
cmoderatedr/91cbe1c775ef.png,0.013457,0.247391,0.695097,0.030576,0.013479,cmoderatedr
cmoderatedr/91e8af9ceee9.png,0.011161,0.020844,0.893009,0.030156,0.044830,cmoderatedr
cmoderatedr/929cd3867815.png,0.266239,0.221319,0.477374,0.019291,0.015777,cmoderatedr
cmoderatedr/92f313287a29.png,0.013563,0.238268,0.699903,0.032874,0.015391,cmoderatedr
cmoderatedr/94dcb491143f.png,0.011584,0.025173,0.929849,0.026043,0.007351,cmoderatedr
cmoderatedr/96d48b073f18.png,0.011094,0.008615,0.741708,0.214785,0.023798,cmoderatedr
cmoderatedr/975252e325e3.png,0.022939,0.458783,0.461998,0.041265,0.015015,cmoderatedr
cmoderatedr/98104c8c67eb.png,0.012717,0.060631,0.769124,0.026706,0.130822,cmoderatedr
cmoderatedr/9837048b85dc.png,0.012225,0.012756,0.857288,0.085551,0.032181,cmoderatedr
cmoderatedr/98e8adcf085c.png,0.007637,0.357120,0.601772,0.016691,0.016779,cmoderatedr
cmoderatedr/98f48850ebce.png,0.037970,0.023323,0.652598,0.274779,0.011331,cmoderatedr
cmoderatedr/9a28d4e8aef0.png,0.009466,0.005430,0.956857,0.023479,0.004768,cmoderatedr
cmoderatedr/9a4f370d341b.png,0.013557,0.009645,0.883961,0.075314,0.017523,cmoderatedr
cmoderatedr/9a78c6a7b1c2.png,0.014604,0.198264,0.756938,0.021865,0.008330,cmoderatedr
cmoderatedr/9b0eb9f41da4.png,0.013738,0.010158,0.478307,0.467344,0.030453,cmoderatedr
cmoderatedr/9b32e8ef0ca0.png,0.008200,0.018242,0.761319,0.108766,0.103473,cmoderatedr
cmoderatedr/9cedf5c7016b.png,0.013515,0.032037,0.857092,0.078994,0.018361,cmoderatedr
cmoderatedr/9f4132bd6ed6.png,0.011830,0.201846,0.743574,0.032527,0.010223,cmoderatedr
cmoderatedr/9f5a8665cf2e.png,0.013146,0.120437,0.593555,0.038043,0.234820,cmoderatedr
cmoderatedr/9faad91b6578.png,0.025981,0.011778,0.868549,0.086296,0.007395,cmoderatedr
cmoderatedr/a0267206d51e.png,0.005549,0.030126,0.938351,0.016924,0.009050,cmoderatedr
cmoderatedr/a125377fb985.png,0.006072,0.010385,0.960723,0.015833,0.006986,cmoderatedr
cmoderatedr/a15590a7d774.png,0.013808,0.457368,0.510938,0.010816,0.007071,cmoderatedr
cmoderatedr/a3475dc3ac80.png,0.036092,0.290266,0.483457,0.047565,0.142621,cmoderatedr
cmoderatedr/a3706ce27869.png,0.040812,0.477062,0.451435,0.019308,0.011383,bmilddr
cmoderatedr/a476fd984005.png,0.013241,0.006364,0.286845,0.594725,0.098825,dseveredr
cmoderatedr/a4d41c495666.png,0.013267,0.019700,0.679149,0.263465,0.024419,cmoderatedr
cmoderatedr/a56729de89e9.png,0.004693,0.022640,0.918344,0.011940,0.042383,cmoderatedr
cmoderatedr/a721efb1e049.png,0.026045,0.005305,0.765502,0.176332,0.026816,cmoderatedr
cmoderatedr/a790a3b36390.png,0.017724,0.112414,0.658908,0.151178,0.059775,cmoderatedr
cmoderatedr/a7b0d0c51731.png,0.008158,0.110673,0.862689,0.009932,0.008548,cmoderatedr
cmoderatedr/a7b7dc8788b9.png,0.028217,0.126962,0.676170,0.142530,0.026122,cmoderatedr
cmoderatedr/a804cef3e51f.png,0.009779,0.802533,0.175644,0.004228,0.007816,bmilddr
cmoderatedr/a8652b2de23f.png,0.007660,0.028091,0.872203,0.051389,0.040656,cmoderatedr
cmoderatedr/a87f53bc984a.png,0.017182,0.061352,0.845480,0.053005,0.022981,cmoderatedr
cmoderatedr/a88f68b0b114.png,0.008968,0.009669,0.936059,0.019527,0.025777,cmoderatedr
cmoderatedr/a8eb35b3bcd2.png,0.007515,0.054842,0.899459,0.018127,0.020057,cmoderatedr
cmoderatedr/a9a28c37c8c4.png,0.011527,0.009628,0.940546,0.029081,0.009219,cmoderatedr
cmoderatedr/aa9b8f05f4bf.png,0.011612,0.071549,0.867889,0.027935,0.021014,cmoderatedr
cmoderatedr/aca88f566228.png,0.008498,0.017262,0.913124,0.038326,0.022791,cmoderatedr
cmoderatedr/ae1344610ebe.png,0.011659,0.007236,0.874613,0.095300,0.011192,cmoderatedr
cmoderatedr/ae8424cdb029.png,0.335480,0.212883,0.305122,0.135626,0.010889,anodr
cmoderatedr/af828dab3ffc.png,0.004415,0.005654,0.982540,0.004228,0.003163,cmoderatedr
cmoderatedr/af831c158744.png,0.020403,0.393528,0.536813,0.041673,0.007583,cmoderatedr
cmoderatedr/af8aa32beee4.png,0.031360,0.014589,0.874548,0.056597,0.022906,cmoderatedr
cmoderatedr/b0cc9f8d06e4.png,0.013586,0.067484,0.882129,0.026403,0.010398,cmoderatedr
cmoderatedr/b187b3c93afb.png,0.012945,0.014344,0.738385,0.136120,0.098206,cmoderatedr
cmoderatedr/b2748ac28fc1.png,0.021066,0.021533,0.324625,0.438229,0.194546,dseveredr
cmoderatedr/b2aaa81cc8f0.png,0.005044,0.019771,0.930278,0.034750,0.010158,cmoderatedr
cmoderatedr/b60dbf9f0744.png,0.014278,0.035348,0.839264,0.075436,0.035674,cmoderatedr
cmoderatedr/b65ff67743b2.png,0.009475,0.026510,0.902132,0.036887,0.024995,cmoderatedr
cmoderatedr/b8f1b30877db.png,0.014887,0.011366,0.647083,0.160010,0.166654,cmoderatedr
cmoderatedr/b9127e38d9b9.png,0.015091,0.004529,0.054857,0.142360,0.783164,eproliferativedr
cmoderatedr/b95d4dd8e5e2.png,0.021433,0.011077,0.772106,0.175286,0.020098,cmoderatedr
cmoderatedr/bca2bdc15fc5.png,0.028623,0.013164,0.850709,0.057770,0.049734,cmoderatedr
cmoderatedr/bcc762618e7d.png,0.017868,0.030531,0.784541,0.129489,0.037571,cmoderatedr
cmoderatedr/bf7047dc683c.png,0.027774,0.010258,0.258730,0.476016,0.227222,dseveredr
cmoderatedr/bfaa0080ab61.png,0.005336,0.022899,0.930993,0.024923,0.015848,cmoderatedr
cmoderatedr/c0202976c670.png,0.025947,0.013543,0.485281,0.404796,0.070433,cmoderatedr
cmoderatedr/c3acf47700ea.png,0.016694,0.009145,0.492146,0.419570,0.062444,cmoderatedr
cmoderatedr/c48ae5da188e.png,0.019478,0.009134,0.690861,0.252320,0.028207,cmoderatedr
cmoderatedr/c52bb7343387.png,0.014451,0.034803,0.856572,0.074481,0.019693,cmoderatedr
cmoderatedr/c6a2975228af.png,0.010031,0.006476,0.967154,0.011610,0.004730,cmoderatedr
cmoderatedr/c7c0470bcf87.png,0.077693,0.005837,0.717557,0.189729,0.009183,cmoderatedr
cmoderatedr/c87493ed320c.png,0.010296,0.006136,0.929406,0.042583,0.011579,cmoderatedr
cmoderatedr/c8823cdaf7fa.png,0.014537,0.027916,0.914837,0.034582,0.008127,cmoderatedr
cmoderatedr/c9f0dc2c8b43.png,0.015797,0.006658,0.706976,0.207050,0.063519,cmoderatedr
cmoderatedr/ca0f1a17c8e5.png,0.011560,0.008932,0.885866,0.065601,0.028041,cmoderatedr
cmoderatedr/ca891d37a43c.png,0.009749,0.017488,0.944305,0.017854,0.010604,cmoderatedr
cmoderatedr/cac40227d3b2.png,0.008281,0.039068,0.911858,0.021195,0.019599,cmoderatedr
cmoderatedr/cb75210abebe.png,0.021553,0.105264,0.860311,0.006183,0.006689,cmoderatedr
cmoderatedr/cd29c88c9e36.png,0.005574,0.008886,0.971510,0.006530,0.007500,cmoderatedr
cmoderatedr/cd3fd04d72f5.png,0.014938,0.011783,0.509372,0.377458,0.086448,cmoderatedr
cmoderatedr/cd9e2190c73f.png,0.018882,0.774293,0.167453,0.034204,0.005168,bmilddr
cmoderatedr/d10d315f123f.png,0.025706,0.080909,0.630398,0.084424,0.178562,cmoderatedr
cmoderatedr/d144144a2f3f.png,0.011440,0.177782,0.784757,0.014922,0.011099,cmoderatedr
cmoderatedr/d15ca3469b87.png,0.011987,0.072212,0.890507,0.018651,0.006643,cmoderatedr
cmoderatedr/d18aea8238a0.png,0.047928,0.358499,0.163445,0.048732,0.381397,eproliferativedr
cmoderatedr/d1f1ea894da1.png,0.010172,0.032013,0.864929,0.053378,0.039508,cmoderatedr
cmoderatedr/d29096bd94aa.png,0.018163,0.877863,0.082364,0.010967,0.010642,bmilddr
cmoderatedr/d83c3efade75.png,0.023149,0.151912,0.681474,0.096583,0.046881,cmoderatedr
cmoderatedr/d85a842d20bd.png,0.018253,0.008207,0.648149,0.210286,0.115106,cmoderatedr
cmoderatedr/d8cdb7d7283a.png,0.015183,0.805146,0.137089,0.020227,0.022355,bmilddr
cmoderatedr/d968a983d4d2.png,0.014343,0.051774,0.887273,0.021792,0.024818,cmoderatedr
cmoderatedr/d990a3f0cbdb.png,0.020145,0.195469,0.623327,0.065455,0.095604,cmoderatedr
cmoderatedr/d9bbdc33db83.png,0.018138,0.009452,0.772958,0.184081,0.015371,cmoderatedr
cmoderatedr/da0a1043abf7.png,0.014271,0.005244,0.786833,0.154501,0.039151,cmoderatedr
cmoderatedr/da44f80b422b.png,0.009720,0.008189,0.906761,0.046080,0.029251,cmoderatedr
cmoderatedr/dee687c6e88a.png,0.020595,0.030003,0.737848,0.182880,0.028673,cmoderatedr
cmoderatedr/df3adfd6ba36.png,0.014525,0.009568,0.854118,0.103627,0.018162,cmoderatedr
cmoderatedr/df5ce3ea7820.png,0.009556,0.046396,0.929754,0.005083,0.009210,cmoderatedr
cmoderatedr/e03e70bc8bba.png,0.020057,0.807337,0.148532,0.007828,0.016246,bmilddr
cmoderatedr/e06d3d4733f0.png,0.032281,0.005814,0.931458,0.022154,0.008292,cmoderatedr
cmoderatedr/e0863b353093.png,0.013349,0.041714,0.847446,0.017797,0.079694,cmoderatedr
cmoderatedr/e10190a9d52f.png,0.017213,0.016488,0.404830,0.517477,0.043991,dseveredr
cmoderatedr/e12b67835e03.png,0.012232,0.037777,0.914154,0.024576,0.011260,cmoderatedr
cmoderatedr/e1e490773462.png,0.005737,0.009513,0.956761,0.016737,0.011252,cmoderatedr
cmoderatedr/e229aca862c7.png,0.021519,0.009291,0.809007,0.148563,0.011620,cmoderatedr
cmoderatedr/e2a47a74e6e1.png,0.078217,0.132847,0.499292,0.126445,0.163199,cmoderatedr
cmoderatedr/e3e490babc0c.png,0.012030,0.032494,0.911758,0.032735,0.010984,cmoderatedr
cmoderatedr/e499434242cc.png,0.009284,0.030967,0.942146,0.012386,0.005218,cmoderatedr
cmoderatedr/e5d56f4f359b.png,0.011116,0.006243,0.935126,0.032570,0.014944,cmoderatedr
cmoderatedr/e6a58edc5b42.png,0.017243,0.098447,0.812900,0.027947,0.043463,cmoderatedr
cmoderatedr/e7a372a1c3a4.png,0.005347,0.116074,0.846728,0.014783,0.017068,cmoderatedr
cmoderatedr/e811f39a1243.png,0.054093,0.061052,0.406925,0.391723,0.086207,cmoderatedr
cmoderatedr/e83d315d8f98.png,0.015345,0.005164,0.354403,0.589177,0.035912,dseveredr
cmoderatedr/ea4dcb055139.png,0.006677,0.005460,0.938372,0.041402,0.008089,cmoderatedr
cmoderatedr/eadfc8809ec8.png,0.008483,0.018776,0.941110,0.013898,0.017734,cmoderatedr
cmoderatedr/eb32a815f78c.png,0.010817,0.082186,0.896390,0.004590,0.006017,cmoderatedr
cmoderatedr/ee059945b08a.png,0.058261,0.035891,0.745484,0.031980,0.128385,cmoderatedr
cmoderatedr/ee6e39319b39.png,0.021885,0.008609,0.368600,0.581234,0.019671,dseveredr
cmoderatedr/ee74c3b177e0.png,0.012750,0.012187,0.783842,0.127617,0.063602,cmoderatedr
cmoderatedr/ef7a4ed8d5d1.png,0.006758,0.010101,0.912961,0.055827,0.014353,cmoderatedr
cmoderatedr/efff2f1a35f5.png,0.023562,0.040466,0.623936,0.060054,0.251983,cmoderatedr
cmoderatedr/f18abfa690ab.png,0.019656,0.157697,0.738857,0.023976,0.059814,cmoderatedr
cmoderatedr/f3b6b7ca1eb1.png,0.012034,0.017874,0.822164,0.070472,0.077456,cmoderatedr
cmoderatedr/f460608cf4cc.png,0.118761,0.609386,0.227794,0.027101,0.016958,bmilddr
cmoderatedr/f5e9a307288c.png,0.015439,0.073299,0.864247,0.022951,0.024064,cmoderatedr
cmoderatedr/f80118bbda18.png,0.010391,0.076587,0.865944,0.036605,0.010472,cmoderatedr
cmoderatedr/f8372e80f731.png,0.012301,0.015068,0.812580,0.108608,0.051442,cmoderatedr
cmoderatedr/f9e779a13204.png,0.012683,0.244827,0.687107,0.044541,0.010842,cmoderatedr
cmoderatedr/fa3e544a7401.png,0.026513,0.032490,0.871656,0.061524,0.007817,cmoderatedr
cmoderatedr/fa748b57262b.png,0.027103,0.016902,0.668159,0.272617,0.015220,cmoderatedr
cmoderatedr/fba493e17448.png,0.022670,0.010737,0.623530,0.322046,0.021016,cmoderatedr
cmoderatedr/fc4d69128e7c.png,0.014029,0.024733,0.834761,0.116756,0.009721,cmoderatedr
cmoderatedr/fe37f4492920.png,0.019204,0.064390,0.789920,0.063780,0.062706,cmoderatedr
cmoderatedr/ff344e5c9341.png,0.007640,0.083099,0.883059,0.017313,0.008889,cmoderatedr
cmoderatedr/ff52392372d3.png,0.006349,0.009300,0.943760,0.013910,0.026680,cmoderatedr
cmoderatedr/ff77e8e5b5f3.png,0.013094,0.833315,0.131405,0.012308,0.009877,bmilddr
dseveredr/069f43616fab.png,0.159010,0.141084,0.031075,0.216429,0.452402,eproliferativedr
dseveredr/070f67572d03.png,0.014235,0.006266,0.551519,0.286426,0.141555,cmoderatedr
dseveredr/0edadb2aa127.png,0.021413,0.007162,0.437455,0.314464,0.219506,cmoderatedr
dseveredr/14e3f84445f7.png,0.015891,0.003761,0.057363,0.417253,0.505732,eproliferativedr
dseveredr/15f440753916.png,0.020001,0.037580,0.512650,0.384608,0.045161,cmoderatedr
dseveredr/1623e8e3adc4.png,0.023282,0.063457,0.805809,0.075449,0.032002,cmoderatedr
dseveredr/191a711852bd.png,0.022610,0.039024,0.009122,0.281086,0.648157,eproliferativedr
dseveredr/269b44e628eb.png,0.014812,0.013840,0.477864,0.378568,0.114915,cmoderatedr
dseveredr/299086c6d1b5.png,0.030037,0.008592,0.660158,0.259151,0.042062,cmoderatedr
dseveredr/2bb063318cf1.png,0.025080,0.063851,0.707333,0.072963,0.130772,cmoderatedr
dseveredr/2f42e20db938.png,0.012237,0.008879,0.497752,0.429236,0.051896,cmoderatedr
dseveredr/3218a6d8eb2c.png,0.014709,0.003547,0.194884,0.551475,0.235384,dseveredr
dseveredr/36865bbc64d6.png,0.043570,0.136974,0.529390,0.068571,0.221495,cmoderatedr
dseveredr/36b5b3c9fb32.png,0.048540,0.023066,0.225719,0.642168,0.060508,dseveredr
dseveredr/383e72af1955.png,0.026318,0.082111,0.724034,0.083012,0.084525,cmoderatedr
dseveredr/3b018e8b7303.png,0.053176,0.042085,0.474387,0.396398,0.033954,cmoderatedr
dseveredr/3fa4f4d77177.png,0.017088,0.010193,0.281475,0.619816,0.071428,dseveredr
dseveredr/405b4f78658f.png,0.022914,0.009034,0.011674,0.609840,0.346538,dseveredr
dseveredr/4360a112db10.png,0.040303,0.532552,0.185526,0.183537,0.058082,bmilddr
dseveredr/498f143c0374.png,0.009245,0.001821,0.033789,0.521468,0.433676,dseveredr
dseveredr/4c60b10a3a6a.png,0.012216,0.011735,0.626279,0.331170,0.018600,cmoderatedr
dseveredr/4d47300e3ddb.png,0.008210,0.002046,0.028678,0.935892,0.025174,dseveredr
dseveredr/4d9fc85a8259.png,0.014784,0.024489,0.008469,0.084084,0.868174,eproliferativedr
dseveredr/51da6aebba8f.png,0.006120,0.002495,0.699923,0.166100,0.125363,cmoderatedr
dseveredr/537e50fdf22e.png,0.010542,0.006872,0.065353,0.748703,0.168529,dseveredr
dseveredr/5f13e8a07344.png,0.014883,0.005282,0.015439,0.821859,0.142538,dseveredr
dseveredr/6253f23229b1.png,0.021145,0.137932,0.700081,0.134101,0.006741,cmoderatedr
dseveredr/6b128e648646.png,0.025462,0.011193,0.815788,0.135101,0.012456,cmoderatedr
dseveredr/6e92b1c5ac8e.png,0.012798,0.011620,0.607425,0.235922,0.132235,cmoderatedr
dseveredr/6efa36d59ada.png,0.054333,0.112144,0.408644,0.391853,0.033027,cmoderatedr
dseveredr/71a39c660432.png,0.025484,0.005441,0.212699,0.690318,0.066058,dseveredr
dseveredr/80e7cc0a0649.png,0.005554,0.001031,0.004091,0.965116,0.024209,dseveredr
dseveredr/8c0d05233238.png,0.016008,0.006649,0.144197,0.257988,0.575159,eproliferativedr
dseveredr/910bfd38e2f5.png,0.016213,0.005135,0.356305,0.185527,0.436820,eproliferativedr
dseveredr/916ec976ff30.png,0.020072,0.032365,0.450262,0.396530,0.100771,cmoderatedr
dseveredr/91cf56d3d1af.png,0.015565,0.006881,0.125325,0.758361,0.093869,dseveredr
dseveredr/9878db94d9f3.png,0.011673,0.007829,0.104862,0.801408,0.074228,dseveredr
dseveredr/9b093fe95d6b.png,0.015417,0.020269,0.831043,0.128286,0.004984,cmoderatedr
dseveredr/9c52b87d01f1.png,0.012798,0.011620,0.607425,0.235922,0.132235,cmoderatedr
dseveredr/a14bbd9a583e.png,0.134668,0.016173,0.055493,0.536634,0.257032,dseveredr
dseveredr/a80dab8eddf4.png,0.020228,0.008809,0.110335,0.661055,0.199573,dseveredr
dseveredr/aae8f9f3ef8c.png,0.015844,0.004323,0.858054,0.114466,0.007313,cmoderatedr
dseveredr/b2ffa3e18559.png,0.024979,0.039202,0.248478,0.627483,0.059858,dseveredr
dseveredr/c3a82acb7d7a.png,0.043727,0.066429,0.077122,0.039118,0.773604,eproliferativedr
dseveredr/c5a9ebef1517.png,0.020558,0.005891,0.084769,0.869514,0.019269,dseveredr
dseveredr/ce207b69ff37.png,0.013790,0.005476,0.226969,0.717761,0.036005,dseveredr
dseveredr/d0ffa0425ef1.png,0.022859,0.022855,0.394996,0.091344,0.467946,eproliferativedr
dseveredr/d16398c971e9.png,0.020682,0.005523,0.289773,0.505563,0.178458,dseveredr
dseveredr/d868acdccb5b.png,0.008420,0.026167,0.883144,0.067826,0.014444,cmoderatedr
dseveredr/dbb2c63f6f08.png,0.039098,0.035349,0.328700,0.570949,0.025905,dseveredr
dseveredr/e1900014dabf.png,0.015821,0.056324,0.766787,0.067615,0.093453,cmoderatedr
dseveredr/e1fb532f55df.png,0.056782,0.050440,0.011809,0.572607,0.308363,dseveredr
dseveredr/e32a359be36d.png,0.033809,0.004670,0.129698,0.373180,0.458642,eproliferativedr
dseveredr/e52ed5c29c5e.png,0.008446,0.004753,0.871982,0.034301,0.080518,cmoderatedr
dseveredr/e93394175a19.png,0.024118,0.007285,0.288199,0.460715,0.219683,dseveredr
dseveredr/f576e45d1da2.png,0.008479,0.024842,0.938824,0.013090,0.014765,cmoderatedr
dseveredr/f901d460517c.png,0.020246,0.012332,0.633288,0.319348,0.014785,cmoderatedr
dseveredr/f9156aeffc5e.png,0.038208,0.032134,0.071923,0.754731,0.103005,dseveredr
eproliferativedr/02dda30d3acf.png,0.039605,0.034447,0.011473,0.218600,0.695874,eproliferativedr
eproliferativedr/0318598cfd16.png,0.018867,0.099255,0.802798,0.067068,0.012013,cmoderatedr
eproliferativedr/08a3875063c3.png,0.019681,0.009275,0.099667,0.109960,0.761417,eproliferativedr
eproliferativedr/0981195eb9fb.png,0.022554,0.022579,0.006898,0.056483,0.891486,eproliferativedr
eproliferativedr/0bf37ca3156a.png,0.108158,0.042752,0.086235,0.534852,0.228004,dseveredr
eproliferativedr/0e0fc1d9810c.png,0.013569,0.008692,0.019211,0.031184,0.927343,eproliferativedr
eproliferativedr/0e82bcacc475.png,0.008612,0.004329,0.018086,0.480100,0.488874,eproliferativedr
eproliferativedr/10fca1abf338.png,0.012863,0.028091,0.020770,0.063179,0.875098,eproliferativedr
eproliferativedr/11242a67122d.png,0.015598,0.011889,0.368985,0.091345,0.512182,eproliferativedr
eproliferativedr/1a90fad9ffa2.png,0.032928,0.024220,0.515180,0.192462,0.235209,cmoderatedr
eproliferativedr/2017cd92c63d.png,0.008490,0.051164,0.042671,0.143951,0.753723,eproliferativedr
eproliferativedr/21d18b022429.png,0.022797,0.038614,0.171223,0.051785,0.715581,eproliferativedr
eproliferativedr/222f3ee3a1e8.png,0.018895,0.008539,0.015192,0.013025,0.944349,eproliferativedr
eproliferativedr/247e98aba610.png,0.093472,0.051273,0.008785,0.083477,0.762993,eproliferativedr
eproliferativedr/2bbcfdc477db.png,0.024479,0.016850,0.018353,0.118224,0.822094,eproliferativedr
eproliferativedr/3206171db5be.png,0.021015,0.031518,0.010854,0.052067,0.884545,eproliferativedr
eproliferativedr/374535e0adb8.png,0.013517,0.034298,0.919708,0.018734,0.013742,cmoderatedr
eproliferativedr/37c4dfe03aba.png,0.016023,0.029469,0.108058,0.358983,0.487467,eproliferativedr
eproliferativedr/3b185ac445d0.png,0.013154,0.015665,0.036935,0.110225,0.824021,eproliferativedr
eproliferativedr/3c78bfca247b.png,0.029830,0.027878,0.034705,0.368996,0.538590,eproliferativedr
eproliferativedr/3ee4841936ef.png,0.013071,0.595801,0.233898,0.010502,0.146728,bmilddr
eproliferativedr/46d3316c4857.png,0.009020,0.004476,0.002747,0.097883,0.885875,eproliferativedr
eproliferativedr/4abca30b676b.png,0.011494,0.013058,0.864191,0.088350,0.022907,cmoderatedr
eproliferativedr/4dc2211a1c31.png,0.146716,0.025783,0.007615,0.144865,0.675021,eproliferativedr
eproliferativedr/4dd71fc7f22b.png,0.023418,0.031932,0.009370,0.121444,0.813836,eproliferativedr
eproliferativedr/518e880613de.png,0.011090,0.013086,0.866703,0.036087,0.073033,cmoderatedr
eproliferativedr/51a1d162e223.png,0.020377,0.031178,0.007148,0.143600,0.797697,eproliferativedr
eproliferativedr/58b866484a05.png,0.013905,0.037864,0.005976,0.120497,0.821759,eproliferativedr
eproliferativedr/5dd2e26fc244.png,0.124144,0.041955,0.034275,0.323367,0.476258,eproliferativedr
eproliferativedr/612f2df37a1d.png,0.017251,0.033402,0.035238,0.192326,0.721783,eproliferativedr
eproliferativedr/613028ede6a0.png,0.009812,0.002390,0.010452,0.375201,0.602144,eproliferativedr
eproliferativedr/6194e0fff071.png,0.036017,0.027704,0.096328,0.369607,0.470344,eproliferativedr
eproliferativedr/61bbc11fe503.png,0.012881,0.015911,0.761796,0.073934,0.135479,cmoderatedr
eproliferativedr/63b4d030b016.png,0.004409,0.067473,0.897262,0.011531,0.019325,cmoderatedr
eproliferativedr/6630f8675a97.png,0.032087,0.104875,0.020365,0.493557,0.349116,dseveredr
eproliferativedr/664b1f9a2087.png,0.015350,0.007914,0.813543,0.086926,0.076267,cmoderatedr
eproliferativedr/66a0bf258013.png,0.012987,0.015344,0.003370,0.018727,0.949573,eproliferativedr
eproliferativedr/6c250a30593b.png,0.011067,0.014319,0.010188,0.011436,0.952990,eproliferativedr
eproliferativedr/6c3745a222da.png,0.080904,0.025045,0.008248,0.113419,0.772384,eproliferativedr
eproliferativedr/6d7d26025122.png,0.020367,0.302173,0.583914,0.065874,0.027672,cmoderatedr
eproliferativedr/6fe67482bfae.png,0.010855,0.005441,0.789767,0.083073,0.110864,cmoderatedr
eproliferativedr/753b14c27c83.png,0.070278,0.357818,0.383604,0.021494,0.166806,cmoderatedr
eproliferativedr/7c90ab025331.png,0.039798,0.029047,0.656571,0.157154,0.117429,cmoderatedr
eproliferativedr/7e0598cc88a0.png,0.039194,0.100962,0.131598,0.111546,0.616700,eproliferativedr
eproliferativedr/82bb8a01935f.png,0.009818,0.125271,0.771510,0.024919,0.068483,cmoderatedr
eproliferativedr/857230f64a2e.png,0.008874,0.006012,0.004273,0.022826,0.958015,eproliferativedr
eproliferativedr/8596a24a14bd.png,0.026399,0.007696,0.429468,0.348128,0.188309,cmoderatedr
eproliferativedr/875a2fc5fe23.png,0.222262,0.087935,0.133404,0.365562,0.190837,dseveredr
eproliferativedr/887c26fc0e1f.png,0.032845,0.038684,0.475012,0.386021,0.067437,cmoderatedr
eproliferativedr/8bad12d70368.png,0.012623,0.011377,0.005868,0.040717,0.929416,eproliferativedr
eproliferativedr/8c7c26c52a6c.png,0.057554,0.058355,0.412133,0.156188,0.315770,cmoderatedr
eproliferativedr/8f318a978844.png,0.004570,0.014012,0.050576,0.130968,0.799875,eproliferativedr
eproliferativedr/8fd7ad26e691.png,0.018002,0.014998,0.877165,0.074631,0.015204,cmoderatedr
eproliferativedr/94ef1d14597f.png,0.020968,0.016999,0.736364,0.187993,0.037676,cmoderatedr
eproliferativedr/97da093947e8.png,0.017978,0.056065,0.896481,0.012360,0.017117,cmoderatedr
eproliferativedr/9a496b1e20f9.png,0.051632,0.018931,0.008450,0.055772,0.865215,eproliferativedr
eproliferativedr/9c72ed6befa0.png,0.030873,0.049044,0.872652,0.026943,0.020488,cmoderatedr
eproliferativedr/9e3510963315.png,0.012945,0.014344,0.738385,0.136120,0.098206,cmoderatedr
eproliferativedr/9fab29e69a6b.png,0.038708,0.026291,0.093383,0.550907,0.290711,dseveredr
eproliferativedr/a11bf2edd470.png,0.042759,0.026890,0.053301,0.402792,0.474257,eproliferativedr
eproliferativedr/a2ddabee14e9.png,0.017607,0.022870,0.015760,0.013504,0.930259,eproliferativedr
eproliferativedr/a3fcf42ff56d.png,0.015093,0.007751,0.012953,0.073918,0.890284,eproliferativedr
eproliferativedr/a6d45de20e4d.png,0.015247,0.025946,0.551284,0.037043,0.370480,cmoderatedr
eproliferativedr/a76b69e443ce.png,0.029640,0.019404,0.010377,0.040043,0.900536,eproliferativedr
eproliferativedr/ab1c20a94f3f.png,0.137133,0.006334,0.214481,0.320579,0.321473,eproliferativedr
eproliferativedr/b3819a805dca.png,0.053015,0.011825,0.034628,0.541457,0.359075,dseveredr
eproliferativedr/b87f9c59748b.png,0.030764,0.054864,0.483441,0.282097,0.148834,cmoderatedr
eproliferativedr/b90bc89ce8d8.png,0.025713,0.041158,0.311618,0.104976,0.516535,eproliferativedr
eproliferativedr/b96b518596b3.png,0.016211,0.004730,0.048800,0.675485,0.254773,dseveredr
eproliferativedr/ba735b286d62.png,0.018711,0.025646,0.008750,0.115471,0.831421,eproliferativedr
eproliferativedr/bba38f2294a3.png,0.047691,0.048190,0.012848,0.329329,0.561943,eproliferativedr
eproliferativedr/bfdee9be1f1d.png,0.954212,0.014621,0.010544,0.010944,0.009679,anodr
eproliferativedr/c1799a6f5c65.png,0.014598,0.019122,0.616643,0.291202,0.058434,cmoderatedr
eproliferativedr/c6a145742708.png,0.011474,0.012935,0.018011,0.060409,0.897170,eproliferativedr
eproliferativedr/cd93a472e5cd.png,0.009378,0.002174,0.013981,0.761136,0.213331,dseveredr
eproliferativedr/d271d3a2b552.png,0.015210,0.018065,0.150113,0.050194,0.766419,eproliferativedr
eproliferativedr/d2c2f02bb313.png,0.010349,0.006941,0.004183,0.012748,0.965778,eproliferativedr
eproliferativedr/d51b3fe0fa1b.png,0.012007,0.010513,0.005590,0.076705,0.895185,eproliferativedr
eproliferativedr/e23add229074.png,0.026981,0.029827,0.018006,0.099441,0.825745,eproliferativedr
eproliferativedr/e4730ddde408.png,0.028840,0.005661,0.470426,0.480977,0.014096,dseveredr
eproliferativedr/eadc57064154.png,0.080904,0.025045,0.008248,0.113419,0.772384,eproliferativedr
eproliferativedr/eb1d37b71fd1.png,0.046461,0.032063,0.074087,0.427105,0.420284,dseveredr
eproliferativedr/ee1ec90b980f.png,0.031342,0.017268,0.035842,0.063601,0.851947,eproliferativedr
eproliferativedr/f025f33b2c9b.png,0.028586,0.010994,0.395595,0.313654,0.251171,cmoderatedr
eproliferativedr/f69835dc7c50.png,0.030504,0.007851,0.351268,0.547988,0.062389,dseveredr
eproliferativedr/f72adcac5638.png,0.023046,0.028184,0.040061,0.103619,0.805089,eproliferativedr
eproliferativedr/fce93caa4758.png,0.008547,0.110766,0.778485,0.051321,0.050882,cmoderatedr
eproliferativedr/fdd534271f3d.png,0.012219,0.002331,0.010708,0.108833,0.865909,eproliferativedr
eproliferativedr/ff8a0b45c789.png,0.016994,0.024480,0.631196,0.282715,0.044615,cmoderatedr
