filename,prob_a_noamd,prob_b_amd,prediction
N0001.jpg,0.5756707,0.4243293,a_noamd
N0002.jpg,0.45473558,0.5452644,b_amd
N0003.jpg,0.69620454,0.30379546,a_noamd
N0004.jpg,0.7201,0.2799,a_noamd
N0005.jpg,0.47484452,0.5251555,b_amd
N0006.jpg,0.7550259,0.24497406,a_noamd
N0007.jpg,0.66351366,0.3364864,a_noamd
N0008.jpg,0.7801794,0.21982062,a_noamd
N0009.jpg,0.69239587,0.30760413,a_noamd
N0010.jpg,0.48567957,0.5143205,b_amd
N0011.jpg,0.74205434,0.25794566,a_noamd
N0012.jpg,0.81970286,0.18029718,a_noamd
N0013.jpg,0.8119417,0.18805833,a_noamd
N0014.jpg,0.80903095,0.1909691,a_noamd
N0015.jpg,0.5069362,0.49306375,a_noamd
N0016.jpg,0.546088,0.453912,a_noamd
N0017.jpg,0.74113935,0.25886062,a_noamd
N0018.jpg,0.77696526,0.22303477,a_noamd
N0019.jpg,0.7771095,0.22289045,a_noamd
N0020.jpg,0.540189,0.45981097,a_noamd
N0021.jpg,0.21318477,0.7868152,b_amd
N0022.jpg,0.60443246,0.39556754,a_noamd
N0023.jpg,0.31946972,0.68053025,b_amd
N0024.jpg,0.1463237,0.85367626,b_amd
N0025.jpg,0.73626304,0.26373693,a_noamd
N0026.jpg,0.72427404,0.27572596,a_noamd
N0027.jpg,0.73673034,0.26326966,a_noamd
N0028.jpg,0.58270466,0.4172953,a_noamd
N0029.jpg,0.72344846,0.27655149,a_noamd
N0030.jpg,0.5261243,0.47387573,a_noamd
N0031.jpg,0.84191155,0.15808843,a_noamd
N0032.jpg,0.7604655,0.2395345,a_noamd
N0033.jpg,0.76421064,0.23578936,a_noamd
N0034.jpg,0.7348458,0.2651542,a_noamd
N0035.jpg,0.14226864,0.8577314,b_amd
N0036.jpg,0.2770698,0.7229302,b_amd
N0037.jpg,0.8030043,0.19699563,a_noamd
N0038.jpg,0.77822554,0.22177449,a_noamd
N0039.jpg,0.17417125,0.82582873,b_amd
N0040.jpg,0.043884084,0.9561159,b_amd
N0041.jpg,0.036137983,0.96386206,b_amd
N0042.jpg,0.098199345,0.90180063,b_amd
N0043.jpg,0.48435527,0.51564467,b_amd
N0044.jpg,0.8013643,0.19863571,a_noamd
N0045.jpg,0.81755346,0.18244651,a_noamd
N0046.jpg,0.76801634,0.23198365,a_noamd
N0047.jpg,0.5915311,0.40846893,a_noamd
N0048.jpg,0.8049972,0.19500273,a_noamd
N0049.jpg,0.7563673,0.24363266,a_noamd
N0050.jpg,0.77618045,0.2238196,a_noamd
N0051.jpg,0.7127184,0.2872816,a_noamd
N0052.jpg,0.45443088,0.5455691,b_amd
N0053.jpg,0.14433542,0.8556646,b_amd
N0054.jpg,0.43216252,0.56783754,b_amd
N0055.jpg,0.74279916,0.25720087,a_noamd
N0056.jpg,0.7321425,0.26785746,a_noamd
N0057.jpg,0.5368858,0.46311414,a_noamd
N0058.jpg,0.65185827,0.34814173,a_noamd
N0059.jpg,0.22421978,0.77578026,b_amd
N0060.jpg,0.8564819,0.14351806,a_noamd
N0061.jpg,0.7547966,0.2452034,a_noamd
N0062.jpg,0.83863956,0.16136043,a_noamd
N0063.jpg,0.84065735,0.15934266,a_noamd
N0064.jpg,0.8084868,0.19151315,a_noamd
N0065.jpg,0.8034534,0.1965466,a_noamd
N0066.jpg,0.058809407,0.9411906,b_amd
N0067.jpg,0.2159103,0.7840897,b_amd
N0068.jpg,0.71403146,0.2859685,a_noamd
N0069.jpg,0.74094224,0.25905776,a_noamd
N0070.jpg,0.7464152,0.2535848,a_noamd
N0071.jpg,0.8251187,0.17488128,a_noamd
N0072.jpg,0.7058018,0.29419827,a_noamd
N0073.jpg,0.862378,0.13762203,a_noamd
N0074.jpg,0.8035679,0.19643216,a_noamd
N0075.jpg,0.7530677,0.24693236,a_noamd
N0076.jpg,0.79163086,0.20836912,a_noamd
N0077.jpg,0.8123913,0.18760875,a_noamd
N0078.jpg,0.72114027,0.27885976,a_noamd
N0079.jpg,0.44955495,0.550445,b_amd
N0080.jpg,0.77060324,0.22939672,a_noamd
N0081.jpg,0.774634,0.22536597,a_noamd
N0082.jpg,0.79078346,0.20921656,a_noamd
N0083.jpg,0.80405235,0.19594768,a_noamd
N0084.jpg,0.55372995,0.44627008,a_noamd
N0085.jpg,0.34056848,0.65943146,b_amd
N0086.jpg,0.15771608,0.8422839,b_amd
N0087.jpg,0.3698054,0.63019454,b_amd
N0088.jpg,0.397948,0.602052,b_amd
N0089.jpg,0.8368035,0.16319647,a_noamd
N0090.jpg,0.79386413,0.20613594,a_noamd
N0091.jpg,0.80458415,0.19541588,a_noamd
N0092.jpg,0.72112566,0.2788743,a_noamd
N0093.jpg,0.85212535,0.14787462,a_noamd
N0094.jpg,0.8713111,0.12868889,a_noamd
N0095.jpg,0.8413955,0.15860446,a_noamd
N0096.jpg,0.8653679,0.13463214,a_noamd
N0097.jpg,0.14375962,0.85624033,b_amd
N0098.jpg,0.16499296,0.8350071,b_amd
N0099.jpg,0.63693625,0.36306372,a_noamd
N0100.jpg,0.24941981,0.7505802,b_amd
N0101.jpg,0.09535686,0.9046431,b_amd
N0102.jpg,0.81714404,0.18285598,a_noamd
N0103.jpg,0.83679277,0.1632072,a_noamd
N0104.jpg,0.78529257,0.21470748,a_noamd
N0105.jpg,0.70444095,0.29555908,a_noamd
N0106.jpg,0.39173567,0.6082644,b_amd
N0107.jpg,0.55258983,0.44741014,a_noamd
N0108.jpg,0.5286113,0.47138867,a_noamd
N0109.jpg,0.35855678,0.64144325,b_amd
N0110.jpg,0.15705907,0.842941,b_amd
N0111.jpg,0.73793995,0.26206,a_noamd
N0112.jpg,0.24558933,0.7544106,b_amd
N0113.jpg,0.7409074,0.25909266,a_noamd
N0114.jpg,0.65705705,0.34294295,a_noamd
N0115.jpg,0.46964014,0.5303598,b_amd
N0116.jpg,0.8123452,0.18765475,a_noamd
N0117.jpg,0.76613146,0.23386857,a_noamd
N0118.jpg,0.8408022,0.15919778,a_noamd
N0119.jpg,0.81104785,0.18895213,a_noamd
N0120.jpg,0.65224695,0.34775308,a_noamd
N0121.jpg,0.62796444,0.37203556,a_noamd
N0122.jpg,0.44452783,0.55547214,b_amd
N0123.jpg,0.6502019,0.34979808,a_noamd
N0124.jpg,0.68549603,0.31450403,a_noamd
N0125.jpg,0.6133543,0.38664567,a_noamd
N0126.jpg,0.6280898,0.37191018,a_noamd
N0127.jpg,0.31320986,0.68679017,b_amd
N0128.jpg,0.21449806,0.78550196,b_amd
N0129.jpg,0.4677953,0.5322047,b_amd
N0130.jpg,0.5979854,0.40201464,a_noamd
N0131.jpg,0.48508856,0.5149114,b_amd
N0132.jpg,0.444911,0.555089,b_amd
N0133.jpg,0.44437495,0.555625,b_amd
N0134.jpg,0.7013591,0.29864097,a_noamd
N0135.jpg,0.6441808,0.3558192,a_noamd
N0136.jpg,0.67197186,0.32802808,a_noamd
N0137.jpg,0.7213643,0.27863568,a_noamd
N0138.jpg,0.71019286,0.28980714,a_noamd
N0139.jpg,0.73206455,0.26793548,a_noamd
N0140.jpg,0.7333995,0.26660052,a_noamd
N0141.jpg,0.53466344,0.46533662,a_noamd
N0142.jpg,0.8335429,0.16645709,a_noamd
N0143.jpg,0.58558565,0.41441432,a_noamd
N0144.jpg,0.72621286,0.27378717,a_noamd
N0145.jpg,0.7591047,0.24089527,a_noamd
N0146.jpg,0.871762,0.12823807,a_noamd
N0147.jpg,0.8335429,0.16645709,a_noamd
N0148.jpg,0.58558565,0.41441432,a_noamd
N0149.jpg,0.72621286,0.27378717,a_noamd
N0150.jpg,0.5911511,0.40884885,a_noamd
N0151.jpg,0.5583038,0.44169626,a_noamd
N0152.jpg,0.25668168,0.7433183,b_amd
N0153.jpg,0.55060375,0.44939628,a_noamd
N0154.jpg,0.73937607,0.26062396,a_noamd
N0155.jpg,0.7144168,0.28558317,a_noamd
N0156.jpg,0.7696517,0.23034829,a_noamd
N0157.jpg,0.7967551,0.20324492,a_noamd
N0158.jpg,0.4487892,0.55121076,b_amd
N0159.jpg,0.44996348,0.5500365,b_amd
N0160.jpg,0.67132163,0.3286784,a_noamd
N0161.jpg,0.50809574,0.4919043,a_noamd
N0162.jpg,0.42639568,0.5736043,b_amd
N0163.jpg,0.59547865,0.40452135,a_noamd
N0164.jpg,0.7540389,0.24596111,a_noamd
N0165.jpg,0.6601269,0.3398731,a_noamd
N0166.jpg,0.72836334,0.27163666,a_noamd
N0167.jpg,0.6153266,0.38467348,a_noamd
N0168.jpg,0.6333404,0.3666596,a_noamd
N0169.jpg,0.19389524,0.8061047,b_amd
N0170.jpg,0.6871023,0.31289768,a_noamd
N0171.jpg,0.8237661,0.17623393,a_noamd
N0172.jpg,0.7962793,0.20372069,a_noamd
N0173.jpg,0.807801,0.19219896,a_noamd
N0174.jpg,0.5343293,0.46567068,a_noamd
N0175.jpg,0.3950161,0.6049839,b_amd
N0176.jpg,0.4689641,0.53103596,b_amd
N0177.jpg,0.7481268,0.25187317,a_noamd
N0178.jpg,0.68674845,0.31325155,a_noamd
N0179.jpg,0.351679,0.64832103,b_amd
N0180.jpg,0.0123884,0.9876116,b_amd
N0181.jpg,0.02122868,0.9787714,b_amd
N0182.jpg,0.535631,0.46436897,a_noamd
N0183.jpg,0.70027965,0.2997203,a_noamd
N0184.jpg,0.80828416,0.1917159,a_noamd
N0185.jpg,0.8188018,0.18119824,a_noamd
N0186.jpg,0.7938408,0.20615923,a_noamd
N0187.jpg,0.5407379,0.45926207,a_noamd
N0188.jpg,0.71134454,0.2886555,a_noamd
N0189.jpg,0.46494916,0.53505087,b_amd
N0190.jpg,0.18270528,0.81729466,b_amd
N0191.jpg,0.14227185,0.8577282,b_amd
N0192.jpg,0.42872083,0.57127917,b_amd
N0193.jpg,0.06651315,0.9334869,b_amd
N0194.jpg,0.32322276,0.67677724,b_amd
N0195.jpg,0.02253238,0.97746766,b_amd
N0196.jpg,0.8159615,0.18403853,a_noamd
N0197.jpg,0.8648185,0.13518152,a_noamd
N0198.jpg,0.79829764,0.20170237,a_noamd
N0199.jpg,0.76581806,0.23418196,a_noamd
N0200.jpg,0.010750416,0.9892496,b_amd
N0201.jpg,0.16176558,0.8382345,b_amd
N0202.jpg,0.10354286,0.8964572,b_amd
N0203.jpg,0.808002,0.19199799,a_noamd
N0204.jpg,0.76875776,0.23124222,a_noamd
N0205.jpg,0.6706631,0.32933688,a_noamd
N0206.jpg,0.789074,0.21092601,a_noamd
N0207.jpg,0.7493668,0.25063315,a_noamd
N0208.jpg,0.52964556,0.47035444,a_noamd
N0209.jpg,0.71188676,0.28811324,a_noamd
N0210.jpg,0.74791026,0.25208974,a_noamd
N0211.jpg,0.6036458,0.3963542,a_noamd
N0212.jpg,0.6136562,0.38634375,a_noamd
N0213.jpg,0.6241807,0.37581933,a_noamd
N0214.jpg,0.38874456,0.6112554,b_amd
N0215.jpg,0.7651837,0.23481627,a_noamd
N0216.jpg,0.65761197,0.34238803,a_noamd
N0217.jpg,0.7853978,0.21460217,a_noamd
N0218.jpg,0.5957208,0.40427923,a_noamd
N0219.jpg,0.04224951,0.9577505,b_amd
N0220.jpg,0.48738375,0.5126162,b_amd
N0221.jpg,0.40741363,0.59258634,b_amd
N0222.jpg,0.45489976,0.5451002,b_amd
N0223.jpg,0.6913847,0.30861536,a_noamd
N0224.jpg,0.77065504,0.22934492,a_noamd
N0225.jpg,0.7522804,0.24771956,a_noamd
N0226.jpg,0.8008967,0.19910331,a_noamd
N0227.jpg,0.21434394,0.7856561,b_amd
N0228.jpg,0.43603703,0.563963,b_amd
N0229.jpg,0.12209814,0.8779019,b_amd
N0230.jpg,0.38717955,0.61282045,b_amd
N0231.jpg,0.4429549,0.5570451,b_amd
N0232.jpg,0.46799394,0.5320061,b_amd
N0233.jpg,0.70355165,0.29644835,a_noamd
N0234.jpg,0.83392215,0.16607782,a_noamd
N0235.jpg,0.7973191,0.20268086,a_noamd
N0236.jpg,0.78442633,0.21557368,a_noamd
N0237.jpg,0.06597987,0.93402016,b_amd
N0238.jpg,0.11308458,0.8869155,b_amd
N0239.jpg,0.6145762,0.3854238,a_noamd
N0240.jpg,0.4990271,0.5009729,b_amd
N0241.jpg,0.6586164,0.3413836,a_noamd
N0242.jpg,0.7790834,0.22091666,a_noamd
N0243.jpg,0.69853646,0.30146354,a_noamd
N0244.jpg,0.6364108,0.36358923,a_noamd
N0245.jpg,0.8705395,0.12946053,a_noamd
N0246.jpg,0.79347056,0.20652944,a_noamd
N0247.jpg,0.75391716,0.2460828,a_noamd
N0248.jpg,0.7971305,0.20286946,a_noamd
N0249.jpg,0.5785095,0.42149052,a_noamd
N0250.jpg,0.4669096,0.5330905,b_amd
N0251.jpg,0.15570852,0.84429145,b_amd
N0252.jpg,0.11158517,0.8884148,b_amd
N0253.jpg,0.1654626,0.8345374,b_amd
N0254.jpg,0.037599005,0.9624009,b_amd
N0255.jpg,0.45532262,0.5446774,b_amd
N0256.jpg,0.47816655,0.5218334,b_amd
N0257.jpg,0.7633477,0.23665233,a_noamd
N0258.jpg,0.42226633,0.57773364,b_amd
N0259.jpg,0.7061154,0.29388458,a_noamd
N0260.jpg,0.6206613,0.37933865,a_noamd
N0261.jpg,0.66339713,0.3366028,a_noamd
N0262.jpg,0.51956713,0.48043284,a_noamd
N0263.jpg,0.568549,0.431451,a_noamd
N0264.jpg,0.55732495,0.44267505,a_noamd
N0265.jpg,0.5099484,0.49005163,a_noamd
N0266.jpg,0.6532593,0.34674078,a_noamd
N0267.jpg,0.6749729,0.32502705,a_noamd
N0268.jpg,0.5297357,0.47026438,a_noamd
N0269.jpg,0.59731096,0.40268898,a_noamd
N0270.jpg,0.19005136,0.8099486,b_amd
N0271.jpg,0.60331535,0.39668462,a_noamd
N0272.jpg,0.5218577,0.47814232,a_noamd
N0273.jpg,0.4758691,0.52413094,b_amd
N0274.jpg,0.45515192,0.54484814,b_amd
N0275.jpg,0.6615071,0.3384929,a_noamd
N0276.jpg,0.44644845,0.55355155,b_amd
N0277.jpg,0.1322068,0.8677932,b_amd
N0278.jpg,0.44490817,0.5550918,b_amd
N0279.jpg,0.75942135,0.2405786,a_noamd
N0280.jpg,0.51651865,0.48348138,a_noamd
N0281.jpg,0.7581178,0.24188228,a_noamd
N0282.jpg,0.5255556,0.4744444,a_noamd
N0283.jpg,0.66901886,0.33098117,a_noamd
N0284.jpg,0.79704535,0.20295465,a_noamd
N0285.jpg,0.76428074,0.2357192,a_noamd
N0286.jpg,0.6772892,0.32271078,a_noamd
N0287.jpg,0.70787585,0.2921241,a_noamd
N0288.jpg,0.7772406,0.22275946,a_noamd
N0289.jpg,0.7186061,0.28139386,a_noamd
N0290.jpg,0.7999834,0.20001663,a_noamd
N0291.jpg,0.77757454,0.22242545,a_noamd
N0292.jpg,0.8022572,0.19774279,a_noamd
N0293.jpg,0.6314959,0.36850408,a_noamd
N0294.jpg,0.14176139,0.85823864,b_amd
N0295.jpg,0.66251403,0.33748594,a_noamd
N0296.jpg,0.41276053,0.5872395,b_amd
N0297.jpg,0.74755204,0.25244796,a_noamd
N0298.jpg,0.72146624,0.27853373,a_noamd
N0299.jpg,0.79685515,0.20314483,a_noamd
N0300.jpg,0.37289813,0.62710184,b_amd
N0301.jpg,0.6821883,0.3178117,a_noamd
N0302.jpg,0.82173455,0.17826548,a_noamd
N0303.jpg,0.4892974,0.5107026,b_amd
N0304.jpg,0.06280884,0.9371912,b_amd
N0305.jpg,0.588102,0.41189802,a_noamd
N0306.jpg,0.6188747,0.3811253,a_noamd
N0307.jpg,0.77514374,0.22485624,a_noamd
N0308.jpg,0.6842066,0.31579334,a_noamd
N0309.jpg,0.8368674,0.16313264,a_noamd
N0310.jpg,0.8241583,0.17584164,a_noamd
N0311.jpg,0.8166286,0.18337144,a_noamd
T0001.jpg,0.6657358,0.3342642,a_noamd
T0002.jpg,0.6803875,0.3196125,a_noamd
T0005.jpg,0.8959867,0.10401331,a_noamd
T0006.jpg,0.46342275,0.5365773,b_amd
T0007.jpg,0.7525271,0.24747282,a_noamd
T0008.jpg,0.80482036,0.19517963,a_noamd
T0009.jpg,0.83778214,0.16221787,a_noamd
T0011.jpg,0.36276522,0.63723475,b_amd
T0012.jpg,0.49291667,0.50708336,b_amd
T0013.jpg,0.35247675,0.6475232,b_amd
T0014.jpg,0.07091043,0.9290895,b_amd
T0016.jpg,0.7107739,0.28922614,a_noamd
T0017.jpg,0.58236563,0.41763434,a_noamd
T0018.jpg,0.47722396,0.522776,b_amd
T0019.jpg,0.23417804,0.765822,b_amd
T0020.jpg,0.76102567,0.23897432,a_noamd
T0022.jpg,0.59633845,0.40366155,a_noamd
T0023.jpg,0.282308,0.717692,b_amd
T0025.jpg,0.30240467,0.69759536,b_amd
T0027.jpg,0.6985778,0.30142215,a_noamd
T0028.jpg,0.76088595,0.23911399,a_noamd
T0029.jpg,0.74661195,0.25338802,a_noamd
T0031.jpg,0.57438,0.42562,a_noamd
T0032.jpg,0.8959867,0.10401331,a_noamd
T0033.jpg,0.3785002,0.62149984,b_amd
T0034.jpg,0.77616733,0.22383262,a_noamd
T0035.jpg,0.7178561,0.28214386,a_noamd
T0036.jpg,0.6113195,0.38868055,a_noamd
T0037.jpg,0.7318653,0.2681347,a_noamd
T0039.jpg,0.78020316,0.21979685,a_noamd
T0040.jpg,0.18277879,0.81722116,b_amd
T0041.jpg,0.56667435,0.43332565,a_noamd
T0042.jpg,0.8029294,0.1970706,a_noamd
T0044.jpg,0.4075352,0.59246475,b_amd
T0046.jpg,0.6316014,0.36839864,a_noamd
T0047.jpg,0.54060465,0.45939535,a_noamd
T0049.jpg,0.69155425,0.30844578,a_noamd
T0050.jpg,0.6126689,0.3873311,a_noamd
T0054.jpg,0.66658115,0.33341885,a_noamd
T0055.jpg,0.545107,0.45489296,a_noamd
T0058.jpg,0.2893003,0.71069974,b_amd
T0060.jpg,0.6231484,0.37685165,a_noamd
T0061.jpg,0.73384154,0.26615846,a_noamd
T0062.jpg,0.50530946,0.49469054,a_noamd
T0063.jpg,0.37249273,0.6275073,b_amd
T0064.jpg,0.5259402,0.4740598,a_noamd
T0065.jpg,0.5511624,0.44883758,a_noamd
T0066.jpg,0.7785472,0.22145283,a_noamd
T0067.jpg,0.7425041,0.25749594,a_noamd
T0068.jpg,0.7638971,0.23610291,a_noamd
T0069.jpg,0.8329203,0.16707967,a_noamd
T0070.jpg,0.7945711,0.20542888,a_noamd
T0074.jpg,0.7935982,0.20640185,a_noamd
T0075.jpg,0.850394,0.14960599,a_noamd
T0076.jpg,0.77078086,0.22921911,a_noamd
T0077.jpg,0.60720223,0.39279777,a_noamd
T0078.jpg,0.24344015,0.75655985,b_amd
T0079.jpg,0.29598573,0.70401424,b_amd
T0080.jpg,0.73541766,0.2645823,a_noamd
T0081.jpg,0.7520591,0.24794091,a_noamd
T0082.jpg,0.23061216,0.76938784,b_amd
T0084.jpg,0.6644302,0.33556983,a_noamd
T0085.jpg,0.7669011,0.23309891,a_noamd
T0087.jpg,0.21213874,0.7878613,b_amd
T0088.jpg,0.53740215,0.46259788,a_noamd
T0090.jpg,0.69528764,0.30471236,a_noamd
T0091.jpg,0.73906845,0.26093152,a_noamd
T0092.jpg,0.5907756,0.4092244,a_noamd
T0093.jpg,0.73455113,0.26544884,a_noamd
T0094.jpg,0.68426186,0.31573817,a_noamd
T0095.jpg,0.76800454,0.23199543,a_noamd
T0096.jpg,0.8532556,0.14674433,a_noamd
T0097.jpg,0.73161364,0.2683864,a_noamd
T0098.jpg,0.46771553,0.53228444,b_amd
T0099.jpg,0.76399493,0.23600507,a_noamd
T0100.jpg,0.09491043,0.90508956,b_amd
T0101.jpg,0.72839755,0.27160248,a_noamd
T0102.jpg,0.17305651,0.82694346,b_amd
T0103.jpg,0.55670065,0.44329938,a_noamd
T0104.jpg,0.8109498,0.1890502,a_noamd
T0106.jpg,0.5721756,0.42782438,a_noamd
T0108.jpg,0.40049112,0.5995089,b_amd
T0109.jpg,0.6651257,0.33487433,a_noamd
T0110.jpg,0.7760025,0.2239975,a_noamd
T0111.jpg,0.48229995,0.5177,b_amd
T0113.jpg,0.45564455,0.54435545,b_amd
T0114.jpg,0.5195455,0.48045447,a_noamd
T0115.jpg,0.53698885,0.46301112,a_noamd
T0116.jpg,0.7928795,0.20712051,a_noamd
T0117.jpg,0.49759594,0.50240403,b_amd
T0119.jpg,0.77249175,0.22750822,a_noamd
T0121.jpg,0.7127437,0.2872563,a_noamd
T0122.jpg,0.7703697,0.2296303,a_noamd
T0123.jpg,0.58059275,0.41940725,a_noamd
T0124.jpg,0.83011127,0.16988872,a_noamd
T0125.jpg,0.47538185,0.5246182,b_amd
T0126.jpg,0.7802984,0.21970163,a_noamd
T0128.jpg,0.7834862,0.21651386,a_noamd
T0130.jpg,0.4761384,0.5238616,b_amd
T0131.jpg,0.24288023,0.7571198,b_amd
T0132.jpg,0.80106664,0.1989334,a_noamd
T0133.jpg,0.7567837,0.24321626,a_noamd
T0135.jpg,0.82050246,0.17949753,a_noamd
T0136.jpg,0.71225387,0.2877461,a_noamd
T0137.jpg,0.85632676,0.14367324,a_noamd
T0138.jpg,0.7990047,0.20099534,a_noamd
T0139.jpg,0.7603358,0.23966418,a_noamd
T0140.jpg,0.6559796,0.3440204,a_noamd
T0141.jpg,0.4027669,0.59723306,b_amd
T0142.jpg,0.34071523,0.65928483,b_amd
T0143.jpg,0.5869113,0.41308868,a_noamd
T0144.jpg,0.3777531,0.6222469,b_amd
T0145.jpg,0.7558641,0.24413595,a_noamd
T0146.jpg,0.28500414,0.7149959,b_amd
T0149.jpg,0.7578519,0.24214816,a_noamd
T0151.jpg,0.6265259,0.3734741,a_noamd
T0153.jpg,0.67249286,0.32750717,a_noamd
T0155.jpg,0.7102896,0.28971043,a_noamd
T0156.jpg,0.7994358,0.20056413,a_noamd
T0157.jpg,0.79919726,0.20080267,a_noamd
T0158.jpg,0.63360846,0.36639154,a_noamd
T0160.jpg,0.7243688,0.27563116,a_noamd
T0161.jpg,0.8109568,0.18904325,a_noamd
T0162.jpg,0.71346956,0.2865304,a_noamd
T0163.jpg,0.6694627,0.3305373,a_noamd
T0167.jpg,0.80016446,0.19983552,a_noamd
T0168.jpg,0.28252357,0.7174764,b_amd
T0169.jpg,0.21048583,0.7895142,b_amd
T0171.jpg,0.5445735,0.4554265,a_noamd
T0173.jpg,0.4483391,0.55166095,b_amd
T0174.jpg,0.77968997,0.22031005,a_noamd
T0175.jpg,0.6848551,0.31514493,a_noamd
T0177.jpg,0.6240418,0.37595823,a_noamd
T0178.jpg,0.8081025,0.19189756,a_noamd
T0179.jpg,0.7374524,0.26254755,a_noamd
T0180.jpg,0.74765205,0.25234795,a_noamd
T0181.jpg,0.8472435,0.15275651,a_noamd
T0182.jpg,0.60697985,0.39302015,a_noamd
T0184.jpg,0.39460185,0.6053982,b_amd
T0185.jpg,0.8264836,0.17351635,a_noamd
T0186.jpg,0.80618423,0.19381574,a_noamd
T0187.jpg,0.5438594,0.45614058,a_noamd
T0191.jpg,0.15099064,0.84900934,b_amd
T0192.jpg,0.055332653,0.94466734,b_amd
T0194.jpg,0.85392904,0.14607099,a_noamd
T0195.jpg,0.6103271,0.3896729,a_noamd
T0196.jpg,0.3754977,0.62450224,b_amd
T0197.jpg,0.3179035,0.6820965,b_amd
T0199.jpg,0.6613245,0.33867544,a_noamd
T0200.jpg,0.70718724,0.29281276,a_noamd
T0202.jpg,0.82507837,0.17492163,a_noamd
T0203.jpg,0.6990677,0.30093226,a_noamd
T0204.jpg,0.20945291,0.7905471,b_amd
T0205.jpg,0.77062607,0.2293739,a_noamd
T0206.jpg,0.42464006,0.5753599,b_amd
T0207.jpg,0.42574918,0.5742508,b_amd
T0208.jpg,0.8289421,0.17105791,a_noamd
T0210.jpg,0.11788637,0.88211364,b_amd
T0211.jpg,0.7367105,0.26328948,a_noamd
T0212.jpg,0.7960048,0.20399524,a_noamd
T0213.jpg,0.8552356,0.14476444,a_noamd
T0214.jpg,0.7190772,0.28092283,a_noamd
T0215.jpg,0.6421987,0.35780132,a_noamd
T0216.jpg,0.6290075,0.37099242,a_noamd
T0217.jpg,0.72267777,0.27732223,a_noamd
T0218.jpg,0.83791083,0.16208918,a_noamd
T0220.jpg,0.6611643,0.33883566,a_noamd
T0221.jpg,0.6927275,0.30727246,a_noamd
T0222.jpg,0.8553164,0.14468355,a_noamd
T0223.jpg,0.81038934,0.1896107,a_noamd
T0224.jpg,0.69323254,0.30676746,a_noamd
T0225.jpg,0.76331365,0.23668632,a_noamd
T0228.jpg,0.3953307,0.6046693,b_amd
T0229.jpg,0.63325894,0.3667411,a_noamd
T0230.jpg,0.23155452,0.76844543,b_amd
T0231.jpg,0.70018077,0.29981923,a_noamd
T0232.jpg,0.8251332,0.1748668,a_noamd
T0233.jpg,0.57769585,0.42230415,a_noamd
T0234.jpg,0.41065356,0.58934647,b_amd
T0235.jpg,0.25753787,0.74246216,b_amd
T0236.jpg,0.78225195,0.21774802,a_noamd
T0238.jpg,0.76436806,0.23563187,a_noamd
T0239.jpg,0.62379915,0.37620085,a_noamd
T0240.jpg,0.5821081,0.4178919,a_noamd
T0241.jpg,0.6176389,0.38236117,a_noamd
T0242.jpg,0.66667336,0.33332664,a_noamd
T0243.jpg,0.8123044,0.1876956,a_noamd
T0246.jpg,0.628136,0.371864,a_noamd
T0248.jpg,0.17751074,0.8224893,b_amd
T0249.jpg,0.78341454,0.21658543,a_noamd
T0250.jpg,0.8184907,0.18150929,a_noamd
T0251.jpg,0.34597003,0.65402997,b_amd
T0253.jpg,0.5979003,0.4020997,a_noamd
T0256.jpg,0.44460058,0.5553994,b_amd
T0257.jpg,0.68856037,0.31143957,a_noamd
T0259.jpg,0.76368195,0.23631802,a_noamd
T0260.jpg,0.85743624,0.14256382,a_noamd
T0262.jpg,0.16515498,0.834845,b_amd
T0263.jpg,0.48100454,0.51899546,b_amd
T0264.jpg,0.7844708,0.21552917,a_noamd
T0265.jpg,0.35530373,0.6446963,b_amd
T0266.jpg,0.8054963,0.19450371,a_noamd
T0267.jpg,0.8228367,0.17716332,a_noamd
T0268.jpg,0.49226022,0.5077397,b_amd
T0269.jpg,0.78911006,0.2108899,a_noamd
T0270.jpg,0.6624692,0.33753073,a_noamd
T0271.jpg,0.6502431,0.3497569,a_noamd
T0272.jpg,0.7871525,0.21284749,a_noamd
T0273.jpg,0.5567989,0.4432011,a_noamd
T0274.jpg,0.8746614,0.12533863,a_noamd
T0275.jpg,0.6810915,0.3189085,a_noamd
T0276.jpg,0.5543715,0.44562852,a_noamd
T0277.jpg,0.55174303,0.44825703,a_noamd
T0278.jpg,0.6756845,0.32431552,a_noamd
T0279.jpg,0.23723881,0.7627612,b_amd
T0280.jpg,0.7594539,0.24054608,a_noamd
T0281.jpg,0.2968269,0.7031731,b_amd
T0282.jpg,0.47313404,0.52686596,b_amd
T0283.jpg,0.09567036,0.90432966,b_amd
T0284.jpg,0.041591007,0.958409,b_amd
T0285.jpg,0.61077493,0.3892251,a_noamd
T0287.jpg,0.69471943,0.3052806,a_noamd
T0288.jpg,0.75873137,0.24126871,a_noamd
T0289.jpg,0.4912183,0.50878173,b_amd
T0290.jpg,0.7358772,0.2641228,a_noamd
T0292.jpg,0.57611966,0.42388034,a_noamd
T0293.jpg,0.49022686,0.50977314,b_amd
T0294.jpg,0.39381415,0.60618585,b_amd
T0295.jpg,0.73238873,0.2676112,a_noamd
T0296.jpg,0.5089087,0.4910913,a_noamd
T0297.jpg,0.48977083,0.5102292,b_amd
T0299.jpg,0.7764817,0.22351834,a_noamd
T0300.jpg,0.5303416,0.46965837,a_noamd
T0302.jpg,0.16315384,0.8368462,b_amd
T0303.jpg,0.48795584,0.51204413,b_amd
T0304.jpg,0.22785234,0.7721477,b_amd
T0305.jpg,0.7170012,0.28299877,a_noamd
T0306.jpg,0.66939056,0.33060944,a_noamd
T0308.jpg,0.6335599,0.36644006,a_noamd
T0309.jpg,0.30258867,0.69741136,b_amd
T0310.jpg,0.6990185,0.30098155,a_noamd
T0311.jpg,0.39491424,0.6050858,b_amd
T0312.jpg,0.074143104,0.9258569,b_amd
T0313.jpg,0.10300235,0.89699763,b_amd
T0314.jpg,0.27526888,0.72473115,b_amd
T0315.jpg,0.1132438,0.8867562,b_amd
T0316.jpg,0.30822343,0.6917766,b_amd
T0317.jpg,0.32240787,0.6775921,b_amd
T0318.jpg,0.8042484,0.19575159,a_noamd
T0319.jpg,0.4954362,0.5045638,b_amd
T0320.jpg,0.023524946,0.97647506,b_amd
T0321.jpg,0.8572188,0.14278117,a_noamd
T0322.jpg,0.5308358,0.4691642,a_noamd
T0324.jpg,0.7468411,0.2531589,a_noamd
T0327.jpg,0.73219854,0.2678015,a_noamd
T0328.jpg,0.85527307,0.14472696,a_noamd
T0330.jpg,0.78641397,0.21358602,a_noamd
T0331.jpg,0.4131052,0.5868948,b_amd
T0332.jpg,0.5450156,0.4549844,a_noamd
T0333.jpg,0.51032436,0.4896756,a_noamd
T0334.jpg,0.7593305,0.2406695,a_noamd
T0335.jpg,0.78167504,0.21832496,a_noamd
T0336.jpg,0.80237246,0.19762751,a_noamd
T0337.jpg,0.5701397,0.42986032,a_noamd
T0338.jpg,0.81732726,0.18267274,a_noamd
T0339.jpg,0.38089558,0.6191044,b_amd
T0340.jpg,0.6506249,0.3493751,a_noamd
T0341.jpg,0.4803317,0.51966834,b_amd
T0342.jpg,0.80442715,0.19557288,a_noamd
T0343.jpg,0.017330602,0.98266935,b_amd
T0344.jpg,0.6042087,0.39579123,a_noamd
T0345.jpg,0.7974078,0.20259222,a_noamd
T0346.jpg,0.40510622,0.5948938,b_amd
T0347.jpg,0.38824347,0.61175656,b_amd
T0349.jpg,0.7946539,0.20534611,a_noamd
T0350.jpg,0.7419918,0.25800812,a_noamd
T0352.jpg,0.73279196,0.26720807,a_noamd
T0353.jpg,0.7266918,0.27330822,a_noamd
T0354.jpg,0.5344156,0.46558443,a_noamd
T0355.jpg,0.77128994,0.22871001,a_noamd
T0356.jpg,0.32270694,0.67729306,b_amd
T0357.jpg,0.7020322,0.2979678,a_noamd
T0358.jpg,0.73798406,0.26201597,a_noamd
T0359.jpg,0.6776183,0.32238165,a_noamd
T0360.jpg,0.7189823,0.28101766,a_noamd
T0362.jpg,0.6824369,0.31756318,a_noamd
T0363.jpg,0.270668,0.729332,b_amd
T0365.jpg,0.57062626,0.4293737,a_noamd
T0367.jpg,0.76046705,0.23953296,a_noamd
T0369.jpg,0.46333644,0.5366636,b_amd
T0370.jpg,0.67479587,0.32520413,a_noamd
T0371.jpg,0.7339161,0.26608387,a_noamd
T0373.jpg,0.31003717,0.6899628,b_amd
T0374.jpg,0.38390905,0.61609095,b_amd
T0375.jpg,0.7406786,0.2593214,a_noamd
T0376.jpg,0.81321996,0.18678002,a_noamd
T0379.jpg,0.079731576,0.92026836,b_amd
T0380.jpg,0.7794949,0.22050516,a_noamd
T0383.jpg,0.07114784,0.9288522,b_amd
T0384.jpg,0.7503163,0.24968363,a_noamd
T0385.jpg,0.4297661,0.57023394,b_amd
T0387.jpg,0.78950554,0.21049441,a_noamd
T0388.jpg,0.5639688,0.43603122,a_noamd
T0389.jpg,0.6033966,0.39660344,a_noamd
T0391.jpg,0.46095726,0.5390428,b_amd
T0395.jpg,0.6842538,0.31574616,a_noamd
T0396.jpg,0.48297447,0.51702553,b_amd
T0397.jpg,0.5755302,0.42446986,a_noamd
T0398.jpg,0.6539493,0.34605065,a_noamd
T0399.jpg,0.76782846,0.23217152,a_noamd
T0400.jpg,0.18466078,0.81533927,b_amd
V0001.jpg,0.025332617,0.9746674,b_amd
V0002.jpg,0.6241807,0.37581933,a_noamd
V0003.jpg,0.71414423,0.28585583,a_noamd
V0004.jpg,0.29366264,0.70633733,b_amd
V0005.jpg,0.53960294,0.4603971,a_noamd
V0006.jpg,0.8077685,0.19223154,a_noamd
V0007.jpg,0.6529322,0.34706777,a_noamd
V0008.jpg,0.031534355,0.9684656,b_amd
V0010.jpg,0.6982517,0.30174822,a_noamd
V0011.jpg,0.62425697,0.37574303,a_noamd
V0012.jpg,0.8002933,0.19970667,a_noamd
V0014.jpg,0.6788681,0.32113183,a_noamd
V0015.jpg,0.5770836,0.42291638,a_noamd
V0016.jpg,0.70375115,0.29624885,a_noamd
V0017.jpg,0.7655749,0.23442517,a_noamd
V0018.jpg,0.1267052,0.87329483,b_amd
V0019.jpg,0.824512,0.17548797,a_noamd
V0020.jpg,0.788504,0.21149601,a_noamd
V0021.jpg,0.084845304,0.9151547,b_amd
V0023.jpg,0.81793,0.18207005,a_noamd
V0024.jpg,0.56455725,0.4354428,a_noamd
V0025.jpg,0.86985576,0.13014425,a_noamd
V0026.jpg,0.7716668,0.22833318,a_noamd
V0027.jpg,0.37025735,0.6297427,b_amd
V0028.jpg,0.7781948,0.22180526,a_noamd
V0029.jpg,0.39646423,0.6035358,b_amd
V0031.jpg,0.4289193,0.5710807,b_amd
V0032.jpg,0.781701,0.21829896,a_noamd
V0035.jpg,0.6435008,0.35649922,a_noamd
V0036.jpg,0.76386875,0.2361312,a_noamd
V0037.jpg,0.5494382,0.45056185,a_noamd
V0038.jpg,0.57632244,0.42367753,a_noamd
V0039.jpg,0.7580958,0.2419042,a_noamd
V0040.jpg,0.77895486,0.22104514,a_noamd
V0041.jpg,0.64240104,0.35759893,a_noamd
V0042.jpg,0.8078158,0.1921842,a_noamd
V0044.jpg,0.7452843,0.25471565,a_noamd
V0045.jpg,0.07065785,0.9293421,b_amd
V0046.jpg,0.21585916,0.7841409,b_amd
V0047.jpg,0.80179167,0.19820835,a_noamd
V0049.jpg,0.32094285,0.6790572,b_amd
V0052.jpg,0.67523515,0.32476485,a_noamd
V0053.jpg,0.7509015,0.24909848,a_noamd
V0054.jpg,0.35504544,0.64495456,b_amd
V0055.jpg,0.77646947,0.22353056,a_noamd
V0056.jpg,0.025789047,0.9742109,b_amd
V0057.jpg,0.66646075,0.3335393,a_noamd
V0058.jpg,0.6440953,0.35590476,a_noamd
V0059.jpg,0.73593533,0.26406467,a_noamd
V0060.jpg,0.11874757,0.8812524,b_amd
V0062.jpg,0.8068468,0.1931532,a_noamd
V0064.jpg,0.41911423,0.5808857,b_amd
V0065.jpg,0.7961855,0.20381452,a_noamd
V0066.jpg,0.61573905,0.38426092,a_noamd
V0067.jpg,0.13673617,0.8632639,b_amd
V0068.jpg,0.49554405,0.5044559,b_amd
V0069.jpg,0.748224,0.25177598,a_noamd
V0070.jpg,0.7759598,0.22404018,a_noamd
V0071.jpg,0.55667406,0.44332594,a_noamd
V0072.jpg,0.7305524,0.2694476,a_noamd
V0073.jpg,0.77288514,0.22711481,a_noamd
V0074.jpg,0.37689397,0.62310606,b_amd
V0075.jpg,0.6144376,0.38556236,a_noamd
V0076.jpg,0.76014566,0.2398543,a_noamd
V0077.jpg,0.5929041,0.4070959,a_noamd
V0079.jpg,0.63904476,0.3609552,a_noamd
V0081.jpg,0.13550001,0.8645,b_amd
V0082.jpg,0.79025793,0.20974204,a_noamd
V0084.jpg,0.5238273,0.4761727,a_noamd
V0086.jpg,0.2369883,0.76301163,b_amd
V0088.jpg,0.5929118,0.40708822,a_noamd
V0090.jpg,0.6682639,0.3317361,a_noamd
V0092.jpg,0.6450869,0.35491315,a_noamd
V0094.jpg,0.81034404,0.18965597,a_noamd
V0095.jpg,0.5600066,0.43999335,a_noamd
V0096.jpg,0.7023959,0.29760408,a_noamd
V0097.jpg,0.23774637,0.76225364,b_amd
V0098.jpg,0.82667935,0.17332064,a_noamd
V0100.jpg,0.0067661516,0.99323386,b_amd
V0101.jpg,0.6846174,0.3153826,a_noamd
V0102.jpg,0.7767385,0.22326148,a_noamd
V0104.jpg,0.7376269,0.26237312,a_noamd
V0107.jpg,0.33694333,0.6630566,b_amd
V0109.jpg,0.86098635,0.13901363,a_noamd
V0110.jpg,0.5681675,0.43183252,a_noamd
V0112.jpg,0.65761197,0.34238803,a_noamd
V0113.jpg,0.78923804,0.210762,a_noamd
V0114.jpg,0.38874456,0.6112554,b_amd
V0116.jpg,0.34547806,0.65452194,b_amd
V0118.jpg,0.7430642,0.25693578,a_noamd
V0120.jpg,0.7927316,0.20726843,a_noamd
V0121.jpg,0.56037116,0.43962884,a_noamd
V0122.jpg,0.5427341,0.45726588,a_noamd
V0123.jpg,0.7366468,0.2633532,a_noamd
V0124.jpg,0.04148176,0.95851827,b_amd
V0126.jpg,0.59333795,0.40666208,a_noamd
V0127.jpg,0.6981741,0.30182585,a_noamd
V0128.jpg,0.51539993,0.48460004,a_noamd
V0130.jpg,0.6547048,0.34529516,a_noamd
V0131.jpg,0.7410252,0.2589748,a_noamd
V0132.jpg,0.6874449,0.31255507,a_noamd
V0134.jpg,0.77076656,0.2292334,a_noamd
V0136.jpg,0.4667379,0.5332621,b_amd
V0137.jpg,0.32383695,0.676163,b_amd
V0138.jpg,0.22274673,0.7772532,b_amd
V0139.jpg,0.6279167,0.37208334,a_noamd
V0140.jpg,0.52839434,0.47160563,a_noamd
V0142.jpg,0.23394921,0.7660508,b_amd
V0143.jpg,0.72275126,0.27724877,a_noamd
V0144.jpg,0.5668218,0.43317822,a_noamd
V0145.jpg,0.102191344,0.8978087,b_amd
V0148.jpg,0.8155645,0.18443552,a_noamd
V0149.jpg,0.4474204,0.5525796,b_amd
V0150.jpg,0.8271801,0.17281988,a_noamd
V0153.jpg,0.5306702,0.46932977,a_noamd
V0154.jpg,0.012410998,0.98758906,b_amd
V0155.jpg,0.78131545,0.21868457,a_noamd
V0156.jpg,0.82511747,0.17488256,a_noamd
V0157.jpg,0.66421986,0.33578014,a_noamd
V0160.jpg,0.33521748,0.6647826,b_amd
V0162.jpg,0.5654136,0.4345864,a_noamd
V0163.jpg,0.4990258,0.5009742,b_amd
V0164.jpg,0.11391124,0.8860888,b_amd
V0165.jpg,0.81706995,0.18293001,a_noamd
V0166.jpg,0.7989591,0.20104088,a_noamd
V0167.jpg,0.76368546,0.23631454,a_noamd
V0168.jpg,0.81310236,0.18689759,a_noamd
V0169.jpg,0.7834898,0.21651019,a_noamd
V0171.jpg,0.63635564,0.36364436,a_noamd
V0174.jpg,0.3647668,0.63523316,b_amd
V0175.jpg,0.604993,0.39500704,a_noamd
V0176.jpg,0.7330851,0.26691493,a_noamd
V0177.jpg,0.7483445,0.25165546,a_noamd
V0178.jpg,0.45777705,0.5422229,b_amd
V0179.jpg,0.7823891,0.21761088,a_noamd
V0181.jpg,0.8399549,0.16004504,a_noamd
V0183.jpg,0.5888714,0.4111286,a_noamd
V0184.jpg,0.8098428,0.19015715,a_noamd
V0185.jpg,0.2190824,0.78091764,b_amd
V0186.jpg,0.6964399,0.30356008,a_noamd
V0189.jpg,0.565515,0.43448508,a_noamd
V0191.jpg,0.63403124,0.36596876,a_noamd
V0192.jpg,0.73287016,0.26712984,a_noamd
V0193.jpg,0.7090167,0.29098332,a_noamd
V0194.jpg,0.27988255,0.72011745,b_amd
V0195.jpg,0.7399362,0.26006383,a_noamd
V0197.jpg,0.8264479,0.17355207,a_noamd
V0198.jpg,0.78368515,0.21631484,a_noamd
V0199.jpg,0.79285145,0.20714855,a_noamd
V0200.jpg,0.6705421,0.32945788,a_noamd
V0201.jpg,0.16619213,0.83380795,b_amd
V0202.jpg,0.7438555,0.2561445,a_noamd
V0203.jpg,0.44173387,0.55826616,b_amd
V0204.jpg,0.5554145,0.4445855,a_noamd
V0205.jpg,0.6494082,0.35059178,a_noamd
V0206.jpg,0.29384947,0.70615053,b_amd
V0207.jpg,0.34341016,0.65658987,b_amd
V0208.jpg,0.43878868,0.56121135,b_amd
V0209.jpg,0.46452257,0.53547746,b_amd
V0210.jpg,0.725168,0.27483198,a_noamd
V0211.jpg,0.62191826,0.37808168,a_noamd
V0212.jpg,0.6519226,0.34807742,a_noamd
V0213.jpg,0.47568598,0.52431405,b_amd
V0214.jpg,0.45280525,0.5471947,b_amd
V0215.jpg,0.78845567,0.2115443,a_noamd
V0216.jpg,0.7362508,0.26374912,a_noamd
V0217.jpg,0.62477773,0.37522224,a_noamd
V0219.jpg,0.6450276,0.35497248,a_noamd
V0220.jpg,0.8157025,0.18429753,a_noamd
V0221.jpg,0.3768658,0.6231342,b_amd
V0222.jpg,0.05744351,0.94255656,b_amd
V0223.jpg,0.5019801,0.49801987,a_noamd
V0224.jpg,0.36598903,0.634011,b_amd
V0225.jpg,0.78419894,0.21580108,a_noamd
V0226.jpg,0.737836,0.26216403,a_noamd
V0228.jpg,0.8083666,0.19163334,a_noamd
V0229.jpg,0.8014738,0.19852614,a_noamd
V0230.jpg,0.75577474,0.24422526,a_noamd
V0231.jpg,0.3974248,0.6025752,b_amd
V0232.jpg,0.70908976,0.29091024,a_noamd
V0234.jpg,0.71445435,0.28554562,a_noamd
V0235.jpg,0.12265416,0.87734586,b_amd
V0236.jpg,0.7579751,0.24202494,a_noamd
V0238.jpg,0.6978857,0.30211428,a_noamd
V0239.jpg,0.029697735,0.97030234,b_amd
V0240.jpg,0.77616185,0.22383815,a_noamd
V0241.jpg,0.65934676,0.34065318,a_noamd
V0242.jpg,0.21780184,0.7821982,b_amd
V0243.jpg,0.3216331,0.67836684,b_amd
V0244.jpg,0.6132998,0.38670024,a_noamd
V0246.jpg,0.72776437,0.27223566,a_noamd
V0247.jpg,0.8080667,0.19193326,a_noamd
V0249.jpg,0.46026134,0.53973866,b_amd
V0250.jpg,0.68880504,0.31119496,a_noamd
V0252.jpg,0.71235454,0.28764546,a_noamd
V0253.jpg,0.5813001,0.4186999,a_noamd
V0254.jpg,0.31788406,0.682116,b_amd
V0255.jpg,0.6085426,0.39145735,a_noamd
V0256.jpg,0.42943764,0.57056236,b_amd
V0257.jpg,0.80156696,0.19843312,a_noamd
V0259.jpg,0.74465203,0.25534797,a_noamd
V0260.jpg,0.7544467,0.24555336,a_noamd
V0261.jpg,0.7719672,0.22803283,a_noamd
V0262.jpg,0.8255739,0.17442603,a_noamd
V0263.jpg,0.74003357,0.25996643,a_noamd
V0265.jpg,0.5162967,0.4837033,a_noamd
V0266.jpg,0.013609776,0.98639023,b_amd
V0268.jpg,0.25976205,0.74023795,b_amd
V0270.jpg,0.36746874,0.6325312,b_amd
V0271.jpg,0.40279588,0.59720415,b_amd
V0272.jpg,0.7552157,0.24478437,a_noamd
V0273.jpg,0.6170418,0.38295814,a_noamd
V0274.jpg,0.77581125,0.22418873,a_noamd
V0275.jpg,0.15084857,0.84915143,b_amd
V0276.jpg,0.4769658,0.5230342,b_amd
V0277.jpg,0.7267481,0.27325186,a_noamd
V0278.jpg,0.36030054,0.63969946,b_amd
V0279.jpg,0.6360182,0.36398184,a_noamd
V0280.jpg,0.53781015,0.4621898,a_noamd
V0283.jpg,0.69929004,0.30070993,a_noamd
V0285.jpg,0.03152761,0.9684724,b_amd
V0286.jpg,0.54966885,0.45033115,a_noamd
V0287.jpg,0.6193908,0.38060915,a_noamd
V0288.jpg,0.6178643,0.3821357,a_noamd
V0289.jpg,0.65303093,0.34696907,a_noamd
V0290.jpg,0.74401367,0.25598633,a_noamd
V0291.jpg,0.010497661,0.9895023,b_amd
V0292.jpg,0.010851232,0.9891488,b_amd
V0293.jpg,0.52323097,0.47676906,a_noamd
V0294.jpg,0.78376055,0.2162395,a_noamd
V0295.jpg,0.62793326,0.3720667,a_noamd
V0296.jpg,0.79678255,0.20321748,a_noamd
V0298.jpg,0.6603972,0.33960277,a_noamd
V0299.jpg,0.5822773,0.41772267,a_noamd
V0300.jpg,0.7276385,0.27236146,a_noamd
V0301.jpg,0.7836617,0.21633825,a_noamd
V0302.jpg,0.38007993,0.61992,b_amd
V0303.jpg,0.4495067,0.55049336,b_amd
V0304.jpg,0.74328756,0.2567124,a_noamd
V0305.jpg,0.7199869,0.28001302,a_noamd
V0306.jpg,0.7298595,0.27014047,a_noamd
V0307.jpg,0.7978347,0.20216529,a_noamd
V0308.jpg,0.5541501,0.4458499,a_noamd
V0309.jpg,0.18778339,0.8122166,b_amd
V0310.jpg,0.07552369,0.92447627,b_amd
V0311.jpg,0.7084598,0.2915402,a_noamd
V0312.jpg,0.63755685,0.36244315,a_noamd
V0313.jpg,0.73773134,0.26226866,a_noamd
V0314.jpg,0.59888643,0.40111354,a_noamd
V0315.jpg,0.7686495,0.23135047,a_noamd
V0316.jpg,0.7067934,0.2932066,a_noamd
V0317.jpg,0.05485607,0.94514394,b_amd
V0318.jpg,0.4582071,0.54179287,b_amd
V0320.jpg,0.84242797,0.15757202,a_noamd
V0321.jpg,0.11496895,0.885031,b_amd
V0322.jpg,0.7651837,0.23481627,a_noamd
V0324.jpg,0.78519255,0.2148074,a_noamd
V0325.jpg,0.37263465,0.6273654,b_amd
V0328.jpg,0.20709407,0.7929059,b_amd
V0329.jpg,0.47863817,0.52136177,b_amd
V0332.jpg,0.6116958,0.38830423,a_noamd
V0333.jpg,0.3880554,0.61194456,b_amd
V0335.jpg,0.3339731,0.66602683,b_amd
V0336.jpg,0.5701104,0.4298896,a_noamd
V0338.jpg,0.6738809,0.3261191,a_noamd
V0339.jpg,0.5799604,0.4200396,a_noamd
V0340.jpg,0.5066896,0.49331036,a_noamd
V0341.jpg,0.70248747,0.2975125,a_noamd
V0342.jpg,0.47607994,0.52392006,b_amd
V0343.jpg,0.8040395,0.19596058,a_noamd
V0345.jpg,0.791703,0.20829697,a_noamd
V0346.jpg,0.81432843,0.18567158,a_noamd
V0347.jpg,0.7778194,0.2221806,a_noamd
V0348.jpg,0.6821224,0.31787753,a_noamd
V0349.jpg,0.69782835,0.30217165,a_noamd
V0350.jpg,0.060267203,0.93973285,b_amd
V0351.jpg,0.6504602,0.34953985,a_noamd
V0353.jpg,0.5451444,0.4548556,a_noamd
V0355.jpg,0.45555854,0.54444146,b_amd
V0356.jpg,0.70398456,0.2960154,a_noamd
V0358.jpg,0.835906,0.16409399,a_noamd
V0359.jpg,0.33346778,0.6665322,b_amd
V0361.jpg,0.69734126,0.3026587,a_noamd
V0362.jpg,0.0149629675,0.985037,b_amd
V0364.jpg,0.63811153,0.36188847,a_noamd
V0365.jpg,0.015685294,0.98431474,b_amd
V0366.jpg,0.6672516,0.3327484,a_noamd
V0367.jpg,0.39439404,0.60560596,b_amd
V0370.jpg,0.83043236,0.16956767,a_noamd
V0371.jpg,0.7620893,0.23791066,a_noamd
V0372.jpg,0.85022855,0.1497715,a_noamd
V0373.jpg,0.6248679,0.37513208,a_noamd
V0374.jpg,0.7590195,0.24098054,a_noamd
V0376.jpg,0.6426461,0.357354,a_noamd
V0377.jpg,0.07264869,0.92735136,b_amd
V0378.jpg,0.65371466,0.3462853,a_noamd
V0381.jpg,0.6624637,0.33753628,a_noamd
V0382.jpg,0.7416862,0.25831375,a_noamd
V0383.jpg,0.12303197,0.876968,b_amd
V0384.jpg,0.4588648,0.54113513,b_amd
V0385.jpg,0.80995506,0.19004495,a_noamd
V0386.jpg,0.6235649,0.37643504,a_noamd
V0387.jpg,0.71733016,0.2826698,a_noamd
V0389.jpg,0.56440115,0.43559885,a_noamd
V0391.jpg,0.6394585,0.3605415,a_noamd
V0393.jpg,0.73863053,0.2613694,a_noamd
V0394.jpg,0.76784974,0.2321503,a_noamd
V0395.jpg,0.78181356,0.21818644,a_noamd
V0396.jpg,0.7322168,0.2677832,a_noamd
V0398.jpg,0.76429194,0.23570806,a_noamd
V0400.jpg,0.5416347,0.45836535,a_noamd
A0001.jpg,0.02488948,0.9751106,b_amd
A0002.jpg,0.014465789,0.9855342,b_amd
A0003.jpg,0.011900413,0.98809963,b_amd
A0004.jpg,0.31602746,0.68397254,b_amd
A0005.jpg,0.22114588,0.77885413,b_amd
A0006.jpg,0.72654736,0.27345267,a_noamd
A0007.jpg,0.014084397,0.98591566,b_amd
A0008.jpg,0.10643084,0.8935691,b_amd
A0009.jpg,0.01282931,0.98717064,b_amd
A0010.jpg,0.06856075,0.9314392,b_amd
A0011.jpg,0.08028307,0.9197169,b_amd
A0012.jpg,0.027838983,0.972161,b_amd
A0013.jpg,0.11338693,0.8866131,b_amd
A0014.jpg,0.7741311,0.2258689,a_noamd
A0015.jpg,0.059866216,0.9401338,b_amd
A0016.jpg,0.01735107,0.98264897,b_amd
A0017.jpg,0.018787414,0.98121256,b_amd
A0018.jpg,0.01839714,0.98160285,b_amd
A0019.jpg,0.039730556,0.9602695,b_amd
A0020.jpg,0.010681678,0.9893183,b_amd
A0021.jpg,0.14719969,0.8528003,b_amd
A0022.jpg,0.028980363,0.9710197,b_amd
A0023.jpg,0.008638091,0.9913619,b_amd
A0024.jpg,0.5306208,0.46937913,a_noamd
A0025.jpg,0.5238187,0.4761813,a_noamd
A0026.jpg,0.7282009,0.27179912,a_noamd
A0027.jpg,0.009834364,0.99016565,b_amd
A0028.jpg,0.08330468,0.9166953,b_amd
A0029.jpg,0.17172118,0.8282788,b_amd
A0030.jpg,0.33362952,0.66637045,b_amd
A0031.jpg,0.23239051,0.7676095,b_amd
A0032.jpg,0.0072083888,0.99279165,b_amd
A0033.jpg,0.03526471,0.9647353,b_amd
A0034.jpg,0.011032253,0.9889677,b_amd
A0035.jpg,0.024483224,0.97551674,b_amd
A0036.jpg,0.0151935145,0.9848065,b_amd
A0037.jpg,0.0070768036,0.99292314,b_amd
A0038.jpg,0.060871255,0.93912876,b_amd
A0039.jpg,0.19074246,0.8092575,b_amd
A0040.jpg,0.07147007,0.92853,b_amd
A0041.jpg,0.06369698,0.93630296,b_amd
A0042.jpg,0.04456439,0.9554356,b_amd
A0043.jpg,0.01700006,0.9829999,b_amd
A0044.jpg,0.041410904,0.9585891,b_amd
A0045.jpg,0.6662466,0.33375347,a_noamd
A0046.jpg,0.17781143,0.82218856,b_amd
A0047.jpg,0.03716967,0.9628303,b_amd
A0048.jpg,0.017222703,0.98277736,b_amd
A0049.jpg,0.019236742,0.9807632,b_amd
A0050.jpg,0.010945795,0.9890542,b_amd
A0051.jpg,0.11496895,0.885031,b_amd
A0052.jpg,0.32249078,0.6775092,b_amd
A0053.jpg,0.2915631,0.70843685,b_amd
A0054.jpg,0.110446766,0.88955325,b_amd
A0055.jpg,0.7296358,0.2703642,a_noamd
A0056.jpg,0.0049962834,0.99500376,b_amd
A0057.jpg,0.0059864246,0.9940136,b_amd
A0058.jpg,0.07026854,0.9297314,b_amd
A0059.jpg,0.16089739,0.8391026,b_amd
A0060.jpg,0.059254386,0.9407456,b_amd
A0061.jpg,0.19639021,0.8036098,b_amd
A0062.jpg,0.010967369,0.9890326,b_amd
A0063.jpg,0.030564738,0.9694353,b_amd
A0064.jpg,0.41961214,0.58038783,b_amd
A0065.jpg,0.20047407,0.79952586,b_amd
A0066.jpg,0.013109903,0.9868901,b_amd
A0067.jpg,0.016885553,0.9831145,b_amd
A0068.jpg,0.013590606,0.9864094,b_amd
A0069.jpg,0.021908127,0.9780919,b_amd
A0070.jpg,0.16664721,0.83335286,b_amd
A0071.jpg,0.008805455,0.9911945,b_amd
A0072.jpg,0.010106928,0.989893,b_amd
A0073.jpg,0.19542754,0.8045725,b_amd
A0074.jpg,0.054424528,0.94557554,b_amd
A0075.jpg,0.0046328087,0.99536717,b_amd
A0076.jpg,0.0050507933,0.9949492,b_amd
A0077.jpg,0.010552457,0.9894476,b_amd
A0078.jpg,0.733536,0.26646394,a_noamd
A0079.jpg,0.59665245,0.4033475,a_noamd
A0080.jpg,0.013176748,0.9868232,b_amd
A0081.jpg,0.12781276,0.87218726,b_amd
A0082.jpg,0.6269503,0.37304968,a_noamd
A0083.jpg,0.42671224,0.5732878,b_amd
A0084.jpg,0.034296766,0.9657032,b_amd
A0085.jpg,0.043403063,0.9565969,b_amd
A0086.jpg,0.036956564,0.9630434,b_amd
A0087.jpg,0.10834191,0.8916581,b_amd
A0088.jpg,0.055954564,0.94404536,b_amd
A0089.jpg,0.18762913,0.81237084,b_amd
T0003.jpg,0.022751227,0.9772488,b_amd
T0004.jpg,0.007020878,0.9929791,b_amd
T0010.jpg,0.11265666,0.8873433,b_amd
T0015.jpg,0.1070309,0.89296913,b_amd
T0021.jpg,0.13774249,0.8622575,b_amd
T0024.jpg,0.32086694,0.67913306,b_amd
T0026.jpg,0.014319998,0.98568,b_amd
T0030.jpg,0.039500948,0.96049905,b_amd
T0038.jpg,0.0058247754,0.99417526,b_amd
T0043.jpg,0.4122856,0.58771443,b_amd
T0045.jpg,0.2220126,0.7779874,b_amd
T0048.jpg,0.013329902,0.9866701,b_amd
T0051.jpg,0.02234035,0.97765964,b_amd
T0052.jpg,0.022439264,0.97756076,b_amd
T0053.jpg,0.24725083,0.75274915,b_amd
T0056.jpg,0.091168776,0.9088312,b_amd
T0057.jpg,0.15028088,0.8497191,b_amd
T0059.jpg,0.7069613,0.29303876,a_noamd
T0071.jpg,0.023545593,0.97645444,b_amd
T0072.jpg,0.008790889,0.99120915,b_amd
T0073.jpg,0.8146461,0.18535393,a_noamd
T0083.jpg,0.3720211,0.6279789,b_amd
T0086.jpg,0.08611312,0.9138869,b_amd
T0089.jpg,0.11733361,0.8826664,b_amd
T0105.jpg,0.0063307276,0.99366933,b_amd
T0107.jpg,0.017216988,0.98278296,b_amd
T0112.jpg,0.49416703,0.50583297,b_amd
T0118.jpg,0.033720076,0.96627986,b_amd
T0120.jpg,0.72845185,0.27154818,a_noamd
T0127.jpg,0.55383897,0.44616106,a_noamd
T0129.jpg,0.013607375,0.98639256,b_amd
T0134.jpg,0.37746474,0.6225353,b_amd
T0147.jpg,0.009105652,0.9908943,b_amd
T0148.jpg,0.07220967,0.92779034,b_amd
T0150.jpg,0.14746255,0.85253745,b_amd
T0152.jpg,0.007757849,0.9922422,b_amd
T0154.jpg,0.009946816,0.99005324,b_amd
T0159.jpg,0.5694358,0.43056425,a_noamd
T0164.jpg,0.006613083,0.9933869,b_amd
T0165.jpg,0.010438587,0.9895614,b_amd
T0166.jpg,0.01254735,0.9874527,b_amd
T0170.jpg,0.018763779,0.9812362,b_amd
T0172.jpg,0.08696524,0.91303474,b_amd
T0176.jpg,0.6399663,0.3600337,a_noamd
T0183.jpg,0.022644846,0.9773552,b_amd
T0188.jpg,0.06591672,0.9340833,b_amd
T0189.jpg,0.012135869,0.9878641,b_amd
T0190.jpg,0.031112205,0.96888775,b_amd
T0193.jpg,0.013621059,0.9863789,b_amd
T0198.jpg,0.6622566,0.33774337,a_noamd
T0201.jpg,0.007027184,0.99297285,b_amd
T0209.jpg,0.011423771,0.98857623,b_amd
T0219.jpg,0.100677386,0.8993226,b_amd
T0226.jpg,0.13156323,0.8684368,b_amd
T0227.jpg,0.020364843,0.9796352,b_amd
T0237.jpg,0.0072290734,0.99277097,b_amd
T0244.jpg,0.029508097,0.97049195,b_amd
T0245.jpg,0.035674006,0.96432596,b_amd
T0247.jpg,0.0065887608,0.99341124,b_amd
T0252.jpg,0.0064745843,0.9935254,b_amd
T0254.jpg,0.011465986,0.98853403,b_amd
T0255.jpg,0.0071890526,0.9928109,b_amd
T0258.jpg,0.009284276,0.99071574,b_amd
T0261.jpg,0.01861228,0.98138773,b_amd
T0286.jpg,0.017696386,0.9823037,b_amd
T0291.jpg,0.26761097,0.73238903,b_amd
T0298.jpg,0.03587879,0.9641213,b_amd
T0301.jpg,0.042778127,0.95722187,b_amd
T0307.jpg,0.5921127,0.4078873,a_noamd
T0323.jpg,0.08822042,0.9117795,b_amd
T0325.jpg,0.059385233,0.9406148,b_amd
T0326.jpg,0.18214463,0.81785536,b_amd
T0329.jpg,0.011978039,0.98802197,b_amd
T0348.jpg,0.012711824,0.98728824,b_amd
T0351.jpg,0.544996,0.45500395,a_noamd
T0361.jpg,0.092437975,0.9075621,b_amd
T0364.jpg,0.6014523,0.3985477,a_noamd
T0366.jpg,0.02286625,0.97713375,b_amd
T0368.jpg,0.4720473,0.52795273,b_amd
T0372.jpg,0.012233575,0.9877664,b_amd
T0377.jpg,0.26881137,0.7311886,b_amd
T0378.jpg,0.08176645,0.9182336,b_amd
T0381.jpg,0.0070718233,0.9929282,b_amd
T0382.jpg,0.7047454,0.2952546,a_noamd
T0386.jpg,0.009004504,0.99099547,b_amd
T0390.jpg,0.11114033,0.8888597,b_amd
T0392.jpg,0.009058624,0.99094135,b_amd
T0393.jpg,0.0451408,0.9548592,b_amd
T0394.jpg,0.009323,0.990677,b_amd
V0009.jpg,0.65635026,0.34364977,a_noamd
V0013.jpg,0.008488649,0.9915113,b_amd
V0022.jpg,0.35144034,0.64855963,b_amd
V0030.jpg,0.008243654,0.9917563,b_amd
V0033.jpg,0.3205632,0.6794368,b_amd
V0034.jpg,0.04562601,0.954374,b_amd
V0043.jpg,0.6434925,0.35650754,a_noamd
V0048.jpg,0.10463079,0.8953692,b_amd
V0050.jpg,0.121105745,0.87889427,b_amd
V0051.jpg,0.0077228886,0.99227715,b_amd
V0061.jpg,0.28114715,0.7188528,b_amd
V0063.jpg,0.016919672,0.9830804,b_amd
V0078.jpg,0.020316482,0.9796836,b_amd
V0080.jpg,0.10068673,0.8993133,b_amd
V0083.jpg,0.057828333,0.94217163,b_amd
V0085.jpg,0.005322654,0.9946773,b_amd
V0087.jpg,0.020736396,0.9792636,b_amd
V0089.jpg,0.28713977,0.7128602,b_amd
V0091.jpg,0.016000248,0.9839998,b_amd
V0093.jpg,0.0052706283,0.99472946,b_amd
V0099.jpg,0.017356053,0.9826439,b_amd
V0103.jpg,0.00907026,0.9909298,b_amd
V0105.jpg,0.029450445,0.9705495,b_amd
V0106.jpg,0.02671154,0.9732885,b_amd
V0108.jpg,0.034229435,0.9657706,b_amd
V0111.jpg,0.046786513,0.95321345,b_amd
V0115.jpg,0.018099912,0.9819001,b_amd
V0117.jpg,0.4291354,0.5708646,b_amd
V0119.jpg,0.011900413,0.98809963,b_amd
V0125.jpg,0.15812415,0.8418759,b_amd
V0129.jpg,0.010671256,0.9893287,b_amd
V0133.jpg,0.23071131,0.7692887,b_amd
V0135.jpg,0.0075363163,0.9924637,b_amd
V0141.jpg,0.02511377,0.9748862,b_amd
V0146.jpg,0.74205434,0.25794566,a_noamd
V0147.jpg,0.01112001,0.98888004,b_amd
V0151.jpg,0.4697564,0.5302436,b_amd
V0152.jpg,0.0063102646,0.9936898,b_amd
V0158.jpg,0.02360389,0.97639614,b_amd
V0159.jpg,0.024570609,0.9754294,b_amd
V0161.jpg,0.0707822,0.92921776,b_amd
V0170.jpg,0.011263672,0.98873633,b_amd
V0172.jpg,0.11648991,0.88351005,b_amd
V0173.jpg,0.05214003,0.94785994,b_amd
V0180.jpg,0.007825143,0.9921748,b_amd
V0182.jpg,0.2035247,0.79647523,b_amd
V0187.jpg,0.0130884955,0.98691154,b_amd
V0188.jpg,0.19931841,0.8006816,b_amd
V0190.jpg,0.017158598,0.9828414,b_amd
V0196.jpg,0.010177264,0.98982275,b_amd
V0218.jpg,0.23628952,0.76371044,b_amd
V0227.jpg,0.02036143,0.9796386,b_amd
V0233.jpg,0.7230555,0.27694446,a_noamd
V0237.jpg,0.011180645,0.9888193,b_amd
V0245.jpg,0.013760034,0.98623997,b_amd
V0248.jpg,0.036617327,0.9633826,b_amd
V0251.jpg,0.006309914,0.99369,b_amd
V0258.jpg,0.12735108,0.8726489,b_amd
V0264.jpg,0.016449919,0.9835501,b_amd
V0267.jpg,0.039281297,0.96071875,b_amd
V0269.jpg,0.017295994,0.982704,b_amd
V0281.jpg,0.58325404,0.41674593,a_noamd
V0282.jpg,0.50616956,0.49383047,a_noamd
V0284.jpg,0.010443677,0.98955625,b_amd
V0297.jpg,0.013176395,0.9868237,b_amd
V0319.jpg,0.10636176,0.89363825,b_amd
V0323.jpg,0.006418192,0.9935819,b_amd
V0326.jpg,0.014249729,0.9857503,b_amd
V0327.jpg,0.58337283,0.41662717,a_noamd
V0330.jpg,0.04917795,0.9508221,b_amd
V0331.jpg,0.21919473,0.7808053,b_amd
V0334.jpg,0.011153903,0.9888461,b_amd
V0337.jpg,0.008073532,0.99192643,b_amd
V0344.jpg,0.39876404,0.6012359,b_amd
V0352.jpg,0.009411852,0.9905882,b_amd
V0354.jpg,0.011663945,0.988336,b_amd
V0357.jpg,0.4091335,0.59086645,b_amd
V0360.jpg,0.011405466,0.98859453,b_amd
V0363.jpg,0.068664126,0.9313358,b_amd
V0368.jpg,0.009718087,0.99028194,b_amd
V0369.jpg,0.1442533,0.85574675,b_amd
V0375.jpg,0.8197028,0.1802972,a_noamd
V0379.jpg,0.14039485,0.85960513,b_amd
V0380.jpg,0.012694715,0.9873053,b_amd
V0388.jpg,0.006404146,0.9935959,b_amd
V0390.jpg,0.03535865,0.96464133,b_amd
V0392.jpg,0.008705401,0.9912947,b_amd
V0397.jpg,0.16522186,0.83477813,b_amd
V0399.jpg,0.39195937,0.60804063,b_amd
