filename,true_label,predicted_label,true_label_idx,predicted_label_idx,correct,score_a_noamd,score_b_amd,confidence
A0001.jpg,b_amd,b_amd,1,1,True,0.032250725,0.96774924,0.96774924
A0002.jpg,b_amd,b_amd,1,1,True,0.020810504,0.9791895,0.9791895
A0003.jpg,b_amd,b_amd,1,1,True,0.11056997,0.88943005,0.88943005
A0004.jpg,b_amd,b_amd,1,1,True,0.06424106,0.9357589,0.9357589
A0005.jpg,b_amd,b_amd,1,1,True,0.10501056,0.89498943,0.89498943
A0006.jpg,b_amd,a_noamd,1,0,False,0.9292893,0.070710726,0.9292893
A0007.jpg,b_amd,b_amd,1,1,True,0.06267288,0.9373271,0.9373271
A0008.jpg,b_amd,a_noamd,1,0,False,0.7187497,0.2812503,0.7187497
A0009.jpg,b_amd,b_amd,1,1,True,0.039765134,0.9602349,0.9602349
A0010.jpg,b_amd,b_amd,1,1,True,0.05804769,0.9419523,0.9419523
A0011.jpg,b_amd,b_amd,1,1,True,0.43844485,0.56155515,0.56155515
A0012.jpg,b_amd,b_amd,1,1,True,0.03883815,0.9611618,0.9611618
A0013.jpg,b_amd,b_amd,1,1,True,0.45365182,0.54634815,0.54634815
A0014.jpg,b_amd,a_noamd,1,0,False,0.9434993,0.05650066,0.9434993
A0015.jpg,b_amd,b_amd,1,1,True,0.31480855,0.6851914,0.6851914
A0016.jpg,b_amd,b_amd,1,1,True,0.064477265,0.93552274,0.93552274
A0017.jpg,b_amd,b_amd,1,1,True,0.023036012,0.97696394,0.97696394
A0018.jpg,b_amd,b_amd,1,1,True,0.4384738,0.56152624,0.56152624
A0019.jpg,b_amd,b_amd,1,1,True,0.12376379,0.8762362,0.8762362
A0020.jpg,b_amd,b_amd,1,1,True,0.048119426,0.9518805,0.9518805
A0021.jpg,b_amd,b_amd,1,1,True,0.24355656,0.75644344,0.75644344
A0022.jpg,b_amd,b_amd,1,1,True,0.033096086,0.9669039,0.9669039
A0023.jpg,b_amd,b_amd,1,1,True,0.05301705,0.946983,0.946983
A0024.jpg,b_amd,b_amd,1,1,True,0.1925446,0.80745536,0.80745536
A0025.jpg,b_amd,a_noamd,1,0,False,0.65034777,0.3496522,0.65034777
A0026.jpg,b_amd,a_noamd,1,0,False,0.884103,0.115896985,0.884103
A0027.jpg,b_amd,b_amd,1,1,True,0.07405373,0.92594624,0.92594624
A0028.jpg,b_amd,b_amd,1,1,True,0.056015693,0.9439843,0.9439843
A0029.jpg,b_amd,b_amd,1,1,True,0.3851958,0.6148042,0.6148042
A0030.jpg,b_amd,a_noamd,1,0,False,0.76269805,0.23730193,0.76269805
A0031.jpg,b_amd,b_amd,1,1,True,0.13451363,0.8654864,0.8654864
A0032.jpg,b_amd,b_amd,1,1,True,0.054213468,0.9457865,0.9457865
A0033.jpg,b_amd,b_amd,1,1,True,0.06548259,0.93451744,0.93451744
A0034.jpg,b_amd,b_amd,1,1,True,0.07754607,0.92245394,0.92245394
A0035.jpg,b_amd,b_amd,1,1,True,0.040048014,0.95995206,0.95995206
A0036.jpg,b_amd,b_amd,1,1,True,0.042582177,0.95741785,0.95741785
A0037.jpg,b_amd,b_amd,1,1,True,0.028454654,0.97154534,0.97154534
A0038.jpg,b_amd,b_amd,1,1,True,0.22750685,0.7724931,0.7724931
A0039.jpg,b_amd,b_amd,1,1,True,0.13581036,0.8641897,0.8641897
A0040.jpg,b_amd,a_noamd,1,0,False,0.89151007,0.10848996,0.89151007
A0041.jpg,b_amd,a_noamd,1,0,False,0.9158765,0.08412356,0.9158765
A0042.jpg,b_amd,a_noamd,1,0,False,0.7442094,0.2557906,0.7442094
A0043.jpg,b_amd,b_amd,1,1,True,0.07646566,0.9235343,0.9235343
A0044.jpg,b_amd,b_amd,1,1,True,0.063803144,0.9361968,0.9361968
A0045.jpg,b_amd,a_noamd,1,0,False,0.86061126,0.13938873,0.86061126
A0046.jpg,b_amd,b_amd,1,1,True,0.07423408,0.9257659,0.9257659
A0047.jpg,b_amd,a_noamd,1,0,False,0.61465764,0.38534233,0.61465764
A0048.jpg,b_amd,b_amd,1,1,True,0.031755775,0.9682442,0.9682442
A0049.jpg,b_amd,b_amd,1,1,True,0.04603734,0.9539627,0.9539627
A0050.jpg,b_amd,b_amd,1,1,True,0.036553342,0.9634467,0.9634467
A0051.jpg,b_amd,b_amd,1,1,True,0.23970784,0.76029223,0.76029223
A0052.jpg,b_amd,b_amd,1,1,True,0.05792135,0.9420786,0.9420786
A0053.jpg,b_amd,b_amd,1,1,True,0.2596577,0.74034226,0.74034226
A0054.jpg,b_amd,b_amd,1,1,True,0.14352715,0.8564728,0.8564728
A0055.jpg,b_amd,a_noamd,1,0,False,0.7991105,0.20088948,0.7991105
A0056.jpg,b_amd,b_amd,1,1,True,0.067235224,0.93276477,0.93276477
A0057.jpg,b_amd,b_amd,1,1,True,0.085069425,0.9149306,0.9149306
A0058.jpg,b_amd,b_amd,1,1,True,0.05518347,0.94481647,0.94481647
A0059.jpg,b_amd,b_amd,1,1,True,0.18025227,0.81974775,0.81974775
A0060.jpg,b_amd,b_amd,1,1,True,0.029728917,0.9702711,0.9702711
A0061.jpg,b_amd,b_amd,1,1,True,0.10026832,0.8997317,0.8997317
A0062.jpg,b_amd,b_amd,1,1,True,0.022560643,0.9774393,0.9774393
A0063.jpg,b_amd,b_amd,1,1,True,0.12675902,0.873241,0.873241
A0064.jpg,b_amd,b_amd,1,1,True,0.20287102,0.79712903,0.79712903
A0065.jpg,b_amd,b_amd,1,1,True,0.047747623,0.9522523,0.9522523
A0066.jpg,b_amd,b_amd,1,1,True,0.032176513,0.96782345,0.96782345
A0067.jpg,b_amd,b_amd,1,1,True,0.029464725,0.9705353,0.9705353
A0068.jpg,b_amd,b_amd,1,1,True,0.026307821,0.9736921,0.9736921
A0069.jpg,b_amd,b_amd,1,1,True,0.034966074,0.96503395,0.96503395
A0070.jpg,b_amd,b_amd,1,1,True,0.08141176,0.9185882,0.9185882
A0071.jpg,b_amd,b_amd,1,1,True,0.027335173,0.97266483,0.97266483
A0072.jpg,b_amd,b_amd,1,1,True,0.036026154,0.9639738,0.9639738
A0073.jpg,b_amd,a_noamd,1,0,False,0.6040164,0.39598352,0.6040164
A0074.jpg,b_amd,b_amd,1,1,True,0.2562252,0.7437748,0.7437748
A0075.jpg,b_amd,b_amd,1,1,True,0.049024865,0.9509752,0.9509752
A0076.jpg,b_amd,b_amd,1,1,True,0.08218722,0.9178128,0.9178128
A0077.jpg,b_amd,b_amd,1,1,True,0.10099511,0.8990049,0.8990049
A0078.jpg,b_amd,b_amd,1,1,True,0.31864458,0.6813554,0.6813554
A0079.jpg,b_amd,a_noamd,1,0,False,0.80266166,0.19733836,0.80266166
A0080.jpg,b_amd,b_amd,1,1,True,0.06407065,0.9359293,0.9359293
A0081.jpg,b_amd,b_amd,1,1,True,0.08841124,0.9115888,0.9115888
A0082.jpg,b_amd,b_amd,1,1,True,0.14432053,0.8556795,0.8556795
A0083.jpg,b_amd,b_amd,1,1,True,0.27175727,0.72824275,0.72824275
A0084.jpg,b_amd,b_amd,1,1,True,0.09058406,0.9094159,0.9094159
A0085.jpg,b_amd,b_amd,1,1,True,0.06894234,0.9310577,0.9310577
A0086.jpg,b_amd,b_amd,1,1,True,0.0979342,0.90206575,0.90206575
A0087.jpg,b_amd,b_amd,1,1,True,0.026515502,0.97348446,0.97348446
A0088.jpg,b_amd,b_amd,1,1,True,0.061212268,0.9387877,0.9387877
A0089.jpg,b_amd,b_amd,1,1,True,0.08604032,0.9139597,0.9139597
N0001.jpg,a_noamd,a_noamd,0,0,True,0.91048366,0.08951642,0.91048366
N0002.jpg,a_noamd,a_noamd,0,0,True,0.92976636,0.070233606,0.92976636
N0003.jpg,a_noamd,a_noamd,0,0,True,0.9573108,0.042689174,0.9573108
N0004.jpg,a_noamd,a_noamd,0,0,True,0.9239409,0.076059125,0.9239409
N0005.jpg,a_noamd,a_noamd,0,0,True,0.8115987,0.18840125,0.8115987
N0006.jpg,a_noamd,a_noamd,0,0,True,0.92667145,0.073328555,0.92667145
N0007.jpg,a_noamd,a_noamd,0,0,True,0.9589169,0.04108308,0.9589169
N0008.jpg,a_noamd,a_noamd,0,0,True,0.93920666,0.060793325,0.93920666
N0009.jpg,a_noamd,a_noamd,0,0,True,0.8383597,0.1616403,0.8383597
N0010.jpg,a_noamd,a_noamd,0,0,True,0.7839314,0.21606863,0.7839314
N0011.jpg,a_noamd,b_amd,0,1,False,0.47798923,0.5220108,0.5220108
N0012.jpg,a_noamd,a_noamd,0,0,True,0.77329695,0.226703,0.77329695
N0013.jpg,a_noamd,a_noamd,0,0,True,0.91050655,0.0894935,0.91050655
N0014.jpg,a_noamd,a_noamd,0,0,True,0.6992361,0.30076396,0.6992361
N0015.jpg,a_noamd,a_noamd,0,0,True,0.8967469,0.10325308,0.8967469
N0016.jpg,a_noamd,a_noamd,0,0,True,0.811843,0.18815702,0.811843
N0017.jpg,a_noamd,a_noamd,0,0,True,0.90013343,0.09986654,0.90013343
N0018.jpg,a_noamd,a_noamd,0,0,True,0.9248162,0.07518381,0.9248162
N0019.jpg,a_noamd,a_noamd,0,0,True,0.91914773,0.080852315,0.91914773
N0020.jpg,a_noamd,a_noamd,0,0,True,0.9156105,0.08438953,0.9156105
N0021.jpg,a_noamd,a_noamd,0,0,True,0.91376823,0.08623175,0.91376823
N0022.jpg,a_noamd,a_noamd,0,0,True,0.88469565,0.11530436,0.88469565
N0023.jpg,a_noamd,b_amd,0,1,False,0.09445441,0.90554553,0.90554553
N0024.jpg,a_noamd,b_amd,0,1,False,0.4172013,0.5827987,0.5827987
N0025.jpg,a_noamd,a_noamd,0,0,True,0.8997225,0.100277446,0.8997225
N0026.jpg,a_noamd,a_noamd,0,0,True,0.7845783,0.21542165,0.7845783
N0027.jpg,a_noamd,a_noamd,0,0,True,0.94895816,0.051041864,0.94895816
N0028.jpg,a_noamd,a_noamd,0,0,True,0.94552577,0.05447425,0.94552577
N0029.jpg,a_noamd,a_noamd,0,0,True,0.6913167,0.30868325,0.6913167
N0030.jpg,a_noamd,a_noamd,0,0,True,0.54019505,0.45980498,0.54019505
N0031.jpg,a_noamd,a_noamd,0,0,True,0.9149234,0.08507659,0.9149234
N0032.jpg,a_noamd,a_noamd,0,0,True,0.95061606,0.049383894,0.95061606
N0033.jpg,a_noamd,a_noamd,0,0,True,0.9558302,0.04416974,0.9558302
N0034.jpg,a_noamd,a_noamd,0,0,True,0.95451206,0.045487966,0.95451206
N0035.jpg,a_noamd,b_amd,0,1,False,0.34509224,0.6549078,0.6549078
N0036.jpg,a_noamd,b_amd,0,1,False,0.3388913,0.6611087,0.6611087
N0037.jpg,a_noamd,a_noamd,0,0,True,0.94176596,0.05823398,0.94176596
N0038.jpg,a_noamd,a_noamd,0,0,True,0.9285283,0.07147165,0.9285283
N0039.jpg,a_noamd,b_amd,0,1,False,0.17732276,0.82267725,0.82267725
N0040.jpg,a_noamd,a_noamd,0,0,True,0.68858624,0.31141376,0.68858624
N0041.jpg,a_noamd,b_amd,0,1,False,0.4023614,0.59763855,0.59763855
N0042.jpg,a_noamd,b_amd,0,1,False,0.044768184,0.95523185,0.95523185
N0043.jpg,a_noamd,b_amd,0,1,False,0.09650175,0.90349823,0.90349823
N0044.jpg,a_noamd,a_noamd,0,0,True,0.68297035,0.31702965,0.68297035
N0045.jpg,a_noamd,a_noamd,0,0,True,0.8886877,0.11131232,0.8886877
N0046.jpg,a_noamd,a_noamd,0,0,True,0.86383086,0.13616918,0.86383086
N0047.jpg,a_noamd,a_noamd,0,0,True,0.72328556,0.2767144,0.72328556
N0048.jpg,a_noamd,a_noamd,0,0,True,0.9084422,0.09155785,0.9084422
N0049.jpg,a_noamd,a_noamd,0,0,True,0.9166139,0.0833862,0.9166139
N0050.jpg,a_noamd,a_noamd,0,0,True,0.8950435,0.1049565,0.8950435
N0051.jpg,a_noamd,a_noamd,0,0,True,0.9411335,0.058866553,0.9411335
N0052.jpg,a_noamd,b_amd,0,1,False,0.19153538,0.80846465,0.80846465
N0053.jpg,a_noamd,a_noamd,0,0,True,0.76420784,0.23579216,0.76420784
N0054.jpg,a_noamd,a_noamd,0,0,True,0.894495,0.10550502,0.894495
N0055.jpg,a_noamd,a_noamd,0,0,True,0.9434526,0.056547344,0.9434526
N0056.jpg,a_noamd,a_noamd,0,0,True,0.8008398,0.19916017,0.8008398
N0057.jpg,a_noamd,a_noamd,0,0,True,0.95322543,0.046774566,0.95322543
N0058.jpg,a_noamd,a_noamd,0,0,True,0.9339795,0.06602044,0.9339795
N0059.jpg,a_noamd,a_noamd,0,0,True,0.9385351,0.061464943,0.9385351
N0060.jpg,a_noamd,a_noamd,0,0,True,0.9359316,0.06406837,0.9359316
N0061.jpg,a_noamd,a_noamd,0,0,True,0.9365291,0.06347089,0.9365291
N0062.jpg,a_noamd,a_noamd,0,0,True,0.9442794,0.055720612,0.9442794
N0063.jpg,a_noamd,a_noamd,0,0,True,0.94342524,0.056574777,0.94342524
N0064.jpg,a_noamd,a_noamd,0,0,True,0.9581735,0.04182652,0.9581735
N0065.jpg,a_noamd,a_noamd,0,0,True,0.9355598,0.06444023,0.9355598
N0066.jpg,a_noamd,b_amd,0,1,False,0.030259913,0.96974015,0.96974015
N0067.jpg,a_noamd,b_amd,0,1,False,0.05605318,0.94394684,0.94394684
N0068.jpg,a_noamd,a_noamd,0,0,True,0.8505857,0.14941426,0.8505857
N0069.jpg,a_noamd,a_noamd,0,0,True,0.85411376,0.14588627,0.85411376
N0070.jpg,a_noamd,a_noamd,0,0,True,0.8977069,0.10229306,0.8977069
N0071.jpg,a_noamd,a_noamd,0,0,True,0.92634225,0.073657766,0.92634225
N0072.jpg,a_noamd,a_noamd,0,0,True,0.9576905,0.042309597,0.9576905
N0073.jpg,a_noamd,a_noamd,0,0,True,0.9469856,0.053014394,0.9469856
N0074.jpg,a_noamd,a_noamd,0,0,True,0.9584044,0.04159565,0.9584044
N0075.jpg,a_noamd,a_noamd,0,0,True,0.91746145,0.08253858,0.91746145
N0076.jpg,a_noamd,a_noamd,0,0,True,0.9434161,0.056583837,0.9434161
N0077.jpg,a_noamd,a_noamd,0,0,True,0.92564183,0.07435817,0.92564183
N0078.jpg,a_noamd,a_noamd,0,0,True,0.9388443,0.06115566,0.9388443
N0079.jpg,a_noamd,a_noamd,0,0,True,0.8851519,0.114848085,0.8851519
N0080.jpg,a_noamd,a_noamd,0,0,True,0.9144333,0.08556673,0.9144333
N0081.jpg,a_noamd,a_noamd,0,0,True,0.9229075,0.07709247,0.9229075
N0082.jpg,a_noamd,a_noamd,0,0,True,0.926009,0.07399097,0.926009
N0083.jpg,a_noamd,a_noamd,0,0,True,0.63047427,0.36952573,0.63047427
N0084.jpg,a_noamd,a_noamd,0,0,True,0.5966342,0.40336576,0.5966342
N0085.jpg,a_noamd,b_amd,0,1,False,0.48883703,0.51116294,0.51116294
N0086.jpg,a_noamd,b_amd,0,1,False,0.07109902,0.928901,0.928901
N0087.jpg,a_noamd,a_noamd,0,0,True,0.850071,0.14992902,0.850071
N0088.jpg,a_noamd,a_noamd,0,0,True,0.9013162,0.098683804,0.9013162
N0089.jpg,a_noamd,a_noamd,0,0,True,0.9256475,0.07435247,0.9256475
N0090.jpg,a_noamd,a_noamd,0,0,True,0.93560255,0.06439744,0.93560255
N0091.jpg,a_noamd,a_noamd,0,0,True,0.93228,0.067720026,0.93228
N0092.jpg,a_noamd,a_noamd,0,0,True,0.91966426,0.08033572,0.91966426
N0093.jpg,a_noamd,a_noamd,0,0,True,0.9200227,0.0799773,0.9200227
N0094.jpg,a_noamd,a_noamd,0,0,True,0.9399298,0.060070254,0.9399298
N0095.jpg,a_noamd,a_noamd,0,0,True,0.9350444,0.06495559,0.9350444
N0096.jpg,a_noamd,a_noamd,0,0,True,0.9020992,0.097900786,0.9020992
N0097.jpg,a_noamd,b_amd,0,1,False,0.091923326,0.9080767,0.9080767
N0098.jpg,a_noamd,b_amd,0,1,False,0.06492704,0.93507296,0.93507296
N0099.jpg,a_noamd,a_noamd,0,0,True,0.90925753,0.09074253,0.90925753
N0100.jpg,a_noamd,b_amd,0,1,False,0.41806725,0.5819327,0.5819327
N0101.jpg,a_noamd,a_noamd,0,0,True,0.77376187,0.22623809,0.77376187
N0102.jpg,a_noamd,a_noamd,0,0,True,0.9361578,0.06384217,0.9361578
N0103.jpg,a_noamd,a_noamd,0,0,True,0.9501929,0.04980704,0.9501929
N0104.jpg,a_noamd,a_noamd,0,0,True,0.9514262,0.048573755,0.9514262
N0105.jpg,a_noamd,a_noamd,0,0,True,0.95364773,0.046352252,0.95364773
N0106.jpg,a_noamd,b_amd,0,1,False,0.2844439,0.715556,0.715556
N0107.jpg,a_noamd,a_noamd,0,0,True,0.8705968,0.1294032,0.8705968
N0108.jpg,a_noamd,a_noamd,0,0,True,0.8846022,0.11539778,0.8846022
N0109.jpg,a_noamd,a_noamd,0,0,True,0.91205424,0.0879458,0.91205424
N0110.jpg,a_noamd,a_noamd,0,0,True,0.7069718,0.2930282,0.7069718
N0111.jpg,a_noamd,a_noamd,0,0,True,0.9405156,0.0594844,0.9405156
N0112.jpg,a_noamd,a_noamd,0,0,True,0.90245336,0.09754665,0.90245336
N0113.jpg,a_noamd,a_noamd,0,0,True,0.924831,0.07516904,0.924831
N0114.jpg,a_noamd,a_noamd,0,0,True,0.85675955,0.14324048,0.85675955
N0115.jpg,a_noamd,a_noamd,0,0,True,0.60569894,0.39430103,0.60569894
N0116.jpg,a_noamd,a_noamd,0,0,True,0.8794629,0.12053709,0.8794629
N0117.jpg,a_noamd,a_noamd,0,0,True,0.9257816,0.074218355,0.9257816
N0118.jpg,a_noamd,a_noamd,0,0,True,0.887308,0.112691976,0.887308
N0119.jpg,a_noamd,a_noamd,0,0,True,0.92611206,0.07388798,0.92611206
N0120.jpg,a_noamd,a_noamd,0,0,True,0.57191974,0.42808026,0.57191974
N0121.jpg,a_noamd,a_noamd,0,0,True,0.8046688,0.19533114,0.8046688
N0122.jpg,a_noamd,a_noamd,0,0,True,0.8871971,0.112802945,0.8871971
N0123.jpg,a_noamd,a_noamd,0,0,True,0.8354208,0.1645792,0.8354208
N0124.jpg,a_noamd,b_amd,0,1,False,0.4181345,0.5818655,0.5818655
N0125.jpg,a_noamd,b_amd,0,1,False,0.42068717,0.57931286,0.57931286
N0126.jpg,a_noamd,a_noamd,0,0,True,0.8111178,0.18888222,0.8111178
N0127.jpg,a_noamd,a_noamd,0,0,True,0.70931,0.29069,0.70931
N0128.jpg,a_noamd,b_amd,0,1,False,0.12755392,0.87244606,0.87244606
N0129.jpg,a_noamd,b_amd,0,1,False,0.37386575,0.6261343,0.6261343
N0130.jpg,a_noamd,a_noamd,0,0,True,0.92113453,0.078865446,0.92113453
N0131.jpg,a_noamd,a_noamd,0,0,True,0.85030925,0.14969073,0.85030925
N0132.jpg,a_noamd,a_noamd,0,0,True,0.9420761,0.057923887,0.9420761
N0133.jpg,a_noamd,a_noamd,0,0,True,0.8459345,0.15406545,0.8459345
N0134.jpg,a_noamd,a_noamd,0,0,True,0.81952286,0.1804771,0.81952286
N0135.jpg,a_noamd,a_noamd,0,0,True,0.77280015,0.22719985,0.77280015
N0136.jpg,a_noamd,a_noamd,0,0,True,0.9259092,0.074090816,0.9259092
N0137.jpg,a_noamd,a_noamd,0,0,True,0.535638,0.464362,0.535638
N0138.jpg,a_noamd,a_noamd,0,0,True,0.9173863,0.082613684,0.9173863
N0139.jpg,a_noamd,a_noamd,0,0,True,0.909438,0.09056194,0.909438
N0140.jpg,a_noamd,a_noamd,0,0,True,0.8552728,0.14472723,0.8552728
N0141.jpg,a_noamd,a_noamd,0,0,True,0.9322039,0.06779617,0.9322039
N0142.jpg,a_noamd,a_noamd,0,0,True,0.9458685,0.054131478,0.9458685
N0143.jpg,a_noamd,a_noamd,0,0,True,0.9473161,0.052683942,0.9473161
N0144.jpg,a_noamd,a_noamd,0,0,True,0.88200396,0.117996104,0.88200396
N0145.jpg,a_noamd,a_noamd,0,0,True,0.9445668,0.05543316,0.9445668
N0146.jpg,a_noamd,a_noamd,0,0,True,0.91787577,0.08212425,0.91787577
N0147.jpg,a_noamd,a_noamd,0,0,True,0.9458685,0.054131478,0.9458685
N0148.jpg,a_noamd,a_noamd,0,0,True,0.9473161,0.052683942,0.9473161
N0149.jpg,a_noamd,a_noamd,0,0,True,0.88200396,0.117996104,0.88200396
N0150.jpg,a_noamd,a_noamd,0,0,True,0.8272033,0.17279674,0.8272033
N0151.jpg,a_noamd,a_noamd,0,0,True,0.74130386,0.2586961,0.74130386
N0152.jpg,a_noamd,b_amd,0,1,False,0.19865541,0.8013446,0.8013446
N0153.jpg,a_noamd,b_amd,0,1,False,0.3727348,0.62726516,0.62726516
N0154.jpg,a_noamd,a_noamd,0,0,True,0.6594405,0.34055945,0.6594405
N0155.jpg,a_noamd,a_noamd,0,0,True,0.50771815,0.49228185,0.50771815
N0156.jpg,a_noamd,a_noamd,0,0,True,0.94319445,0.056805577,0.94319445
N0157.jpg,a_noamd,a_noamd,0,0,True,0.95960516,0.040394872,0.95960516
N0158.jpg,a_noamd,a_noamd,0,0,True,0.88729954,0.112700455,0.88729954
N0159.jpg,a_noamd,a_noamd,0,0,True,0.9318972,0.06810278,0.9318972
N0160.jpg,a_noamd,a_noamd,0,0,True,0.9470485,0.052951466,0.9470485
N0161.jpg,a_noamd,a_noamd,0,0,True,0.9436996,0.056300424,0.9436996
N0162.jpg,a_noamd,b_amd,0,1,False,0.07436525,0.9256348,0.9256348
N0163.jpg,a_noamd,b_amd,0,1,False,0.027823934,0.9721761,0.9721761
N0164.jpg,a_noamd,a_noamd,0,0,True,0.9031384,0.09686152,0.9031384
N0165.jpg,a_noamd,a_noamd,0,0,True,0.9295451,0.07045494,0.9295451
N0166.jpg,a_noamd,a_noamd,0,0,True,0.8453496,0.15465035,0.8453496
N0167.jpg,a_noamd,b_amd,0,1,False,0.16178691,0.8382131,0.8382131
N0168.jpg,a_noamd,a_noamd,0,0,True,0.90083134,0.099168636,0.90083134
N0169.jpg,a_noamd,a_noamd,0,0,True,0.5601794,0.43982065,0.5601794
N0170.jpg,a_noamd,a_noamd,0,0,True,0.9205551,0.07944487,0.9205551
N0171.jpg,a_noamd,a_noamd,0,0,True,0.9311008,0.06889926,0.9311008
N0172.jpg,a_noamd,a_noamd,0,0,True,0.92639905,0.073600985,0.92639905
N0173.jpg,a_noamd,a_noamd,0,0,True,0.88339496,0.11660501,0.88339496
N0174.jpg,a_noamd,b_amd,0,1,False,0.38850418,0.6114958,0.6114958
N0175.jpg,a_noamd,a_noamd,0,0,True,0.6794035,0.3205965,0.6794035
N0176.jpg,a_noamd,a_noamd,0,0,True,0.8449022,0.15509781,0.8449022
N0177.jpg,a_noamd,a_noamd,0,0,True,0.78069097,0.21930905,0.78069097
N0178.jpg,a_noamd,a_noamd,0,0,True,0.75908273,0.24091733,0.75908273
N0179.jpg,a_noamd,a_noamd,0,0,True,0.86767846,0.1323215,0.86767846
N0180.jpg,a_noamd,b_amd,0,1,False,0.05074592,0.9492541,0.9492541
N0181.jpg,a_noamd,b_amd,0,1,False,0.09549492,0.9045051,0.9045051
N0182.jpg,a_noamd,a_noamd,0,0,True,0.88712555,0.11287445,0.88712555
N0183.jpg,a_noamd,a_noamd,0,0,True,0.914681,0.085318975,0.914681
N0184.jpg,a_noamd,a_noamd,0,0,True,0.9116073,0.08839267,0.9116073
N0185.jpg,a_noamd,a_noamd,0,0,True,0.90830135,0.091698706,0.90830135
N0186.jpg,a_noamd,a_noamd,0,0,True,0.766637,0.23336302,0.766637
N0187.jpg,a_noamd,a_noamd,0,0,True,0.7695499,0.23045012,0.7695499
N0188.jpg,a_noamd,a_noamd,0,0,True,0.8959157,0.10408437,0.8959157
N0189.jpg,a_noamd,a_noamd,0,0,True,0.7348783,0.2651217,0.7348783
N0190.jpg,a_noamd,a_noamd,0,0,True,0.85810965,0.14189035,0.85810965
N0191.jpg,a_noamd,b_amd,0,1,False,0.3747652,0.62523484,0.62523484
N0192.jpg,a_noamd,b_amd,0,1,False,0.041401822,0.95859814,0.95859814
N0193.jpg,a_noamd,b_amd,0,1,False,0.14295644,0.85704356,0.85704356
N0194.jpg,a_noamd,b_amd,0,1,False,0.099324316,0.9006757,0.9006757
N0195.jpg,a_noamd,b_amd,0,1,False,0.041433267,0.9585667,0.9585667
N0196.jpg,a_noamd,a_noamd,0,0,True,0.9259088,0.07409118,0.9259088
N0197.jpg,a_noamd,a_noamd,0,0,True,0.92820036,0.07179966,0.92820036
N0198.jpg,a_noamd,a_noamd,0,0,True,0.8847102,0.115289845,0.8847102
N0199.jpg,a_noamd,a_noamd,0,0,True,0.9233629,0.07663709,0.9233629
N0200.jpg,a_noamd,b_amd,0,1,False,0.02130151,0.9786985,0.9786985
N0201.jpg,a_noamd,b_amd,0,1,False,0.025159707,0.9748403,0.9748403
N0202.jpg,a_noamd,b_amd,0,1,False,0.06780954,0.9321905,0.9321905
N0203.jpg,a_noamd,a_noamd,0,0,True,0.8889941,0.1110059,0.8889941
N0204.jpg,a_noamd,a_noamd,0,0,True,0.9142029,0.08579713,0.9142029
N0205.jpg,a_noamd,a_noamd,0,0,True,0.92254525,0.077454776,0.92254525
N0206.jpg,a_noamd,a_noamd,0,0,True,0.72937745,0.27062255,0.72937745
N0207.jpg,a_noamd,a_noamd,0,0,True,0.90055376,0.09944621,0.90055376
N0208.jpg,a_noamd,a_noamd,0,0,True,0.8611696,0.13883047,0.8611696
N0209.jpg,a_noamd,a_noamd,0,0,True,0.9311912,0.068808824,0.9311912
N0210.jpg,a_noamd,a_noamd,0,0,True,0.91723365,0.08276635,0.91723365
N0211.jpg,a_noamd,a_noamd,0,0,True,0.91782534,0.082174644,0.91782534
N0212.jpg,a_noamd,a_noamd,0,0,True,0.92574686,0.07425315,0.92574686
N0213.jpg,a_noamd,a_noamd,0,0,True,0.9120713,0.08792865,0.9120713
N0214.jpg,a_noamd,a_noamd,0,0,True,0.8898664,0.11013357,0.8898664
N0215.jpg,a_noamd,a_noamd,0,0,True,0.5544193,0.44558066,0.5544193
N0216.jpg,a_noamd,b_amd,0,1,False,0.4991795,0.5008205,0.5008205
N0217.jpg,a_noamd,a_noamd,0,0,True,0.9371494,0.06285055,0.9371494
N0218.jpg,a_noamd,a_noamd,0,0,True,0.8996704,0.10032955,0.8996704
N0219.jpg,a_noamd,a_noamd,0,0,True,0.852726,0.14727409,0.852726
N0220.jpg,a_noamd,b_amd,0,1,False,0.44402787,0.55597216,0.55597216
N0221.jpg,a_noamd,b_amd,0,1,False,0.33871087,0.6612891,0.6612891
N0222.jpg,a_noamd,a_noamd,0,0,True,0.60038215,0.3996178,0.60038215
N0223.jpg,a_noamd,a_noamd,0,0,True,0.9574459,0.04255406,0.9574459
N0224.jpg,a_noamd,a_noamd,0,0,True,0.87125665,0.12874332,0.87125665
N0225.jpg,a_noamd,a_noamd,0,0,True,0.9456929,0.054307166,0.9456929
N0226.jpg,a_noamd,a_noamd,0,0,True,0.92637765,0.07362236,0.92637765
N0227.jpg,a_noamd,a_noamd,0,0,True,0.76753443,0.23246561,0.76753443
N0228.jpg,a_noamd,a_noamd,0,0,True,0.6295242,0.37047583,0.6295242
N0229.jpg,a_noamd,a_noamd,0,0,True,0.6259109,0.37408912,0.6259109
N0230.jpg,a_noamd,b_amd,0,1,False,0.2549544,0.7450456,0.7450456
N0231.jpg,a_noamd,b_amd,0,1,False,0.36406532,0.63593465,0.63593465
N0232.jpg,a_noamd,a_noamd,0,0,True,0.5487509,0.45124906,0.5487509
N0233.jpg,a_noamd,a_noamd,0,0,True,0.941109,0.05889105,0.941109
N0234.jpg,a_noamd,a_noamd,0,0,True,0.94663745,0.053362507,0.94663745
N0235.jpg,a_noamd,a_noamd,0,0,True,0.9350562,0.06494376,0.9350562
N0236.jpg,a_noamd,a_noamd,0,0,True,0.94121534,0.058784653,0.94121534
N0237.jpg,a_noamd,a_noamd,0,0,True,0.7111166,0.28888342,0.7111166
N0238.jpg,a_noamd,a_noamd,0,0,True,0.6579149,0.34208512,0.6579149
N0239.jpg,a_noamd,a_noamd,0,0,True,0.8814771,0.11852288,0.8814771
N0240.jpg,a_noamd,a_noamd,0,0,True,0.8128473,0.18715271,0.8128473
N0241.jpg,a_noamd,a_noamd,0,0,True,0.889425,0.110575005,0.889425
N0242.jpg,a_noamd,a_noamd,0,0,True,0.8606772,0.13932288,0.8606772
N0243.jpg,a_noamd,b_amd,0,1,False,0.40982008,0.5901799,0.5901799
N0244.jpg,a_noamd,b_amd,0,1,False,0.1522702,0.84772974,0.84772974
N0245.jpg,a_noamd,a_noamd,0,0,True,0.92357945,0.0764205,0.92357945
N0246.jpg,a_noamd,a_noamd,0,0,True,0.79192424,0.20807578,0.79192424
N0247.jpg,a_noamd,a_noamd,0,0,True,0.8667633,0.13323668,0.8667633
N0248.jpg,a_noamd,a_noamd,0,0,True,0.9061055,0.093894474,0.9061055
N0249.jpg,a_noamd,a_noamd,0,0,True,0.77513164,0.22486837,0.77513164
N0250.jpg,a_noamd,a_noamd,0,0,True,0.8965219,0.103478074,0.8965219
N0251.jpg,a_noamd,b_amd,0,1,False,0.1688138,0.83118623,0.83118623
N0252.jpg,a_noamd,b_amd,0,1,False,0.46315435,0.5368457,0.5368457
N0253.jpg,a_noamd,a_noamd,0,0,True,0.54039913,0.45960093,0.54039913
N0254.jpg,a_noamd,b_amd,0,1,False,0.20154643,0.79845357,0.79845357
N0255.jpg,a_noamd,b_amd,0,1,False,0.030676546,0.9693235,0.9693235
N0256.jpg,a_noamd,a_noamd,0,0,True,0.9374374,0.062562615,0.9374374
N0257.jpg,a_noamd,a_noamd,0,0,True,0.92226297,0.07773702,0.92226297
N0258.jpg,a_noamd,a_noamd,0,0,True,0.9450481,0.054951847,0.9450481
N0259.jpg,a_noamd,a_noamd,0,0,True,0.93570507,0.06429491,0.93570507
N0260.jpg,a_noamd,a_noamd,0,0,True,0.9339495,0.066050574,0.9339495
N0261.jpg,a_noamd,a_noamd,0,0,True,0.7006691,0.2993309,0.7006691
N0262.jpg,a_noamd,a_noamd,0,0,True,0.90805405,0.09194595,0.90805405
N0263.jpg,a_noamd,a_noamd,0,0,True,0.9148446,0.085155375,0.9148446
N0264.jpg,a_noamd,a_noamd,0,0,True,0.9049469,0.095053114,0.9049469
N0265.jpg,a_noamd,a_noamd,0,0,True,0.8404151,0.15958485,0.8404151
N0266.jpg,a_noamd,b_amd,0,1,False,0.13444982,0.8655502,0.8655502
N0267.jpg,a_noamd,b_amd,0,1,False,0.15246138,0.8475386,0.8475386
N0268.jpg,a_noamd,b_amd,0,1,False,0.25399393,0.7460061,0.7460061
N0269.jpg,a_noamd,b_amd,0,1,False,0.28466627,0.7153337,0.7153337
N0270.jpg,a_noamd,a_noamd,0,0,True,0.89058983,0.10941017,0.89058983
N0271.jpg,a_noamd,a_noamd,0,0,True,0.5880857,0.4119143,0.5880857
N0272.jpg,a_noamd,a_noamd,0,0,True,0.80908257,0.19091742,0.80908257
N0273.jpg,a_noamd,a_noamd,0,0,True,0.90885216,0.091147825,0.90885216
N0274.jpg,a_noamd,a_noamd,0,0,True,0.83049613,0.16950387,0.83049613
N0275.jpg,a_noamd,b_amd,0,1,False,0.40540838,0.5945916,0.5945916
N0276.jpg,a_noamd,a_noamd,0,0,True,0.7274163,0.27258372,0.7274163
N0277.jpg,a_noamd,a_noamd,0,0,True,0.79738647,0.20261353,0.79738647
N0278.jpg,a_noamd,a_noamd,0,0,True,0.7019673,0.29803273,0.7019673
N0279.jpg,a_noamd,a_noamd,0,0,True,0.9260546,0.07394538,0.9260546
N0280.jpg,a_noamd,a_noamd,0,0,True,0.8981608,0.10183924,0.8981608
N0281.jpg,a_noamd,a_noamd,0,0,True,0.9363573,0.06364265,0.9363573
N0282.jpg,a_noamd,a_noamd,0,0,True,0.9400033,0.059996687,0.9400033
N0283.jpg,a_noamd,a_noamd,0,0,True,0.92707974,0.07292019,0.92707974
N0284.jpg,a_noamd,a_noamd,0,0,True,0.9247528,0.07524721,0.9247528
N0285.jpg,a_noamd,a_noamd,0,0,True,0.9272447,0.072755225,0.9272447
N0286.jpg,a_noamd,a_noamd,0,0,True,0.9172579,0.082742065,0.9172579
N0287.jpg,a_noamd,a_noamd,0,0,True,0.85434467,0.14565532,0.85434467
N0288.jpg,a_noamd,a_noamd,0,0,True,0.76207197,0.23792799,0.76207197
N0289.jpg,a_noamd,a_noamd,0,0,True,0.7961865,0.20381348,0.7961865
N0290.jpg,a_noamd,a_noamd,0,0,True,0.92115575,0.07884422,0.92115575
N0291.jpg,a_noamd,a_noamd,0,0,True,0.7620823,0.23791769,0.7620823
N0292.jpg,a_noamd,a_noamd,0,0,True,0.7121503,0.28784972,0.7121503
N0293.jpg,a_noamd,b_amd,0,1,False,0.2604478,0.73955226,0.73955226
N0294.jpg,a_noamd,a_noamd,0,0,True,0.9452514,0.05474863,0.9452514
N0295.jpg,a_noamd,a_noamd,0,0,True,0.8657882,0.13421178,0.8657882
N0296.jpg,a_noamd,a_noamd,0,0,True,0.9331932,0.06680686,0.9331932
N0297.jpg,a_noamd,a_noamd,0,0,True,0.52922565,0.47077432,0.52922565
N0298.jpg,a_noamd,a_noamd,0,0,True,0.7986406,0.20135933,0.7986406
N0299.jpg,a_noamd,a_noamd,0,0,True,0.9394121,0.06058792,0.9394121
N0300.jpg,a_noamd,a_noamd,0,0,True,0.6684661,0.3315339,0.6684661
N0301.jpg,a_noamd,a_noamd,0,0,True,0.941883,0.058117006,0.941883
N0302.jpg,a_noamd,a_noamd,0,0,True,0.93378043,0.06621954,0.93378043
N0303.jpg,a_noamd,a_noamd,0,0,True,0.90070754,0.0992925,0.90070754
N0304.jpg,a_noamd,b_amd,0,1,False,0.08004114,0.91995883,0.91995883
N0305.jpg,a_noamd,a_noamd,0,0,True,0.9626206,0.03737945,0.9626206
N0306.jpg,a_noamd,a_noamd,0,0,True,0.94784874,0.05215132,0.94784874
N0307.jpg,a_noamd,a_noamd,0,0,True,0.9367721,0.06322783,0.9367721
N0308.jpg,a_noamd,a_noamd,0,0,True,0.840192,0.15980797,0.840192
N0309.jpg,a_noamd,a_noamd,0,0,True,0.9333554,0.06664467,0.9333554
N0310.jpg,a_noamd,a_noamd,0,0,True,0.903324,0.096675985,0.903324
N0311.jpg,a_noamd,a_noamd,0,0,True,0.9254961,0.07450391,0.9254961
T0001.jpg,a_noamd,a_noamd,0,0,True,0.90101546,0.098984584,0.90101546
T0002.jpg,a_noamd,a_noamd,0,0,True,0.93527323,0.06472677,0.93527323
T0003.jpg,b_amd,b_amd,1,1,True,0.15332301,0.846677,0.846677
T0004.jpg,b_amd,b_amd,1,1,True,0.021238599,0.97876143,0.97876143
T0005.jpg,a_noamd,a_noamd,0,0,True,0.90942734,0.09057261,0.90942734
T0006.jpg,a_noamd,b_amd,0,1,False,0.27097753,0.7290225,0.7290225
T0007.jpg,a_noamd,a_noamd,0,0,True,0.93516505,0.06483493,0.93516505
T0008.jpg,a_noamd,a_noamd,0,0,True,0.7259005,0.27409956,0.7259005
T0009.jpg,a_noamd,a_noamd,0,0,True,0.9253311,0.07466883,0.9253311
T0010.jpg,b_amd,b_amd,1,1,True,0.024402205,0.97559774,0.97559774
T0011.jpg,a_noamd,a_noamd,0,0,True,0.94167674,0.058323294,0.94167674
T0012.jpg,a_noamd,a_noamd,0,0,True,0.72241837,0.2775816,0.72241837
T0013.jpg,a_noamd,a_noamd,0,0,True,0.70337594,0.296624,0.70337594
T0014.jpg,a_noamd,b_amd,0,1,False,0.026489668,0.9735103,0.9735103
T0015.jpg,b_amd,b_amd,1,1,True,0.03043277,0.9695672,0.9695672
T0016.jpg,a_noamd,a_noamd,0,0,True,0.9550627,0.04493727,0.9550627
T0017.jpg,a_noamd,a_noamd,0,0,True,0.8901683,0.10983173,0.8901683
T0018.jpg,a_noamd,a_noamd,0,0,True,0.67311853,0.3268814,0.67311853
T0019.jpg,a_noamd,b_amd,0,1,False,0.32408452,0.6759155,0.6759155
T0020.jpg,a_noamd,a_noamd,0,0,True,0.89824116,0.1017588,0.89824116
T0021.jpg,b_amd,b_amd,1,1,True,0.0657748,0.9342252,0.9342252
T0022.jpg,a_noamd,a_noamd,0,0,True,0.8985353,0.101464726,0.8985353
T0023.jpg,a_noamd,b_amd,0,1,False,0.11397948,0.8860205,0.8860205
T0024.jpg,b_amd,b_amd,1,1,True,0.2762861,0.7237139,0.7237139
T0025.jpg,a_noamd,b_amd,0,1,False,0.030644793,0.9693552,0.9693552
T0026.jpg,b_amd,b_amd,1,1,True,0.02959148,0.9704085,0.9704085
T0027.jpg,a_noamd,a_noamd,0,0,True,0.8440919,0.1559081,0.8440919
T0028.jpg,a_noamd,a_noamd,0,0,True,0.944283,0.05571695,0.944283
T0029.jpg,a_noamd,a_noamd,0,0,True,0.71176386,0.2882361,0.71176386
T0030.jpg,b_amd,b_amd,1,1,True,0.03220712,0.96779287,0.96779287
T0031.jpg,a_noamd,a_noamd,0,0,True,0.79258406,0.20741591,0.79258406
T0032.jpg,a_noamd,a_noamd,0,0,True,0.90942734,0.09057261,0.90942734
T0033.jpg,a_noamd,a_noamd,0,0,True,0.62966526,0.37033477,0.62966526
T0034.jpg,a_noamd,a_noamd,0,0,True,0.750813,0.24918695,0.750813
T0035.jpg,a_noamd,b_amd,0,1,False,0.16651583,0.8334842,0.8334842
T0036.jpg,a_noamd,b_amd,0,1,False,0.2502301,0.7497699,0.7497699
T0037.jpg,a_noamd,a_noamd,0,0,True,0.8971693,0.102830745,0.8971693
T0038.jpg,b_amd,b_amd,1,1,True,0.026811078,0.9731889,0.9731889
T0039.jpg,a_noamd,a_noamd,0,0,True,0.92427033,0.07572971,0.92427033
T0040.jpg,a_noamd,b_amd,0,1,False,0.19412678,0.8058732,0.8058732
T0041.jpg,a_noamd,a_noamd,0,0,True,0.86101496,0.138985,0.86101496
T0042.jpg,a_noamd,a_noamd,0,0,True,0.9216943,0.07830567,0.9216943
T0043.jpg,b_amd,b_amd,1,1,True,0.28312212,0.7168779,0.7168779
T0044.jpg,a_noamd,a_noamd,0,0,True,0.8963138,0.10368617,0.8963138
T0045.jpg,b_amd,b_amd,1,1,True,0.096170045,0.90383,0.90383
T0046.jpg,a_noamd,a_noamd,0,0,True,0.92155933,0.07844063,0.92155933
T0047.jpg,a_noamd,a_noamd,0,0,True,0.9564689,0.043531127,0.9564689
T0048.jpg,b_amd,b_amd,1,1,True,0.0539381,0.9460619,0.9460619
T0049.jpg,a_noamd,a_noamd,0,0,True,0.7817738,0.21822622,0.7817738
T0050.jpg,a_noamd,a_noamd,0,0,True,0.9286636,0.07133644,0.9286636
T0051.jpg,b_amd,b_amd,1,1,True,0.035855643,0.9641443,0.9641443
T0052.jpg,b_amd,b_amd,1,1,True,0.043834087,0.9561659,0.9561659
T0053.jpg,b_amd,b_amd,1,1,True,0.099442065,0.90055794,0.90055794
T0054.jpg,a_noamd,a_noamd,0,0,True,0.90333945,0.0966605,0.90333945
T0055.jpg,a_noamd,a_noamd,0,0,True,0.6134935,0.3865065,0.6134935
T0056.jpg,b_amd,b_amd,1,1,True,0.38026133,0.6197387,0.6197387
T0057.jpg,b_amd,b_amd,1,1,True,0.084573634,0.9154263,0.9154263
T0058.jpg,a_noamd,b_amd,0,1,False,0.059812147,0.9401879,0.9401879
T0059.jpg,b_amd,a_noamd,1,0,False,0.76058394,0.23941602,0.76058394
T0060.jpg,a_noamd,b_amd,0,1,False,0.44577816,0.5542218,0.5542218
T0061.jpg,a_noamd,a_noamd,0,0,True,0.93203235,0.06796766,0.93203235
T0062.jpg,a_noamd,a_noamd,0,0,True,0.7676847,0.23231533,0.7676847
T0063.jpg,a_noamd,b_amd,0,1,False,0.40581182,0.5941882,0.5941882
T0064.jpg,a_noamd,b_amd,0,1,False,0.45747295,0.5425271,0.5425271
T0065.jpg,a_noamd,a_noamd,0,0,True,0.89358455,0.10641546,0.89358455
T0066.jpg,a_noamd,a_noamd,0,0,True,0.7785445,0.22145553,0.7785445
T0067.jpg,a_noamd,a_noamd,0,0,True,0.93068314,0.069316894,0.93068314
T0068.jpg,a_noamd,a_noamd,0,0,True,0.78351796,0.216482,0.78351796
T0069.jpg,a_noamd,a_noamd,0,0,True,0.7711022,0.22889775,0.7711022
T0070.jpg,a_noamd,a_noamd,0,0,True,0.84201324,0.15798679,0.84201324
T0071.jpg,b_amd,b_amd,1,1,True,0.034164894,0.9658351,0.9658351
T0072.jpg,b_amd,b_amd,1,1,True,0.03483784,0.9651622,0.9651622
T0073.jpg,b_amd,a_noamd,1,0,False,0.9059247,0.094075345,0.9059247
T0074.jpg,a_noamd,a_noamd,0,0,True,0.9385618,0.061438195,0.9385618
T0075.jpg,a_noamd,a_noamd,0,0,True,0.9104428,0.08955717,0.9104428
T0076.jpg,a_noamd,a_noamd,0,0,True,0.9168026,0.08319744,0.9168026
T0077.jpg,a_noamd,a_noamd,0,0,True,0.7432619,0.2567382,0.7432619
T0078.jpg,a_noamd,b_amd,0,1,False,0.46355543,0.53644454,0.53644454
T0079.jpg,a_noamd,b_amd,0,1,False,0.4994028,0.5005972,0.5005972
T0080.jpg,a_noamd,a_noamd,0,0,True,0.7726371,0.2273629,0.7726371
T0081.jpg,a_noamd,a_noamd,0,0,True,0.88846016,0.11153983,0.88846016
T0082.jpg,a_noamd,b_amd,0,1,False,0.036757376,0.9632426,0.9632426
T0083.jpg,b_amd,b_amd,1,1,True,0.06836194,0.93163806,0.93163806
T0084.jpg,a_noamd,b_amd,0,1,False,0.12008748,0.8799125,0.8799125
T0085.jpg,a_noamd,a_noamd,0,0,True,0.8855416,0.11445845,0.8855416
T0086.jpg,b_amd,a_noamd,1,0,False,0.79105586,0.20894417,0.79105586
T0087.jpg,a_noamd,b_amd,0,1,False,0.1813205,0.8186795,0.8186795
T0088.jpg,a_noamd,a_noamd,0,0,True,0.89174056,0.10825946,0.89174056
T0089.jpg,b_amd,b_amd,1,1,True,0.059062064,0.9409379,0.9409379
T0090.jpg,a_noamd,a_noamd,0,0,True,0.79002166,0.2099783,0.79002166
T0091.jpg,a_noamd,a_noamd,0,0,True,0.9153716,0.084628366,0.9153716
T0092.jpg,a_noamd,a_noamd,0,0,True,0.9353336,0.0646664,0.9353336
T0093.jpg,a_noamd,b_amd,0,1,False,0.43235555,0.5676444,0.5676444
T0094.jpg,a_noamd,a_noamd,0,0,True,0.9211512,0.07884883,0.9211512
T0095.jpg,a_noamd,a_noamd,0,0,True,0.84856874,0.15143128,0.84856874
T0096.jpg,a_noamd,a_noamd,0,0,True,0.8594392,0.14056075,0.8594392
T0097.jpg,a_noamd,a_noamd,0,0,True,0.9375992,0.062400844,0.9375992
T0098.jpg,a_noamd,a_noamd,0,0,True,0.91344833,0.08655165,0.91344833
T0099.jpg,a_noamd,a_noamd,0,0,True,0.8851471,0.114852875,0.8851471
T0100.jpg,a_noamd,a_noamd,0,0,True,0.90644133,0.093558624,0.90644133
T0101.jpg,a_noamd,a_noamd,0,0,True,0.57359844,0.42640156,0.57359844
T0102.jpg,a_noamd,b_amd,0,1,False,0.093568146,0.90643185,0.90643185
T0103.jpg,a_noamd,a_noamd,0,0,True,0.9195473,0.08045266,0.9195473
T0104.jpg,a_noamd,a_noamd,0,0,True,0.92619026,0.07380978,0.92619026
T0105.jpg,b_amd,b_amd,1,1,True,0.029266633,0.9707334,0.9707334
T0106.jpg,a_noamd,a_noamd,0,0,True,0.95058185,0.049418192,0.95058185
T0107.jpg,b_amd,b_amd,1,1,True,0.058046907,0.9419531,0.9419531
T0108.jpg,a_noamd,a_noamd,0,0,True,0.91028506,0.08971498,0.91028506
T0109.jpg,a_noamd,a_noamd,0,0,True,0.9367064,0.06329353,0.9367064
T0110.jpg,a_noamd,a_noamd,0,0,True,0.9420311,0.057968892,0.9420311
T0111.jpg,a_noamd,a_noamd,0,0,True,0.88214374,0.117856264,0.88214374
T0112.jpg,b_amd,a_noamd,1,0,False,0.6252231,0.37477696,0.6252231
T0113.jpg,a_noamd,b_amd,0,1,False,0.030511994,0.96948797,0.96948797
T0114.jpg,a_noamd,a_noamd,0,0,True,0.82807446,0.17192551,0.82807446
T0115.jpg,a_noamd,a_noamd,0,0,True,0.7541827,0.24581735,0.7541827
T0116.jpg,a_noamd,a_noamd,0,0,True,0.9414028,0.05859714,0.9414028
T0117.jpg,a_noamd,a_noamd,0,0,True,0.9190145,0.08098546,0.9190145
T0118.jpg,b_amd,b_amd,1,1,True,0.029357132,0.97064286,0.97064286
T0119.jpg,a_noamd,b_amd,0,1,False,0.35410944,0.64589053,0.64589053
T0120.jpg,b_amd,b_amd,1,1,True,0.15092741,0.8490726,0.8490726
T0121.jpg,a_noamd,a_noamd,0,0,True,0.8629325,0.13706757,0.8629325
T0122.jpg,a_noamd,a_noamd,0,0,True,0.9519172,0.048082843,0.9519172
T0123.jpg,a_noamd,a_noamd,0,0,True,0.92713654,0.072863445,0.92713654
T0124.jpg,a_noamd,a_noamd,0,0,True,0.9073049,0.09269514,0.9073049
T0125.jpg,a_noamd,a_noamd,0,0,True,0.80678666,0.19321334,0.80678666
T0126.jpg,a_noamd,a_noamd,0,0,True,0.9141815,0.08581853,0.9141815
T0127.jpg,b_amd,b_amd,1,1,True,0.11148517,0.8885148,0.8885148
T0128.jpg,a_noamd,a_noamd,0,0,True,0.9291518,0.07084825,0.9291518
T0129.jpg,b_amd,b_amd,1,1,True,0.036852594,0.96314734,0.96314734
T0130.jpg,a_noamd,a_noamd,0,0,True,0.83301944,0.1669806,0.83301944
T0131.jpg,a_noamd,b_amd,0,1,False,0.050395843,0.9496041,0.9496041
T0132.jpg,a_noamd,a_noamd,0,0,True,0.94448376,0.055516277,0.94448376
T0133.jpg,a_noamd,a_noamd,0,0,True,0.92413,0.07587003,0.92413
T0134.jpg,b_amd,a_noamd,1,0,False,0.9159493,0.08405075,0.9159493
T0135.jpg,a_noamd,a_noamd,0,0,True,0.9619565,0.03804354,0.9619565
T0136.jpg,a_noamd,a_noamd,0,0,True,0.9160115,0.083988465,0.9160115
T0137.jpg,a_noamd,a_noamd,0,0,True,0.9399126,0.060087405,0.9399126
T0138.jpg,a_noamd,a_noamd,0,0,True,0.9326825,0.06731751,0.9326825
T0139.jpg,a_noamd,a_noamd,0,0,True,0.62206346,0.37793657,0.62206346
T0140.jpg,a_noamd,a_noamd,0,0,True,0.8917393,0.108260654,0.8917393
T0141.jpg,a_noamd,b_amd,0,1,False,0.24298918,0.7570108,0.7570108
T0142.jpg,a_noamd,a_noamd,0,0,True,0.91900533,0.0809947,0.91900533
T0143.jpg,a_noamd,a_noamd,0,0,True,0.8241581,0.17584197,0.8241581
T0144.jpg,a_noamd,b_amd,0,1,False,0.065067284,0.9349327,0.9349327
T0145.jpg,a_noamd,a_noamd,0,0,True,0.66228217,0.33771786,0.66228217
T0146.jpg,a_noamd,a_noamd,0,0,True,0.9299274,0.070072666,0.9299274
T0147.jpg,b_amd,b_amd,1,1,True,0.023023533,0.97697645,0.97697645
T0148.jpg,b_amd,b_amd,1,1,True,0.026801027,0.97319895,0.97319895
T0149.jpg,a_noamd,a_noamd,0,0,True,0.8964973,0.103502624,0.8964973
T0150.jpg,b_amd,a_noamd,1,0,False,0.67360234,0.32639766,0.67360234
T0151.jpg,a_noamd,b_amd,0,1,False,0.42235428,0.5776457,0.5776457
T0152.jpg,b_amd,b_amd,1,1,True,0.051833306,0.94816667,0.94816667
T0153.jpg,a_noamd,a_noamd,0,0,True,0.7579333,0.24206671,0.7579333
T0154.jpg,b_amd,b_amd,1,1,True,0.03988718,0.96011287,0.96011287
T0155.jpg,a_noamd,a_noamd,0,0,True,0.9265655,0.07343453,0.9265655
T0156.jpg,a_noamd,a_noamd,0,0,True,0.9118992,0.08810082,0.9118992
T0157.jpg,a_noamd,a_noamd,0,0,True,0.9431104,0.05688953,0.9431104
T0158.jpg,a_noamd,a_noamd,0,0,True,0.7720749,0.22792517,0.7720749
T0159.jpg,b_amd,a_noamd,1,0,False,0.65721,0.34279,0.65721
T0160.jpg,a_noamd,a_noamd,0,0,True,0.9184856,0.08151445,0.9184856
T0161.jpg,a_noamd,a_noamd,0,0,True,0.9407638,0.059236262,0.9407638
T0162.jpg,a_noamd,b_amd,0,1,False,0.10544371,0.89455634,0.89455634
T0163.jpg,a_noamd,a_noamd,0,0,True,0.50367993,0.4963201,0.50367993
T0164.jpg,b_amd,b_amd,1,1,True,0.034572486,0.96542746,0.96542746
T0165.jpg,b_amd,b_amd,1,1,True,0.026654659,0.9733453,0.9733453
T0166.jpg,b_amd,b_amd,1,1,True,0.019109568,0.9808904,0.9808904
T0167.jpg,a_noamd,a_noamd,0,0,True,0.54259706,0.45740297,0.54259706
T0168.jpg,a_noamd,b_amd,0,1,False,0.3841693,0.6158307,0.6158307
T0169.jpg,a_noamd,a_noamd,0,0,True,0.54214644,0.45785353,0.54214644
T0170.jpg,b_amd,b_amd,1,1,True,0.03687576,0.9631243,0.9631243
T0171.jpg,a_noamd,a_noamd,0,0,True,0.6987146,0.30128536,0.6987146
T0172.jpg,b_amd,b_amd,1,1,True,0.04354499,0.95645505,0.95645505
T0173.jpg,a_noamd,a_noamd,0,0,True,0.5556283,0.44437167,0.5556283
T0174.jpg,a_noamd,a_noamd,0,0,True,0.94432884,0.055671185,0.94432884
T0175.jpg,a_noamd,a_noamd,0,0,True,0.9543658,0.04563418,0.9543658
T0176.jpg,b_amd,b_amd,1,1,True,0.030500665,0.9694994,0.9694994
T0177.jpg,a_noamd,b_amd,0,1,False,0.29653907,0.7034609,0.7034609
T0178.jpg,a_noamd,a_noamd,0,0,True,0.9018573,0.09814262,0.9018573
T0179.jpg,a_noamd,a_noamd,0,0,True,0.9390166,0.060983457,0.9390166
T0180.jpg,a_noamd,a_noamd,0,0,True,0.8820269,0.11797304,0.8820269
T0181.jpg,a_noamd,a_noamd,0,0,True,0.9104784,0.089521624,0.9104784
T0182.jpg,a_noamd,a_noamd,0,0,True,0.9608221,0.039177936,0.9608221
T0183.jpg,b_amd,b_amd,1,1,True,0.03181153,0.9681885,0.9681885
T0184.jpg,a_noamd,a_noamd,0,0,True,0.8715396,0.12846036,0.8715396
T0185.jpg,a_noamd,a_noamd,0,0,True,0.9460951,0.05390487,0.9460951
T0186.jpg,a_noamd,a_noamd,0,0,True,0.8890293,0.11097063,0.8890293
T0187.jpg,a_noamd,a_noamd,0,0,True,0.5658898,0.43411022,0.5658898
T0188.jpg,b_amd,b_amd,1,1,True,0.3628419,0.6371581,0.6371581
T0189.jpg,b_amd,b_amd,1,1,True,0.06903963,0.93096036,0.93096036
T0190.jpg,b_amd,b_amd,1,1,True,0.025680274,0.9743197,0.9743197
T0191.jpg,a_noamd,b_amd,0,1,False,0.3843351,0.6156649,0.6156649
T0192.jpg,a_noamd,b_amd,0,1,False,0.14065117,0.8593489,0.8593489
T0193.jpg,b_amd,b_amd,1,1,True,0.04624561,0.95375437,0.95375437
T0194.jpg,a_noamd,a_noamd,0,0,True,0.9399813,0.06001874,0.9399813
T0195.jpg,a_noamd,a_noamd,0,0,True,0.91552496,0.084475085,0.91552496
T0196.jpg,a_noamd,b_amd,0,1,False,0.26628923,0.7337108,0.7337108
T0197.jpg,a_noamd,a_noamd,0,0,True,0.5183883,0.48161173,0.5183883
T0198.jpg,b_amd,a_noamd,1,0,False,0.83982736,0.16017264,0.83982736
T0199.jpg,a_noamd,a_noamd,0,0,True,0.8754064,0.12459366,0.8754064
T0200.jpg,a_noamd,a_noamd,0,0,True,0.6086934,0.39130658,0.6086934
T0201.jpg,b_amd,b_amd,1,1,True,0.047102515,0.9528975,0.9528975
T0202.jpg,a_noamd,a_noamd,0,0,True,0.8867636,0.113236405,0.8867636
T0203.jpg,a_noamd,a_noamd,0,0,True,0.93914324,0.06085668,0.93914324
T0204.jpg,a_noamd,a_noamd,0,0,True,0.82579464,0.17420532,0.82579464
T0205.jpg,a_noamd,a_noamd,0,0,True,0.9157707,0.08422925,0.9157707
T0206.jpg,a_noamd,b_amd,0,1,False,0.23869787,0.7613022,0.7613022
T0207.jpg,a_noamd,b_amd,0,1,False,0.084692195,0.9153079,0.9153079
T0208.jpg,a_noamd,a_noamd,0,0,True,0.9195052,0.08049479,0.9195052
T0209.jpg,b_amd,b_amd,1,1,True,0.11363385,0.8863661,0.8863661
T0210.jpg,a_noamd,b_amd,0,1,False,0.3242596,0.67574036,0.67574036
T0211.jpg,a_noamd,a_noamd,0,0,True,0.889647,0.11035296,0.889647
T0212.jpg,a_noamd,a_noamd,0,0,True,0.6620012,0.33799884,0.6620012
T0213.jpg,a_noamd,a_noamd,0,0,True,0.9265644,0.07343567,0.9265644
T0214.jpg,a_noamd,a_noamd,0,0,True,0.7853588,0.2146412,0.7853588
T0215.jpg,a_noamd,a_noamd,0,0,True,0.60680264,0.39319736,0.60680264
T0216.jpg,a_noamd,a_noamd,0,0,True,0.7262095,0.27379048,0.7262095
T0217.jpg,a_noamd,a_noamd,0,0,True,0.7709346,0.22906537,0.7709346
T0218.jpg,a_noamd,a_noamd,0,0,True,0.7966386,0.2033614,0.7966386
T0219.jpg,b_amd,b_amd,1,1,True,0.08419403,0.915806,0.915806
T0220.jpg,a_noamd,a_noamd,0,0,True,0.85483277,0.14516722,0.85483277
T0221.jpg,a_noamd,a_noamd,0,0,True,0.9181084,0.08189161,0.9181084
T0222.jpg,a_noamd,a_noamd,0,0,True,0.9429797,0.057020314,0.9429797
T0223.jpg,a_noamd,a_noamd,0,0,True,0.8198474,0.18015258,0.8198474
T0224.jpg,a_noamd,a_noamd,0,0,True,0.5202355,0.47976452,0.5202355
T0225.jpg,a_noamd,a_noamd,0,0,True,0.8371928,0.1628072,0.8371928
T0226.jpg,b_amd,a_noamd,1,0,False,0.7634789,0.23652115,0.7634789
T0227.jpg,b_amd,b_amd,1,1,True,0.10271577,0.8972842,0.8972842
T0228.jpg,a_noamd,a_noamd,0,0,True,0.8612757,0.13872428,0.8612757
T0229.jpg,a_noamd,a_noamd,0,0,True,0.70890397,0.2910961,0.70890397
T0230.jpg,a_noamd,b_amd,0,1,False,0.2769334,0.7230666,0.7230666
T0231.jpg,a_noamd,a_noamd,0,0,True,0.6478108,0.35218918,0.6478108
T0232.jpg,a_noamd,a_noamd,0,0,True,0.9314502,0.0685498,0.9314502
T0233.jpg,a_noamd,a_noamd,0,0,True,0.74030215,0.25969788,0.74030215
T0234.jpg,a_noamd,a_noamd,0,0,True,0.8648743,0.13512565,0.8648743
T0235.jpg,a_noamd,a_noamd,0,0,True,0.58822036,0.41177964,0.58822036
T0236.jpg,a_noamd,a_noamd,0,0,True,0.9244232,0.07557676,0.9244232
T0237.jpg,b_amd,b_amd,1,1,True,0.16242436,0.8375756,0.8375756
T0238.jpg,a_noamd,a_noamd,0,0,True,0.8309157,0.16908434,0.8309157
T0239.jpg,a_noamd,a_noamd,0,0,True,0.769857,0.230143,0.769857
T0240.jpg,a_noamd,b_amd,0,1,False,0.048500318,0.9514997,0.9514997
T0241.jpg,a_noamd,a_noamd,0,0,True,0.58194447,0.41805553,0.58194447
T0242.jpg,a_noamd,a_noamd,0,0,True,0.77291346,0.22708654,0.77291346
T0243.jpg,a_noamd,a_noamd,0,0,True,0.91726005,0.08274,0.91726005
T0244.jpg,b_amd,b_amd,1,1,True,0.18705821,0.8129418,0.8129418
T0245.jpg,b_amd,b_amd,1,1,True,0.08291166,0.9170883,0.9170883
T0246.jpg,a_noamd,a_noamd,0,0,True,0.95699507,0.04300496,0.95699507
T0247.jpg,b_amd,b_amd,1,1,True,0.039217893,0.9607821,0.9607821
T0248.jpg,a_noamd,a_noamd,0,0,True,0.9199755,0.08002446,0.9199755
T0249.jpg,a_noamd,a_noamd,0,0,True,0.7556214,0.24437858,0.7556214
T0250.jpg,a_noamd,a_noamd,0,0,True,0.9364752,0.06352482,0.9364752
T0251.jpg,a_noamd,b_amd,0,1,False,0.42549655,0.5745034,0.5745034
T0252.jpg,b_amd,b_amd,1,1,True,0.04016327,0.9598367,0.9598367
T0253.jpg,a_noamd,b_amd,0,1,False,0.12543878,0.8745612,0.8745612
T0254.jpg,b_amd,b_amd,1,1,True,0.08884819,0.91115177,0.91115177
T0255.jpg,b_amd,b_amd,1,1,True,0.13992798,0.86007196,0.86007196
T0256.jpg,a_noamd,a_noamd,0,0,True,0.9060395,0.09396057,0.9060395
T0257.jpg,a_noamd,a_noamd,0,0,True,0.9536123,0.046387654,0.9536123
T0258.jpg,b_amd,b_amd,1,1,True,0.039953616,0.9600464,0.9600464
T0259.jpg,a_noamd,a_noamd,0,0,True,0.7805185,0.21948153,0.7805185
T0260.jpg,a_noamd,a_noamd,0,0,True,0.8799732,0.120026864,0.8799732
T0261.jpg,b_amd,b_amd,1,1,True,0.038666442,0.9613335,0.9613335
T0262.jpg,a_noamd,b_amd,0,1,False,0.07463359,0.92536634,0.92536634
T0263.jpg,a_noamd,a_noamd,0,0,True,0.8319063,0.16809368,0.8319063
T0264.jpg,a_noamd,a_noamd,0,0,True,0.78840035,0.21159963,0.78840035
T0265.jpg,a_noamd,b_amd,0,1,False,0.4938737,0.50612634,0.50612634
T0266.jpg,a_noamd,a_noamd,0,0,True,0.85755813,0.14244185,0.85755813
T0267.jpg,a_noamd,a_noamd,0,0,True,0.9188424,0.08115764,0.9188424
T0268.jpg,a_noamd,a_noamd,0,0,True,0.86764437,0.13235565,0.86764437
T0269.jpg,a_noamd,a_noamd,0,0,True,0.9338429,0.06615715,0.9338429
T0270.jpg,a_noamd,a_noamd,0,0,True,0.8246805,0.17531951,0.8246805
T0271.jpg,a_noamd,a_noamd,0,0,True,0.79542696,0.20457296,0.79542696
T0272.jpg,a_noamd,a_noamd,0,0,True,0.80591166,0.19408834,0.80591166
T0273.jpg,a_noamd,a_noamd,0,0,True,0.8941611,0.10583895,0.8941611
T0274.jpg,a_noamd,a_noamd,0,0,True,0.94435304,0.05564695,0.94435304
T0275.jpg,a_noamd,a_noamd,0,0,True,0.9006966,0.09930342,0.9006966
T0276.jpg,a_noamd,b_amd,0,1,False,0.22278807,0.77721196,0.77721196
T0277.jpg,a_noamd,a_noamd,0,0,True,0.86330575,0.13669431,0.86330575
T0278.jpg,a_noamd,a_noamd,0,0,True,0.917509,0.08249093,0.917509
T0279.jpg,a_noamd,b_amd,0,1,False,0.089959785,0.91004026,0.91004026
T0280.jpg,a_noamd,a_noamd,0,0,True,0.8960098,0.10399019,0.8960098
T0281.jpg,a_noamd,b_amd,0,1,False,0.42547414,0.5745259,0.5745259
T0282.jpg,a_noamd,a_noamd,0,0,True,0.8875656,0.11243445,0.8875656
T0283.jpg,a_noamd,b_amd,0,1,False,0.060615223,0.93938476,0.93938476
T0284.jpg,a_noamd,b_amd,0,1,False,0.065502025,0.93449795,0.93449795
T0285.jpg,a_noamd,a_noamd,0,0,True,0.858058,0.14194208,0.858058
T0286.jpg,b_amd,b_amd,1,1,True,0.068352565,0.9316475,0.9316475
T0287.jpg,a_noamd,a_noamd,0,0,True,0.94016457,0.059835482,0.94016457
T0288.jpg,a_noamd,a_noamd,0,0,True,0.875359,0.12464101,0.875359
T0289.jpg,a_noamd,b_amd,0,1,False,0.2872577,0.71274227,0.71274227
T0290.jpg,a_noamd,a_noamd,0,0,True,0.94015235,0.05984769,0.94015235
T0291.jpg,b_amd,b_amd,1,1,True,0.102618136,0.89738184,0.89738184
T0292.jpg,a_noamd,a_noamd,0,0,True,0.910913,0.089086965,0.910913
T0293.jpg,a_noamd,a_noamd,0,0,True,0.8948609,0.1051391,0.8948609
T0294.jpg,a_noamd,a_noamd,0,0,True,0.866149,0.13385099,0.866149
T0295.jpg,a_noamd,a_noamd,0,0,True,0.90740764,0.092592366,0.90740764
T0296.jpg,a_noamd,a_noamd,0,0,True,0.9039009,0.09609907,0.9039009
T0297.jpg,a_noamd,a_noamd,0,0,True,0.92183703,0.07816298,0.92183703
T0298.jpg,b_amd,b_amd,1,1,True,0.02916873,0.9708312,0.9708312
T0299.jpg,a_noamd,a_noamd,0,0,True,0.92200387,0.07799613,0.92200387
T0300.jpg,a_noamd,a_noamd,0,0,True,0.73000145,0.26999858,0.73000145
T0301.jpg,b_amd,b_amd,1,1,True,0.12416679,0.8758332,0.8758332
T0302.jpg,a_noamd,a_noamd,0,0,True,0.68669266,0.31330737,0.68669266
T0303.jpg,a_noamd,a_noamd,0,0,True,0.8613656,0.13863435,0.8613656
T0304.jpg,a_noamd,b_amd,0,1,False,0.14501148,0.8549885,0.8549885
T0305.jpg,a_noamd,a_noamd,0,0,True,0.9446831,0.05531698,0.9446831
T0306.jpg,a_noamd,a_noamd,0,0,True,0.6517736,0.34822643,0.6517736
T0307.jpg,b_amd,a_noamd,1,0,False,0.8098137,0.19018635,0.8098137
T0308.jpg,a_noamd,b_amd,0,1,False,0.08824951,0.9117505,0.9117505
T0309.jpg,a_noamd,a_noamd,0,0,True,0.94302666,0.05697335,0.94302666
T0310.jpg,a_noamd,a_noamd,0,0,True,0.6164265,0.38357344,0.6164265
T0311.jpg,a_noamd,a_noamd,0,0,True,0.70144993,0.29855007,0.70144993
T0312.jpg,a_noamd,a_noamd,0,0,True,0.5363961,0.46360397,0.5363961
T0313.jpg,a_noamd,a_noamd,0,0,True,0.5934194,0.40658063,0.5934194
T0314.jpg,a_noamd,b_amd,0,1,False,0.36563978,0.6343602,0.6343602
T0315.jpg,a_noamd,b_amd,0,1,False,0.31186104,0.68813896,0.68813896
T0316.jpg,a_noamd,b_amd,0,1,False,0.171044,0.828956,0.828956
T0317.jpg,a_noamd,b_amd,0,1,False,0.16661632,0.8333836,0.8333836
T0318.jpg,a_noamd,a_noamd,0,0,True,0.941058,0.058942024,0.941058
T0319.jpg,a_noamd,a_noamd,0,0,True,0.75314623,0.24685381,0.75314623
T0320.jpg,a_noamd,b_amd,0,1,False,0.03302198,0.966978,0.966978
T0321.jpg,a_noamd,a_noamd,0,0,True,0.883273,0.11672699,0.883273
T0322.jpg,a_noamd,a_noamd,0,0,True,0.8572596,0.14274044,0.8572596
T0323.jpg,b_amd,b_amd,1,1,True,0.076744154,0.9232558,0.9232558
T0324.jpg,a_noamd,a_noamd,0,0,True,0.8607187,0.13928127,0.8607187
T0325.jpg,b_amd,b_amd,1,1,True,0.048331358,0.9516687,0.9516687
T0326.jpg,b_amd,b_amd,1,1,True,0.07979006,0.92020994,0.92020994
T0327.jpg,a_noamd,b_amd,0,1,False,0.17618425,0.82381576,0.82381576
T0328.jpg,a_noamd,a_noamd,0,0,True,0.9135478,0.086452186,0.9135478
T0329.jpg,b_amd,b_amd,1,1,True,0.027140802,0.9728592,0.9728592
T0330.jpg,a_noamd,a_noamd,0,0,True,0.89181423,0.10818578,0.89181423
T0331.jpg,a_noamd,b_amd,0,1,False,0.20180541,0.7981945,0.7981945
T0332.jpg,a_noamd,a_noamd,0,0,True,0.9165201,0.08347991,0.9165201
T0333.jpg,a_noamd,a_noamd,0,0,True,0.9259833,0.07401666,0.9259833
T0334.jpg,a_noamd,a_noamd,0,0,True,0.8649979,0.13500209,0.8649979
T0335.jpg,a_noamd,a_noamd,0,0,True,0.9267312,0.07326876,0.9267312
T0336.jpg,a_noamd,a_noamd,0,0,True,0.86476094,0.13523911,0.86476094
T0337.jpg,a_noamd,a_noamd,0,0,True,0.65906084,0.3409392,0.65906084
T0338.jpg,a_noamd,a_noamd,0,0,True,0.76997423,0.23002581,0.76997423
T0339.jpg,a_noamd,a_noamd,0,0,True,0.87841725,0.121582754,0.87841725
T0340.jpg,a_noamd,a_noamd,0,0,True,0.9622903,0.037709713,0.9622903
T0341.jpg,a_noamd,b_amd,0,1,False,0.30748603,0.69251394,0.69251394
T0342.jpg,a_noamd,a_noamd,0,0,True,0.9355026,0.06449743,0.9355026
T0343.jpg,a_noamd,b_amd,0,1,False,0.10090276,0.89909726,0.89909726
T0344.jpg,a_noamd,a_noamd,0,0,True,0.92184746,0.07815256,0.92184746
T0345.jpg,a_noamd,a_noamd,0,0,True,0.94956166,0.05043839,0.94956166
T0346.jpg,a_noamd,a_noamd,0,0,True,0.91436505,0.08563497,0.91436505
T0347.jpg,a_noamd,a_noamd,0,0,True,0.85687065,0.14312936,0.85687065
T0348.jpg,b_amd,b_amd,1,1,True,0.040513717,0.95948625,0.95948625
T0349.jpg,a_noamd,a_noamd,0,0,True,0.95270777,0.04729226,0.95270777
T0350.jpg,a_noamd,a_noamd,0,0,True,0.5219104,0.47808954,0.5219104
T0351.jpg,b_amd,b_amd,1,1,True,0.30579826,0.6942017,0.6942017
T0352.jpg,a_noamd,a_noamd,0,0,True,0.9375625,0.06243746,0.9375625
T0353.jpg,a_noamd,a_noamd,0,0,True,0.8787021,0.1212979,0.8787021
T0354.jpg,a_noamd,a_noamd,0,0,True,0.6100946,0.3899054,0.6100946
T0355.jpg,a_noamd,a_noamd,0,0,True,0.9126003,0.0873997,0.9126003
T0356.jpg,a_noamd,b_amd,0,1,False,0.20677447,0.7932255,0.7932255
T0357.jpg,a_noamd,a_noamd,0,0,True,0.92806417,0.07193584,0.92806417
T0358.jpg,a_noamd,a_noamd,0,0,True,0.89941096,0.1005891,0.89941096
T0359.jpg,a_noamd,a_noamd,0,0,True,0.88345784,0.1165422,0.88345784
T0360.jpg,a_noamd,a_noamd,0,0,True,0.9607562,0.039243855,0.9607562
T0361.jpg,b_amd,b_amd,1,1,True,0.07082357,0.92917645,0.92917645
T0362.jpg,a_noamd,a_noamd,0,0,True,0.8908607,0.109139286,0.8908607
T0363.jpg,a_noamd,b_amd,0,1,False,0.47867054,0.52132946,0.52132946
T0364.jpg,b_amd,b_amd,1,1,True,0.39388376,0.60611624,0.60611624
T0365.jpg,a_noamd,a_noamd,0,0,True,0.940304,0.059696045,0.940304
T0366.jpg,b_amd,b_amd,1,1,True,0.094778106,0.9052219,0.9052219
T0367.jpg,a_noamd,a_noamd,0,0,True,0.8994261,0.100573875,0.8994261
T0368.jpg,b_amd,a_noamd,1,0,False,0.8710334,0.1289666,0.8710334
T0369.jpg,a_noamd,b_amd,0,1,False,0.059982114,0.94001794,0.94001794
T0370.jpg,a_noamd,a_noamd,0,0,True,0.78752637,0.21247368,0.78752637
T0371.jpg,a_noamd,a_noamd,0,0,True,0.9423707,0.057629302,0.9423707
T0372.jpg,b_amd,b_amd,1,1,True,0.028578531,0.9714215,0.9714215
T0373.jpg,a_noamd,b_amd,0,1,False,0.07903423,0.92096585,0.92096585
T0374.jpg,a_noamd,a_noamd,0,0,True,0.8937778,0.106222205,0.8937778
T0375.jpg,a_noamd,a_noamd,0,0,True,0.8814778,0.11852226,0.8814778
T0376.jpg,a_noamd,a_noamd,0,0,True,0.93620765,0.06379229,0.93620765
T0377.jpg,b_amd,b_amd,1,1,True,0.23800744,0.7619926,0.7619926
T0378.jpg,b_amd,a_noamd,1,0,False,0.9000355,0.09996456,0.9000355
T0379.jpg,a_noamd,b_amd,0,1,False,0.055972517,0.9440274,0.9440274
T0380.jpg,a_noamd,a_noamd,0,0,True,0.93305993,0.06694012,0.93305993
T0381.jpg,b_amd,b_amd,1,1,True,0.06606668,0.9339333,0.9339333
T0382.jpg,b_amd,a_noamd,1,0,False,0.8088653,0.19113472,0.8088653
T0383.jpg,a_noamd,b_amd,0,1,False,0.039341252,0.9606588,0.9606588
T0384.jpg,a_noamd,a_noamd,0,0,True,0.7000954,0.29990458,0.7000954
T0385.jpg,a_noamd,a_noamd,0,0,True,0.9372938,0.062706195,0.9372938
T0386.jpg,b_amd,b_amd,1,1,True,0.040780045,0.95922,0.95922
T0387.jpg,a_noamd,a_noamd,0,0,True,0.92459226,0.075407766,0.92459226
T0388.jpg,a_noamd,a_noamd,0,0,True,0.56543976,0.4345602,0.56543976
T0389.jpg,a_noamd,a_noamd,0,0,True,0.8924169,0.10758316,0.8924169
T0390.jpg,b_amd,b_amd,1,1,True,0.039640237,0.96035975,0.96035975
T0391.jpg,a_noamd,a_noamd,0,0,True,0.72405255,0.27594748,0.72405255
T0392.jpg,b_amd,b_amd,1,1,True,0.071813256,0.9281867,0.9281867
T0393.jpg,b_amd,a_noamd,1,0,False,0.79382014,0.20617981,0.79382014
T0394.jpg,b_amd,b_amd,1,1,True,0.036217973,0.96378195,0.96378195
T0395.jpg,a_noamd,a_noamd,0,0,True,0.93479484,0.065205134,0.93479484
T0396.jpg,a_noamd,a_noamd,0,0,True,0.92265403,0.077345975,0.92265403
T0397.jpg,a_noamd,b_amd,0,1,False,0.08582532,0.91417474,0.91417474
T0398.jpg,a_noamd,b_amd,0,1,False,0.30531204,0.69468796,0.69468796
T0399.jpg,a_noamd,a_noamd,0,0,True,0.9319773,0.06802271,0.9319773
T0400.jpg,a_noamd,b_amd,0,1,False,0.055469655,0.9445303,0.9445303
V0001.jpg,a_noamd,b_amd,0,1,False,0.052197445,0.94780254,0.94780254
V0002.jpg,a_noamd,a_noamd,0,0,True,0.9120713,0.08792865,0.9120713
V0003.jpg,a_noamd,a_noamd,0,0,True,0.9398363,0.060163617,0.9398363
V0004.jpg,a_noamd,b_amd,0,1,False,0.07083819,0.92916185,0.92916185
V0005.jpg,a_noamd,a_noamd,0,0,True,0.8725725,0.12742752,0.8725725
V0006.jpg,a_noamd,a_noamd,0,0,True,0.78516877,0.21483126,0.78516877
V0007.jpg,a_noamd,a_noamd,0,0,True,0.70964503,0.290355,0.70964503
V0008.jpg,a_noamd,b_amd,0,1,False,0.03926457,0.9607355,0.9607355
V0009.jpg,b_amd,b_amd,1,1,True,0.044663154,0.9553368,0.9553368
V0010.jpg,a_noamd,a_noamd,0,0,True,0.93983465,0.06016534,0.93983465
V0011.jpg,a_noamd,a_noamd,0,0,True,0.90438503,0.09561499,0.90438503
V0012.jpg,a_noamd,a_noamd,0,0,True,0.935764,0.06423599,0.935764
V0013.jpg,b_amd,b_amd,1,1,True,0.12616068,0.87383926,0.87383926
V0014.jpg,a_noamd,b_amd,0,1,False,0.46706846,0.53293157,0.53293157
V0015.jpg,a_noamd,a_noamd,0,0,True,0.8640636,0.13593641,0.8640636
V0016.jpg,a_noamd,a_noamd,0,0,True,0.658981,0.34101903,0.658981
V0017.jpg,a_noamd,a_noamd,0,0,True,0.83139336,0.16860665,0.83139336
V0018.jpg,a_noamd,b_amd,0,1,False,0.104202636,0.8957973,0.8957973
V0019.jpg,a_noamd,a_noamd,0,0,True,0.93136126,0.068638735,0.93136126
V0020.jpg,a_noamd,a_noamd,0,0,True,0.7888358,0.21116412,0.7888358
V0021.jpg,a_noamd,a_noamd,0,0,True,0.5467584,0.4532416,0.5467584
V0022.jpg,b_amd,b_amd,1,1,True,0.196311,0.80368894,0.80368894
V0023.jpg,a_noamd,a_noamd,0,0,True,0.93413365,0.06586631,0.93413365
V0024.jpg,a_noamd,b_amd,0,1,False,0.32467055,0.6753295,0.6753295
V0025.jpg,a_noamd,a_noamd,0,0,True,0.855108,0.14489199,0.855108
V0026.jpg,a_noamd,a_noamd,0,0,True,0.70117146,0.29882848,0.70117146
V0027.jpg,a_noamd,b_amd,0,1,False,0.40548402,0.59451604,0.59451604
V0028.jpg,a_noamd,a_noamd,0,0,True,0.9262814,0.07371867,0.9262814
V0029.jpg,a_noamd,a_noamd,0,0,True,0.54437065,0.45562935,0.54437065
V0030.jpg,b_amd,b_amd,1,1,True,0.12040311,0.8795969,0.8795969
V0031.jpg,a_noamd,b_amd,0,1,False,0.057048935,0.9429511,0.9429511
V0032.jpg,a_noamd,a_noamd,0,0,True,0.90759546,0.09240454,0.90759546
V0033.jpg,b_amd,b_amd,1,1,True,0.07075328,0.92924666,0.92924666
V0034.jpg,b_amd,b_amd,1,1,True,0.14680003,0.85319996,0.85319996
V0035.jpg,a_noamd,a_noamd,0,0,True,0.8669021,0.13309781,0.8669021
V0036.jpg,a_noamd,a_noamd,0,0,True,0.8353434,0.16465655,0.8353434
V0037.jpg,a_noamd,a_noamd,0,0,True,0.81809527,0.1819048,0.81809527
V0038.jpg,a_noamd,a_noamd,0,0,True,0.6548058,0.3451942,0.6548058
V0039.jpg,a_noamd,a_noamd,0,0,True,0.7664966,0.23350343,0.7664966
V0040.jpg,a_noamd,a_noamd,0,0,True,0.9390499,0.060950123,0.9390499
V0041.jpg,a_noamd,a_noamd,0,0,True,0.8416784,0.1583216,0.8416784
V0042.jpg,a_noamd,a_noamd,0,0,True,0.68924063,0.31075937,0.68924063
V0043.jpg,b_amd,a_noamd,1,0,False,0.60469586,0.39530414,0.60469586
V0044.jpg,a_noamd,a_noamd,0,0,True,0.9398032,0.06019678,0.9398032
V0045.jpg,a_noamd,a_noamd,0,0,True,0.502695,0.49730495,0.502695
V0046.jpg,a_noamd,b_amd,0,1,False,0.23019315,0.7698068,0.7698068
V0047.jpg,a_noamd,a_noamd,0,0,True,0.9113784,0.088621676,0.9113784
V0048.jpg,b_amd,b_amd,1,1,True,0.02379244,0.97620755,0.97620755
V0049.jpg,a_noamd,b_amd,0,1,False,0.1671873,0.8328127,0.8328127
V0050.jpg,b_amd,b_amd,1,1,True,0.102939196,0.8970609,0.8970609
V0051.jpg,b_amd,b_amd,1,1,True,0.031161355,0.96883863,0.96883863
V0052.jpg,a_noamd,a_noamd,0,0,True,0.9286232,0.07137684,0.9286232
V0053.jpg,a_noamd,a_noamd,0,0,True,0.86571974,0.13428019,0.86571974
V0054.jpg,a_noamd,b_amd,0,1,False,0.083096474,0.9169035,0.9169035
V0055.jpg,a_noamd,a_noamd,0,0,True,0.9337824,0.06621761,0.9337824
V0056.jpg,a_noamd,b_amd,0,1,False,0.2150955,0.7849045,0.7849045
V0057.jpg,a_noamd,a_noamd,0,0,True,0.92136884,0.07863123,0.92136884
V0058.jpg,a_noamd,b_amd,0,1,False,0.050997283,0.94900274,0.94900274
V0059.jpg,a_noamd,a_noamd,0,0,True,0.7305596,0.26944044,0.7305596
V0060.jpg,a_noamd,b_amd,0,1,False,0.17151992,0.8284801,0.8284801
V0061.jpg,b_amd,b_amd,1,1,True,0.19168107,0.808319,0.808319
V0062.jpg,a_noamd,a_noamd,0,0,True,0.77246565,0.22753437,0.77246565
V0063.jpg,b_amd,b_amd,1,1,True,0.07411117,0.9258888,0.9258888
V0064.jpg,a_noamd,b_amd,0,1,False,0.35365525,0.6463448,0.6463448
V0065.jpg,a_noamd,a_noamd,0,0,True,0.91197956,0.08802042,0.91197956
V0066.jpg,a_noamd,a_noamd,0,0,True,0.9492234,0.050776564,0.9492234
V0067.jpg,a_noamd,a_noamd,0,0,True,0.60465044,0.39534962,0.60465044
V0068.jpg,a_noamd,a_noamd,0,0,True,0.9174921,0.08250791,0.9174921
V0069.jpg,a_noamd,b_amd,0,1,False,0.45128554,0.54871446,0.54871446
V0070.jpg,a_noamd,a_noamd,0,0,True,0.9343407,0.06565929,0.9343407
V0071.jpg,a_noamd,b_amd,0,1,False,0.4020591,0.5979409,0.5979409
V0072.jpg,a_noamd,b_amd,0,1,False,0.230136,0.769864,0.769864
V0073.jpg,a_noamd,a_noamd,0,0,True,0.84764475,0.15235518,0.84764475
V0074.jpg,a_noamd,b_amd,0,1,False,0.4303454,0.56965464,0.56965464
V0075.jpg,a_noamd,a_noamd,0,0,True,0.9313926,0.068607405,0.9313926
V0076.jpg,a_noamd,a_noamd,0,0,True,0.9272472,0.072752744,0.9272472
V0077.jpg,a_noamd,a_noamd,0,0,True,0.9394978,0.06050213,0.9394978
V0078.jpg,b_amd,b_amd,1,1,True,0.063362956,0.9366371,0.9366371
V0079.jpg,a_noamd,a_noamd,0,0,True,0.9262818,0.07371821,0.9262818
V0080.jpg,b_amd,a_noamd,1,0,False,0.61855173,0.3814483,0.61855173
V0081.jpg,a_noamd,b_amd,0,1,False,0.16638078,0.8336192,0.8336192
V0082.jpg,a_noamd,a_noamd,0,0,True,0.64005333,0.35994664,0.64005333
V0083.jpg,b_amd,b_amd,1,1,True,0.1432827,0.85671735,0.85671735
V0084.jpg,a_noamd,a_noamd,0,0,True,0.70029837,0.29970163,0.70029837
V0085.jpg,b_amd,b_amd,1,1,True,0.03298575,0.96701425,0.96701425
V0086.jpg,a_noamd,b_amd,0,1,False,0.24616353,0.7538365,0.7538365
V0087.jpg,b_amd,b_amd,1,1,True,0.064343445,0.93565655,0.93565655
V0088.jpg,a_noamd,a_noamd,0,0,True,0.9590568,0.04094323,0.9590568
V0089.jpg,b_amd,a_noamd,1,0,False,0.52678525,0.47321478,0.52678525
V0090.jpg,a_noamd,a_noamd,0,0,True,0.92922485,0.07077512,0.92922485
V0091.jpg,b_amd,b_amd,1,1,True,0.035732433,0.96426755,0.96426755
V0092.jpg,a_noamd,a_noamd,0,0,True,0.94080365,0.05919635,0.94080365
V0093.jpg,b_amd,b_amd,1,1,True,0.04513922,0.9548608,0.9548608
V0094.jpg,a_noamd,a_noamd,0,0,True,0.93251693,0.06748308,0.93251693
V0095.jpg,a_noamd,b_amd,0,1,False,0.26139426,0.73860574,0.73860574
V0096.jpg,a_noamd,a_noamd,0,0,True,0.9023204,0.0976796,0.9023204
V0097.jpg,a_noamd,a_noamd,0,0,True,0.649295,0.35070506,0.649295
V0098.jpg,a_noamd,a_noamd,0,0,True,0.9401086,0.05989134,0.9401086
V0099.jpg,b_amd,b_amd,1,1,True,0.030238306,0.96976167,0.96976167
V0100.jpg,a_noamd,b_amd,0,1,False,0.042623535,0.9573764,0.9573764
V0101.jpg,a_noamd,a_noamd,0,0,True,0.8161494,0.18385062,0.8161494
V0102.jpg,a_noamd,a_noamd,0,0,True,0.90178514,0.09821487,0.90178514
V0103.jpg,b_amd,b_amd,1,1,True,0.05772537,0.9422746,0.9422746
V0104.jpg,a_noamd,a_noamd,0,0,True,0.94534355,0.054656483,0.94534355
V0105.jpg,b_amd,b_amd,1,1,True,0.14008956,0.8599105,0.8599105
V0106.jpg,b_amd,b_amd,1,1,True,0.036034565,0.96396536,0.96396536
V0107.jpg,a_noamd,a_noamd,0,0,True,0.9328635,0.06713647,0.9328635
V0108.jpg,b_amd,b_amd,1,1,True,0.13490793,0.8650921,0.8650921
V0109.jpg,a_noamd,a_noamd,0,0,True,0.95922786,0.0407721,0.95922786
V0110.jpg,a_noamd,a_noamd,0,0,True,0.88769466,0.11230531,0.88769466
V0111.jpg,b_amd,b_amd,1,1,True,0.05182082,0.94817924,0.94817924
V0112.jpg,a_noamd,b_amd,0,1,False,0.4991795,0.5008205,0.5008205
V0113.jpg,a_noamd,a_noamd,0,0,True,0.72673017,0.27326983,0.72673017
V0114.jpg,a_noamd,a_noamd,0,0,True,0.8898664,0.11013357,0.8898664
V0115.jpg,b_amd,b_amd,1,1,True,0.06723905,0.9327609,0.9327609
V0116.jpg,a_noamd,b_amd,0,1,False,0.35105774,0.6489423,0.6489423
V0117.jpg,b_amd,b_amd,1,1,True,0.31304142,0.6869586,0.6869586
V0118.jpg,a_noamd,a_noamd,0,0,True,0.88350165,0.116498284,0.88350165
V0119.jpg,b_amd,b_amd,1,1,True,0.11056997,0.88943005,0.88943005
V0120.jpg,a_noamd,a_noamd,0,0,True,0.9370226,0.06297738,0.9370226
V0121.jpg,a_noamd,a_noamd,0,0,True,0.90280706,0.09719294,0.90280706
V0122.jpg,a_noamd,a_noamd,0,0,True,0.64943594,0.35056406,0.64943594
V0123.jpg,a_noamd,a_noamd,0,0,True,0.8494629,0.15053703,0.8494629
V0124.jpg,a_noamd,a_noamd,0,0,True,0.8556562,0.14434376,0.8556562
V0125.jpg,b_amd,b_amd,1,1,True,0.32381526,0.6761847,0.6761847
V0126.jpg,a_noamd,a_noamd,0,0,True,0.95197237,0.048027646,0.95197237
V0127.jpg,a_noamd,a_noamd,0,0,True,0.8078855,0.19211453,0.8078855
V0128.jpg,a_noamd,a_noamd,0,0,True,0.93751335,0.062486645,0.93751335
V0129.jpg,b_amd,b_amd,1,1,True,0.04614766,0.95385236,0.95385236
V0130.jpg,a_noamd,a_noamd,0,0,True,0.87991536,0.12008467,0.87991536
V0131.jpg,a_noamd,a_noamd,0,0,True,0.7508216,0.24917841,0.7508216
V0132.jpg,a_noamd,a_noamd,0,0,True,0.8888094,0.11119064,0.8888094
V0133.jpg,b_amd,b_amd,1,1,True,0.39942834,0.6005717,0.6005717
V0134.jpg,a_noamd,b_amd,0,1,False,0.3880013,0.6119987,0.6119987
V0135.jpg,b_amd,b_amd,1,1,True,0.05805716,0.9419429,0.9419429
V0136.jpg,a_noamd,a_noamd,0,0,True,0.9209626,0.07903736,0.9209626
V0137.jpg,a_noamd,a_noamd,0,0,True,0.86324704,0.13675302,0.86324704
V0138.jpg,a_noamd,a_noamd,0,0,True,0.797981,0.20201899,0.797981
V0139.jpg,a_noamd,a_noamd,0,0,True,0.87356836,0.12643167,0.87356836
V0140.jpg,a_noamd,a_noamd,0,0,True,0.9119631,0.088036865,0.9119631
V0141.jpg,b_amd,b_amd,1,1,True,0.07198182,0.9280182,0.9280182
V0142.jpg,a_noamd,a_noamd,0,0,True,0.6681631,0.3318369,0.6681631
V0143.jpg,a_noamd,a_noamd,0,0,True,0.8969773,0.103022665,0.8969773
V0144.jpg,a_noamd,a_noamd,0,0,True,0.9430679,0.056932095,0.9430679
V0145.jpg,a_noamd,a_noamd,0,0,True,0.9244227,0.07557736,0.9244227
V0146.jpg,b_amd,b_amd,1,1,True,0.47798923,0.5220108,0.5220108
V0147.jpg,b_amd,b_amd,1,1,True,0.10586439,0.89413565,0.89413565
V0148.jpg,a_noamd,a_noamd,0,0,True,0.9522146,0.047785375,0.9522146
V0149.jpg,a_noamd,b_amd,0,1,False,0.16275923,0.83724076,0.83724076
V0150.jpg,a_noamd,a_noamd,0,0,True,0.93553454,0.06446551,0.93553454
V0151.jpg,b_amd,b_amd,1,1,True,0.21606657,0.7839334,0.7839334
V0152.jpg,b_amd,b_amd,1,1,True,0.027678892,0.9723211,0.9723211
V0153.jpg,a_noamd,a_noamd,0,0,True,0.83047765,0.16952242,0.83047765
V0154.jpg,a_noamd,b_amd,0,1,False,0.04361619,0.9563838,0.9563838
V0155.jpg,a_noamd,a_noamd,0,0,True,0.9491073,0.050892696,0.9491073
V0156.jpg,a_noamd,a_noamd,0,0,True,0.89020103,0.109799,0.89020103
V0157.jpg,a_noamd,a_noamd,0,0,True,0.9268338,0.07316618,0.9268338
V0158.jpg,b_amd,b_amd,1,1,True,0.039219275,0.9607807,0.9607807
V0159.jpg,b_amd,b_amd,1,1,True,0.03145616,0.9685439,0.9685439
V0160.jpg,a_noamd,a_noamd,0,0,True,0.8948285,0.10517148,0.8948285
V0161.jpg,b_amd,b_amd,1,1,True,0.1484133,0.85158676,0.85158676
V0162.jpg,a_noamd,a_noamd,0,0,True,0.84444004,0.15556002,0.84444004
V0163.jpg,a_noamd,a_noamd,0,0,True,0.811019,0.18898097,0.811019
V0164.jpg,a_noamd,a_noamd,0,0,True,0.87381977,0.12618017,0.87381977
V0165.jpg,a_noamd,a_noamd,0,0,True,0.7013736,0.29862642,0.7013736
V0166.jpg,a_noamd,a_noamd,0,0,True,0.8957247,0.10427528,0.8957247
V0167.jpg,a_noamd,a_noamd,0,0,True,0.82067126,0.17932877,0.82067126
V0168.jpg,a_noamd,a_noamd,0,0,True,0.9449456,0.05505445,0.9449456
V0169.jpg,a_noamd,a_noamd,0,0,True,0.7478611,0.25213888,0.7478611
V0170.jpg,b_amd,b_amd,1,1,True,0.029568568,0.9704314,0.9704314
V0171.jpg,a_noamd,a_noamd,0,0,True,0.6314335,0.36856648,0.6314335
V0172.jpg,b_amd,b_amd,1,1,True,0.0227115,0.97728854,0.97728854
V0173.jpg,b_amd,b_amd,1,1,True,0.10756139,0.8924386,0.8924386
V0174.jpg,a_noamd,a_noamd,0,0,True,0.93108404,0.068915956,0.93108404
V0175.jpg,a_noamd,a_noamd,0,0,True,0.85841304,0.14158691,0.85841304
V0176.jpg,a_noamd,a_noamd,0,0,True,0.5836981,0.41630194,0.5836981
V0177.jpg,a_noamd,b_amd,0,1,False,0.46448413,0.5355159,0.5355159
V0178.jpg,a_noamd,a_noamd,0,0,True,0.8879198,0.11208019,0.8879198
V0179.jpg,a_noamd,a_noamd,0,0,True,0.905905,0.094094925,0.905905
V0180.jpg,b_amd,b_amd,1,1,True,0.13790257,0.86209744,0.86209744
V0181.jpg,a_noamd,a_noamd,0,0,True,0.9064157,0.09358431,0.9064157
V0182.jpg,b_amd,b_amd,1,1,True,0.0414581,0.95854187,0.95854187
V0183.jpg,a_noamd,a_noamd,0,0,True,0.8088186,0.19118142,0.8088186
V0184.jpg,a_noamd,a_noamd,0,0,True,0.9330506,0.066949375,0.9330506
V0185.jpg,a_noamd,a_noamd,0,0,True,0.58111066,0.41888937,0.58111066
V0186.jpg,a_noamd,b_amd,0,1,False,0.15801364,0.84198636,0.84198636
V0187.jpg,b_amd,b_amd,1,1,True,0.056108613,0.94389135,0.94389135
V0188.jpg,b_amd,b_amd,1,1,True,0.06878129,0.9312187,0.9312187
V0189.jpg,a_noamd,b_amd,0,1,False,0.21619329,0.7838067,0.7838067
V0190.jpg,b_amd,b_amd,1,1,True,0.030982025,0.9690179,0.9690179
V0191.jpg,a_noamd,a_noamd,0,0,True,0.945491,0.054508936,0.945491
V0192.jpg,a_noamd,a_noamd,0,0,True,0.8028837,0.19711632,0.8028837
V0193.jpg,a_noamd,b_amd,0,1,False,0.14957762,0.8504224,0.8504224
V0194.jpg,a_noamd,b_amd,0,1,False,0.39805347,0.60194653,0.60194653
V0195.jpg,a_noamd,a_noamd,0,0,True,0.9221527,0.07784735,0.9221527
V0196.jpg,b_amd,b_amd,1,1,True,0.03304701,0.966953,0.966953
V0197.jpg,a_noamd,a_noamd,0,0,True,0.9636489,0.03635105,0.9636489
V0198.jpg,a_noamd,a_noamd,0,0,True,0.90162045,0.098379605,0.90162045
V0199.jpg,a_noamd,a_noamd,0,0,True,0.9127254,0.087274574,0.9127254
V0200.jpg,a_noamd,a_noamd,0,0,True,0.8987112,0.101288855,0.8987112
V0201.jpg,a_noamd,a_noamd,0,0,True,0.6469798,0.35302022,0.6469798
V0202.jpg,a_noamd,a_noamd,0,0,True,0.9372089,0.06279107,0.9372089
V0203.jpg,a_noamd,a_noamd,0,0,True,0.8075488,0.19245115,0.8075488
V0204.jpg,a_noamd,a_noamd,0,0,True,0.9273868,0.0726132,0.9273868
V0205.jpg,a_noamd,a_noamd,0,0,True,0.94805706,0.051942945,0.94805706
V0206.jpg,a_noamd,a_noamd,0,0,True,0.6830612,0.31693882,0.6830612
V0207.jpg,a_noamd,a_noamd,0,0,True,0.5183627,0.4816373,0.5183627
V0208.jpg,a_noamd,a_noamd,0,0,True,0.8687579,0.13124216,0.8687579
V0209.jpg,a_noamd,a_noamd,0,0,True,0.7733544,0.22664557,0.7733544
V0210.jpg,a_noamd,a_noamd,0,0,True,0.7989047,0.20109534,0.7989047
V0211.jpg,a_noamd,a_noamd,0,0,True,0.5571665,0.4428335,0.5571665
V0212.jpg,a_noamd,a_noamd,0,0,True,0.9452483,0.054751687,0.9452483
V0213.jpg,a_noamd,a_noamd,0,0,True,0.610195,0.389805,0.610195
V0214.jpg,a_noamd,a_noamd,0,0,True,0.7616964,0.23830359,0.7616964
V0215.jpg,a_noamd,a_noamd,0,0,True,0.8537501,0.14624988,0.8537501
V0216.jpg,a_noamd,a_noamd,0,0,True,0.6115015,0.38849846,0.6115015
V0217.jpg,a_noamd,a_noamd,0,0,True,0.92195785,0.0780421,0.92195785
V0218.jpg,b_amd,b_amd,1,1,True,0.1709225,0.82907754,0.82907754
V0219.jpg,a_noamd,a_noamd,0,0,True,0.77898425,0.22101572,0.77898425
V0220.jpg,a_noamd,a_noamd,0,0,True,0.9394449,0.060555074,0.9394449
V0221.jpg,a_noamd,a_noamd,0,0,True,0.6414652,0.35853487,0.6414652
V0222.jpg,a_noamd,b_amd,0,1,False,0.13298981,0.8670102,0.8670102
V0223.jpg,a_noamd,a_noamd,0,0,True,0.72581047,0.27418953,0.72581047
V0224.jpg,a_noamd,a_noamd,0,0,True,0.8782211,0.12177886,0.8782211
V0225.jpg,a_noamd,a_noamd,0,0,True,0.8591475,0.14085248,0.8591475
V0226.jpg,a_noamd,a_noamd,0,0,True,0.87016624,0.12983371,0.87016624
V0227.jpg,b_amd,b_amd,1,1,True,0.044728085,0.95527196,0.95527196
V0228.jpg,a_noamd,a_noamd,0,0,True,0.96540904,0.034591004,0.96540904
V0229.jpg,a_noamd,a_noamd,0,0,True,0.932544,0.067456014,0.932544
V0230.jpg,a_noamd,a_noamd,0,0,True,0.89038515,0.10961488,0.89038515
V0231.jpg,a_noamd,a_noamd,0,0,True,0.9192571,0.0807429,0.9192571
V0232.jpg,a_noamd,a_noamd,0,0,True,0.9484609,0.05153912,0.9484609
V0233.jpg,b_amd,a_noamd,1,0,False,0.8488296,0.15117036,0.8488296
V0234.jpg,a_noamd,a_noamd,0,0,True,0.7314011,0.2685989,0.7314011
V0235.jpg,a_noamd,b_amd,0,1,False,0.10224674,0.89775324,0.89775324
V0236.jpg,a_noamd,a_noamd,0,0,True,0.90777665,0.09222338,0.90777665
V0237.jpg,b_amd,b_amd,1,1,True,0.07192901,0.92807096,0.92807096
V0238.jpg,a_noamd,a_noamd,0,0,True,0.8871177,0.11288233,0.8871177
V0239.jpg,a_noamd,b_amd,0,1,False,0.05907101,0.940929,0.940929
V0240.jpg,a_noamd,a_noamd,0,0,True,0.90265745,0.09734252,0.90265745
V0241.jpg,a_noamd,a_noamd,0,0,True,0.7068534,0.29314658,0.7068534
V0242.jpg,a_noamd,b_amd,0,1,False,0.08609546,0.9139045,0.9139045
V0243.jpg,a_noamd,a_noamd,0,0,True,0.8534184,0.14658162,0.8534184
V0244.jpg,a_noamd,b_amd,0,1,False,0.32278523,0.6772148,0.6772148
V0245.jpg,b_amd,b_amd,1,1,True,0.024654277,0.97534573,0.97534573
V0246.jpg,a_noamd,a_noamd,0,0,True,0.71509326,0.28490674,0.71509326
V0247.jpg,a_noamd,a_noamd,0,0,True,0.92535543,0.074644506,0.92535543
V0248.jpg,b_amd,b_amd,1,1,True,0.04694577,0.95305425,0.95305425
V0249.jpg,a_noamd,a_noamd,0,0,True,0.8728351,0.12716484,0.8728351
V0250.jpg,a_noamd,a_noamd,0,0,True,0.9152835,0.084716484,0.9152835
V0251.jpg,b_amd,b_amd,1,1,True,0.07650749,0.9234925,0.9234925
V0252.jpg,a_noamd,a_noamd,0,0,True,0.93090886,0.069091156,0.93090886
V0253.jpg,a_noamd,a_noamd,0,0,True,0.95456797,0.045432005,0.95456797
V0254.jpg,a_noamd,b_amd,0,1,False,0.14774688,0.8522531,0.8522531
V0255.jpg,a_noamd,a_noamd,0,0,True,0.94026256,0.05973743,0.94026256
V0256.jpg,a_noamd,a_noamd,0,0,True,0.81251085,0.18748915,0.81251085
V0257.jpg,a_noamd,a_noamd,0,0,True,0.70310503,0.296895,0.70310503
V0258.jpg,b_amd,a_noamd,1,0,False,0.7219153,0.27808475,0.7219153
V0259.jpg,a_noamd,a_noamd,0,0,True,0.8109561,0.18904388,0.8109561
V0260.jpg,a_noamd,a_noamd,0,0,True,0.940255,0.05974501,0.940255
V0261.jpg,a_noamd,a_noamd,0,0,True,0.8279967,0.17200331,0.8279967
V0262.jpg,a_noamd,a_noamd,0,0,True,0.9335305,0.06646946,0.9335305
V0263.jpg,a_noamd,a_noamd,0,0,True,0.8604165,0.13958348,0.8604165
V0264.jpg,b_amd,b_amd,1,1,True,0.0731642,0.9268358,0.9268358
V0265.jpg,a_noamd,a_noamd,0,0,True,0.9154703,0.084529765,0.9154703
V0266.jpg,a_noamd,b_amd,0,1,False,0.045104343,0.9548956,0.9548956
V0267.jpg,b_amd,b_amd,1,1,True,0.16866013,0.83133984,0.83133984
V0268.jpg,a_noamd,b_amd,0,1,False,0.23769495,0.7623051,0.7623051
V0269.jpg,b_amd,b_amd,1,1,True,0.110474855,0.8895251,0.8895251
V0270.jpg,a_noamd,a_noamd,0,0,True,0.8114439,0.18855613,0.8114439
V0271.jpg,a_noamd,a_noamd,0,0,True,0.80211025,0.19788972,0.80211025
V0272.jpg,a_noamd,b_amd,0,1,False,0.33729014,0.6627099,0.6627099
V0273.jpg,a_noamd,a_noamd,0,0,True,0.92969745,0.07030252,0.92969745
V0274.jpg,a_noamd,a_noamd,0,0,True,0.7010949,0.29890501,0.7010949
V0275.jpg,a_noamd,b_amd,0,1,False,0.22468404,0.7753159,0.7753159
V0276.jpg,a_noamd,a_noamd,0,0,True,0.9198496,0.08015045,0.9198496
V0277.jpg,a_noamd,a_noamd,0,0,True,0.9017764,0.09822364,0.9017764
V0278.jpg,a_noamd,a_noamd,0,0,True,0.92197835,0.07802163,0.92197835
V0279.jpg,a_noamd,a_noamd,0,0,True,0.8180088,0.18199123,0.8180088
V0280.jpg,a_noamd,a_noamd,0,0,True,0.9302063,0.069793686,0.9302063
V0281.jpg,b_amd,b_amd,1,1,True,0.07837774,0.9216223,0.9216223
V0282.jpg,b_amd,a_noamd,1,0,False,0.62940645,0.37059355,0.62940645
V0283.jpg,a_noamd,a_noamd,0,0,True,0.94109255,0.058907486,0.94109255
V0284.jpg,b_amd,b_amd,1,1,True,0.03490398,0.96509606,0.96509606
V0285.jpg,a_noamd,b_amd,0,1,False,0.112249754,0.88775027,0.88775027
V0286.jpg,a_noamd,a_noamd,0,0,True,0.6852073,0.3147927,0.6852073
V0287.jpg,a_noamd,a_noamd,0,0,True,0.79845166,0.20154834,0.79845166
V0288.jpg,a_noamd,a_noamd,0,0,True,0.92873466,0.07126535,0.92873466
V0289.jpg,a_noamd,a_noamd,0,0,True,0.7280941,0.27190593,0.7280941
V0290.jpg,a_noamd,a_noamd,0,0,True,0.7583697,0.24163024,0.7583697
V0291.jpg,a_noamd,b_amd,0,1,False,0.045787647,0.95421237,0.95421237
V0292.jpg,a_noamd,b_amd,0,1,False,0.1438198,0.8561802,0.8561802
V0293.jpg,a_noamd,a_noamd,0,0,True,0.8737346,0.12626536,0.8737346
V0294.jpg,a_noamd,a_noamd,0,0,True,0.9403182,0.059681743,0.9403182
V0295.jpg,a_noamd,b_amd,0,1,False,0.48856583,0.51143414,0.51143414
V0296.jpg,a_noamd,a_noamd,0,0,True,0.8904813,0.10951866,0.8904813
V0297.jpg,b_amd,b_amd,1,1,True,0.12450146,0.8754986,0.8754986
V0298.jpg,a_noamd,a_noamd,0,0,True,0.9461409,0.053859096,0.9461409
V0299.jpg,a_noamd,a_noamd,0,0,True,0.68240136,0.3175986,0.68240136
V0300.jpg,a_noamd,a_noamd,0,0,True,0.840619,0.15938096,0.840619
V0301.jpg,a_noamd,a_noamd,0,0,True,0.90997666,0.09002338,0.90997666
V0302.jpg,a_noamd,a_noamd,0,0,True,0.9381413,0.061858688,0.9381413
V0303.jpg,a_noamd,a_noamd,0,0,True,0.89453125,0.10546881,0.89453125
V0304.jpg,a_noamd,a_noamd,0,0,True,0.89609474,0.103905246,0.89609474
V0305.jpg,a_noamd,b_amd,0,1,False,0.48423225,0.51576775,0.51576775
V0306.jpg,a_noamd,a_noamd,0,0,True,0.76634496,0.23365502,0.76634496
V0307.jpg,a_noamd,a_noamd,0,0,True,0.9282203,0.07177972,0.9282203
V0308.jpg,a_noamd,a_noamd,0,0,True,0.88514066,0.11485938,0.88514066
V0309.jpg,a_noamd,b_amd,0,1,False,0.09553685,0.9044631,0.9044631
V0310.jpg,a_noamd,b_amd,0,1,False,0.0544317,0.94556826,0.94556826
V0311.jpg,a_noamd,a_noamd,0,0,True,0.8630542,0.13694583,0.8630542
V0312.jpg,a_noamd,a_noamd,0,0,True,0.9016818,0.09831825,0.9016818
V0313.jpg,a_noamd,a_noamd,0,0,True,0.8854784,0.114521645,0.8854784
V0314.jpg,a_noamd,a_noamd,0,0,True,0.8577879,0.14221215,0.8577879
V0315.jpg,a_noamd,a_noamd,0,0,True,0.84164184,0.15835816,0.84164184
V0316.jpg,a_noamd,b_amd,0,1,False,0.25151795,0.74848205,0.74848205
V0317.jpg,a_noamd,b_amd,0,1,False,0.38566306,0.61433697,0.61433697
V0318.jpg,a_noamd,a_noamd,0,0,True,0.7040213,0.2959787,0.7040213
V0319.jpg,b_amd,b_amd,1,1,True,0.4896739,0.5103261,0.5103261
V0320.jpg,a_noamd,a_noamd,0,0,True,0.9420708,0.057929266,0.9420708
V0321.jpg,a_noamd,b_amd,0,1,False,0.23970784,0.76029223,0.76029223
V0322.jpg,a_noamd,a_noamd,0,0,True,0.5544193,0.44558066,0.5544193
V0323.jpg,b_amd,b_amd,1,1,True,0.046963885,0.9530361,0.9530361
V0324.jpg,a_noamd,a_noamd,0,0,True,0.71866053,0.28133953,0.71866053
V0325.jpg,a_noamd,b_amd,0,1,False,0.41783217,0.58216786,0.58216786
V0326.jpg,b_amd,b_amd,1,1,True,0.08681057,0.9131894,0.9131894
V0327.jpg,b_amd,a_noamd,1,0,False,0.81426793,0.185732,0.81426793
V0328.jpg,a_noamd,a_noamd,0,0,True,0.9144911,0.085508816,0.9144911
V0329.jpg,a_noamd,a_noamd,0,0,True,0.85802704,0.14197293,0.85802704
V0330.jpg,b_amd,b_amd,1,1,True,0.07508111,0.92491883,0.92491883
V0331.jpg,b_amd,b_amd,1,1,True,0.08565448,0.9143455,0.9143455
V0332.jpg,a_noamd,a_noamd,0,0,True,0.9063682,0.09363184,0.9063682
V0333.jpg,a_noamd,b_amd,0,1,False,0.29738006,0.7026199,0.7026199
V0334.jpg,b_amd,a_noamd,1,0,False,0.562923,0.43707702,0.562923
V0335.jpg,a_noamd,b_amd,0,1,False,0.49496594,0.505034,0.505034
V0336.jpg,a_noamd,a_noamd,0,0,True,0.90663004,0.093369916,0.90663004
V0337.jpg,b_amd,b_amd,1,1,True,0.050686065,0.94931394,0.94931394
V0338.jpg,a_noamd,a_noamd,0,0,True,0.8770889,0.1229111,0.8770889
V0339.jpg,a_noamd,a_noamd,0,0,True,0.8339158,0.16608411,0.8339158
V0340.jpg,a_noamd,a_noamd,0,0,True,0.6046341,0.39536583,0.6046341
V0341.jpg,a_noamd,a_noamd,0,0,True,0.8228097,0.17719033,0.8228097
V0342.jpg,a_noamd,a_noamd,0,0,True,0.8989033,0.10109668,0.8989033
V0343.jpg,a_noamd,a_noamd,0,0,True,0.814144,0.18585598,0.814144
V0344.jpg,b_amd,a_noamd,1,0,False,0.8383908,0.16160919,0.8383908
V0345.jpg,a_noamd,a_noamd,0,0,True,0.7850453,0.2149547,0.7850453
V0346.jpg,a_noamd,a_noamd,0,0,True,0.9494776,0.05052245,0.9494776
V0347.jpg,a_noamd,a_noamd,0,0,True,0.93033403,0.069665976,0.93033403
V0348.jpg,a_noamd,a_noamd,0,0,True,0.9287833,0.07121673,0.9287833
V0349.jpg,a_noamd,a_noamd,0,0,True,0.84641165,0.15358841,0.84641165
V0350.jpg,a_noamd,b_amd,0,1,False,0.069149785,0.9308502,0.9308502
V0351.jpg,a_noamd,a_noamd,0,0,True,0.9180817,0.081918314,0.9180817
V0352.jpg,b_amd,b_amd,1,1,True,0.027224768,0.9727753,0.9727753
V0353.jpg,a_noamd,a_noamd,0,0,True,0.59311205,0.40688792,0.59311205
V0354.jpg,b_amd,b_amd,1,1,True,0.028968086,0.97103196,0.97103196
V0355.jpg,a_noamd,a_noamd,0,0,True,0.9432987,0.056701325,0.9432987
V0356.jpg,a_noamd,a_noamd,0,0,True,0.8876134,0.11238655,0.8876134
V0357.jpg,b_amd,b_amd,1,1,True,0.11766603,0.88233393,0.88233393
V0358.jpg,a_noamd,a_noamd,0,0,True,0.9393818,0.06061826,0.9393818
V0359.jpg,a_noamd,a_noamd,0,0,True,0.82965624,0.17034371,0.82965624
V0360.jpg,b_amd,b_amd,1,1,True,0.07432432,0.9256757,0.9256757
V0361.jpg,a_noamd,a_noamd,0,0,True,0.904837,0.09516298,0.904837
V0362.jpg,a_noamd,b_amd,0,1,False,0.058611862,0.94138813,0.94138813
V0363.jpg,b_amd,b_amd,1,1,True,0.21909934,0.78090066,0.78090066
V0364.jpg,a_noamd,a_noamd,0,0,True,0.93226075,0.06773925,0.93226075
V0365.jpg,a_noamd,b_amd,0,1,False,0.036694687,0.9633053,0.9633053
V0366.jpg,a_noamd,a_noamd,0,0,True,0.50184524,0.49815473,0.50184524
V0367.jpg,a_noamd,a_noamd,0,0,True,0.6143831,0.3856169,0.6143831
V0368.jpg,b_amd,b_amd,1,1,True,0.02570712,0.9742929,0.9742929
V0369.jpg,b_amd,b_amd,1,1,True,0.28835854,0.71164143,0.71164143
V0370.jpg,a_noamd,a_noamd,0,0,True,0.90508103,0.09491889,0.90508103
V0371.jpg,a_noamd,a_noamd,0,0,True,0.94594294,0.05405701,0.94594294
V0372.jpg,a_noamd,a_noamd,0,0,True,0.65723354,0.34276652,0.65723354
V0373.jpg,a_noamd,a_noamd,0,0,True,0.91810936,0.08189062,0.91810936
V0374.jpg,a_noamd,a_noamd,0,0,True,0.8757907,0.12420927,0.8757907
V0375.jpg,b_amd,a_noamd,1,0,False,0.77329695,0.226703,0.77329695
V0376.jpg,a_noamd,a_noamd,0,0,True,0.8919393,0.10806073,0.8919393
V0377.jpg,a_noamd,a_noamd,0,0,True,0.7513201,0.24867982,0.7513201
V0378.jpg,a_noamd,a_noamd,0,0,True,0.95865947,0.041340493,0.95865947
V0379.jpg,b_amd,b_amd,1,1,True,0.028484771,0.9715152,0.9715152
V0380.jpg,b_amd,b_amd,1,1,True,0.031609062,0.96839094,0.96839094
V0381.jpg,a_noamd,a_noamd,0,0,True,0.9248119,0.075188085,0.9248119
V0382.jpg,a_noamd,a_noamd,0,0,True,0.60362685,0.3963732,0.60362685
V0383.jpg,a_noamd,b_amd,0,1,False,0.36833394,0.63166606,0.63166606
V0384.jpg,a_noamd,a_noamd,0,0,True,0.729962,0.27003798,0.729962
V0385.jpg,a_noamd,a_noamd,0,0,True,0.9076684,0.09233158,0.9076684
V0386.jpg,a_noamd,a_noamd,0,0,True,0.6679234,0.3320766,0.6679234
V0387.jpg,a_noamd,a_noamd,0,0,True,0.8732349,0.12676512,0.8732349
V0388.jpg,b_amd,b_amd,1,1,True,0.05979244,0.94020754,0.94020754
V0389.jpg,a_noamd,a_noamd,0,0,True,0.6941904,0.30580956,0.6941904
V0390.jpg,b_amd,b_amd,1,1,True,0.03167939,0.9683206,0.9683206
V0391.jpg,a_noamd,a_noamd,0,0,True,0.85554373,0.1444563,0.85554373
V0392.jpg,b_amd,b_amd,1,1,True,0.04125487,0.9587452,0.9587452
V0393.jpg,a_noamd,a_noamd,0,0,True,0.91778,0.08221999,0.91778
V0394.jpg,a_noamd,a_noamd,0,0,True,0.93038625,0.06961374,0.93038625
V0395.jpg,a_noamd,a_noamd,0,0,True,0.93821347,0.061786536,0.93821347
V0396.jpg,a_noamd,a_noamd,0,0,True,0.9311887,0.06881122,0.9311887
V0397.jpg,b_amd,b_amd,1,1,True,0.20479141,0.79520863,0.79520863
V0398.jpg,a_noamd,a_noamd,0,0,True,0.8282754,0.17172463,0.8282754
V0399.jpg,b_amd,b_amd,1,1,True,0.23510012,0.76489985,0.76489985
V0400.jpg,a_noamd,a_noamd,0,0,True,0.75728595,0.24271402,0.75728595
