filename,score_a_noamd,score_b_amd,predicted_class
N0001.jpg,0.7114341855049133,0.28856581449508667,a_noamd
N0002.jpg,0.7557159066200256,0.24428412318229675,a_noamd
N0003.jpg,0.7652183175086975,0.23478162288665771,a_noamd
N0004.jpg,0.7392275333404541,0.2607724070549011,a_noamd
N0005.jpg,0.7643616199493408,0.23563839495182037,a_noamd
N0006.jpg,0.7930352687835693,0.20696470141410828,a_noamd
N0007.jpg,0.8057050704956055,0.19429491460323334,a_noamd
N0008.jpg,0.8497340083122253,0.15026599168777466,a_noamd
N0009.jpg,0.8571215867996216,0.14287839829921722,a_noamd
N0010.jpg,0.7328534126281738,0.26714658737182617,a_noamd
N0011.jpg,0.7795175909996033,0.22048242390155792,a_noamd
N0012.jpg,0.8006061315536499,0.1993938535451889,a_noamd
N0013.jpg,0.7994283437728882,0.20057164132595062,a_noamd
N0014.jpg,0.7912079095840454,0.2087920904159546,a_noamd
N0015.jpg,0.7511629462242126,0.24883697926998138,a_noamd
N0016.jpg,0.7522442936897278,0.2477557212114334,a_noamd
N0017.jpg,0.8574742674827576,0.14252571761608124,a_noamd
N0018.jpg,0.8366274833679199,0.16337253153324127,a_noamd
N0019.jpg,0.8339531421661377,0.1660468727350235,a_noamd
N0020.jpg,0.7187099456787109,0.28129005432128906,a_noamd
N0021.jpg,0.6951097249984741,0.3048902451992035,a_noamd
N0022.jpg,0.7077011466026306,0.2922988831996918,a_noamd
N0023.jpg,0.7336141467094421,0.2663858234882355,a_noamd
N0024.jpg,0.7328611016273499,0.26713889837265015,a_noamd
N0025.jpg,0.7676903009414673,0.23230966925621033,a_noamd
N0026.jpg,0.7539876699447632,0.2460123747587204,a_noamd
N0027.jpg,0.7572572231292725,0.24274273216724396,a_noamd
N0028.jpg,0.7609637975692749,0.2390362173318863,a_noamd
N0029.jpg,0.7768067121505737,0.22319333255290985,a_noamd
N0030.jpg,0.7452023029327393,0.25479769706726074,a_noamd
N0031.jpg,0.8365876078605652,0.16341237723827362,a_noamd
N0032.jpg,0.7887674570083618,0.2112325131893158,a_noamd
N0033.jpg,0.8115623593330383,0.18843768537044525,a_noamd
N0034.jpg,0.8002615571022034,0.19973841309547424,a_noamd
N0035.jpg,0.5984252691268921,0.4015747308731079,a_noamd
N0036.jpg,0.6826497912406921,0.31735020875930786,a_noamd
N0037.jpg,0.8175539374351501,0.18244600296020508,a_noamd
N0038.jpg,0.8148627877235413,0.18513725697994232,a_noamd
N0039.jpg,0.35382339358329773,0.6461766362190247,b_amd
N0040.jpg,0.2704964280128479,0.7295035719871521,b_amd
N0041.jpg,0.22006261348724365,0.7799373865127563,b_amd
N0042.jpg,0.1895734965801239,0.8104264736175537,b_amd
N0043.jpg,0.47781774401664734,0.522182285785675,b_amd
N0044.jpg,0.8259977102279663,0.1740022599697113,a_noamd
N0045.jpg,0.7258504629135132,0.2741495370864868,a_noamd
N0046.jpg,0.8135974407196045,0.1864025741815567,a_noamd
N0047.jpg,0.7269147634506226,0.27308523654937744,a_noamd
N0048.jpg,0.7863188982009888,0.21368110179901123,a_noamd
N0049.jpg,0.7610073089599609,0.23899273574352264,a_noamd
N0050.jpg,0.7990115284919739,0.20098845660686493,a_noamd
N0051.jpg,0.794124960899353,0.20587500929832458,a_noamd
N0052.jpg,0.7318899035453796,0.26811009645462036,a_noamd
N0053.jpg,0.1011606976389885,0.8988392949104309,b_amd
N0054.jpg,0.711546003818512,0.28845393657684326,a_noamd
N0055.jpg,0.8334346413612366,0.16656535863876343,a_noamd
N0056.jpg,0.7691907286643982,0.230809286236763,a_noamd
N0057.jpg,0.7880670428276062,0.2119329571723938,a_noamd
N0058.jpg,0.8125267028808594,0.18747325241565704,a_noamd
N0059.jpg,0.6816250085830688,0.31837499141693115,a_noamd
N0060.jpg,0.7890152335166931,0.21098478138446808,a_noamd
N0061.jpg,0.8296072483062744,0.17039275169372559,a_noamd
N0062.jpg,0.8178556561470032,0.1821443736553192,a_noamd
N0063.jpg,0.8301991820335388,0.16980084776878357,a_noamd
N0064.jpg,0.8280788660049438,0.17192107439041138,a_noamd
N0065.jpg,0.8308003544807434,0.1691996306180954,a_noamd
N0066.jpg,0.2365933060646057,0.7634066939353943,b_amd
N0067.jpg,0.36487051844596863,0.6351295113563538,b_amd
N0068.jpg,0.7863529920578003,0.21364697813987732,a_noamd
N0069.jpg,0.7919608950614929,0.20803911983966827,a_noamd
N0070.jpg,0.778221607208252,0.22177836298942566,a_noamd
N0071.jpg,0.823846697807312,0.176153302192688,a_noamd
N0072.jpg,0.8219174742698669,0.17808258533477783,a_noamd
N0073.jpg,0.8688580989837646,0.13114187121391296,a_noamd
N0074.jpg,0.8606292009353638,0.1393708437681198,a_noamd
N0075.jpg,0.8207504749298096,0.17924953997135162,a_noamd
N0076.jpg,0.817126452922821,0.18287356197834015,a_noamd
N0077.jpg,0.7904274463653564,0.20957253873348236,a_noamd
N0078.jpg,0.7951104640960693,0.2048894762992859,a_noamd
N0079.jpg,0.773576021194458,0.22642399370670319,a_noamd
N0080.jpg,0.8417690992355347,0.15823090076446533,a_noamd
N0081.jpg,0.8186496496200562,0.18135038018226624,a_noamd
N0082.jpg,0.8287010192871094,0.1712990254163742,a_noamd
N0083.jpg,0.7738993167877197,0.22610066831111908,a_noamd
N0084.jpg,0.7574214935302734,0.24257853627204895,a_noamd
N0085.jpg,0.5785353183746338,0.4214646518230438,a_noamd
N0086.jpg,0.6320279836654663,0.3679720163345337,a_noamd
N0087.jpg,0.6179733276367188,0.38202667236328125,a_noamd
N0088.jpg,0.6469027400016785,0.3530972898006439,a_noamd
N0089.jpg,0.838472306728363,0.16152769327163696,a_noamd
N0090.jpg,0.8610993027687073,0.1389007419347763,a_noamd
N0091.jpg,0.8796166777610779,0.12038331478834152,a_noamd
N0092.jpg,0.8320547342300415,0.16794529557228088,a_noamd
N0093.jpg,0.8715052008628845,0.12849479913711548,a_noamd
N0094.jpg,0.8608110547065735,0.1391889899969101,a_noamd
N0095.jpg,0.8794770836830139,0.1205228865146637,a_noamd
N0096.jpg,0.85203617811203,0.14796382188796997,a_noamd
N0097.jpg,0.6477953791618347,0.3522045910358429,a_noamd
N0098.jpg,0.7204673290252686,0.27953264117240906,a_noamd
N0099.jpg,0.5535821318626404,0.44641783833503723,a_noamd
N0100.jpg,0.7914238572120667,0.20857611298561096,a_noamd
N0101.jpg,0.5912808775901794,0.40871918201446533,a_noamd
N0102.jpg,0.8136814832687378,0.18631848692893982,a_noamd
N0103.jpg,0.8116042017936707,0.18839579820632935,a_noamd
N0104.jpg,0.8390883803367615,0.16091161966323853,a_noamd
N0105.jpg,0.763418436050415,0.23658160865306854,a_noamd
N0106.jpg,0.8202896118164062,0.17971038818359375,a_noamd
N0107.jpg,0.7976160645484924,0.20238390564918518,a_noamd
N0108.jpg,0.8372661471366882,0.16273386776447296,a_noamd
N0109.jpg,0.7353437542915344,0.2646562457084656,a_noamd
N0110.jpg,0.7439959049224854,0.25600409507751465,a_noamd
N0111.jpg,0.8073564767837524,0.19264352321624756,a_noamd
N0112.jpg,0.8016103506088257,0.19838964939117432,a_noamd
N0113.jpg,0.8014522194862366,0.19854775071144104,a_noamd
N0114.jpg,0.7547537684440613,0.2452462911605835,a_noamd
N0115.jpg,0.6702371835708618,0.3297628164291382,a_noamd
N0116.jpg,0.8541828989982605,0.1458171159029007,a_noamd
N0117.jpg,0.8181403875350952,0.18185961246490479,a_noamd
N0118.jpg,0.7899739742279053,0.21002605557441711,a_noamd
N0119.jpg,0.8205628395080566,0.17943717539310455,a_noamd
N0120.jpg,0.7665159702301025,0.23348399996757507,a_noamd
N0121.jpg,0.7509412169456482,0.24905884265899658,a_noamd
N0122.jpg,0.7084403038024902,0.29155969619750977,a_noamd
N0123.jpg,0.7824218273162842,0.2175782024860382,a_noamd
N0124.jpg,0.8196112513542175,0.18038874864578247,a_noamd
N0125.jpg,0.7305123805999756,0.2694876194000244,a_noamd
N0126.jpg,0.753447949886322,0.246551975607872,a_noamd
N0127.jpg,0.5346835851669312,0.46531644463539124,a_noamd
N0128.jpg,0.2842041552066803,0.7157958745956421,b_amd
N0129.jpg,0.4584936201572418,0.5415063500404358,b_amd
N0130.jpg,0.7902772426605225,0.20972280204296112,a_noamd
N0131.jpg,0.7368106245994568,0.2631894052028656,a_noamd
N0132.jpg,0.7556718587875366,0.24432814121246338,a_noamd
N0133.jpg,0.7130500078201294,0.28694993257522583,a_noamd
N0134.jpg,0.8093081712722778,0.19069185853004456,a_noamd
N0135.jpg,0.8060824275016785,0.19391760230064392,a_noamd
N0136.jpg,0.8165867924690247,0.18341326713562012,a_noamd
N0137.jpg,0.7888920903205872,0.21110789477825165,a_noamd
N0138.jpg,0.7251505851745605,0.27484941482543945,a_noamd
N0139.jpg,0.7994163036346436,0.20058372616767883,a_noamd
N0140.jpg,0.805766761302948,0.1942332684993744,a_noamd
N0141.jpg,0.7742936015129089,0.22570641338825226,a_noamd
N0142.jpg,0.7915924191474915,0.20840753614902496,a_noamd
N0143.jpg,0.8358458280563354,0.16415414214134216,a_noamd
N0144.jpg,0.7681900858879089,0.23180986940860748,a_noamd
N0145.jpg,0.7878506779670715,0.21214932203292847,a_noamd
N0146.jpg,0.7767255306243896,0.22327446937561035,a_noamd
N0147.jpg,0.7915924191474915,0.20840753614902496,a_noamd
N0148.jpg,0.8358458280563354,0.16415414214134216,a_noamd
N0149.jpg,0.7681900858879089,0.23180986940860748,a_noamd
N0150.jpg,0.7245378494262695,0.27546215057373047,a_noamd
N0151.jpg,0.7060607075691223,0.2939392626285553,a_noamd
N0152.jpg,0.7754073739051819,0.2245926707983017,a_noamd
N0153.jpg,0.7304698824882507,0.26953011751174927,a_noamd
N0154.jpg,0.7677519917488098,0.23224802315235138,a_noamd
N0155.jpg,0.7723761796951294,0.2276238203048706,a_noamd
N0156.jpg,0.7186776995658875,0.28132233023643494,a_noamd
N0157.jpg,0.8171164989471436,0.18288348615169525,a_noamd
N0158.jpg,0.7942121624946594,0.205787792801857,a_noamd
N0159.jpg,0.8075932264328003,0.1924068033695221,a_noamd
N0160.jpg,0.8124096989631653,0.1875903159379959,a_noamd
N0161.jpg,0.703179657459259,0.29682034254074097,a_noamd
N0162.jpg,0.5982791185379028,0.4017208516597748,a_noamd
N0163.jpg,0.5763072967529297,0.4236927032470703,a_noamd
N0164.jpg,0.8240744471549988,0.17592553794384003,a_noamd
N0165.jpg,0.7262154817581177,0.2737845182418823,a_noamd
N0166.jpg,0.8374119997024536,0.1625880002975464,a_noamd
N0167.jpg,0.6490182876586914,0.3509817123413086,a_noamd
N0168.jpg,0.7598487734794617,0.24015125632286072,a_noamd
N0169.jpg,0.5141446590423584,0.485855370759964,a_noamd
N0170.jpg,0.8221807479858398,0.17781929671764374,a_noamd
N0171.jpg,0.8685842752456665,0.1314157098531723,a_noamd
N0172.jpg,0.8393906354904175,0.16060936450958252,a_noamd
N0173.jpg,0.8261832594871521,0.1738167256116867,a_noamd
N0174.jpg,0.7547240853309631,0.24527594447135925,a_noamd
N0175.jpg,0.6809741258621216,0.31902584433555603,a_noamd
N0176.jpg,0.5770625472068787,0.42293742299079895,a_noamd
N0177.jpg,0.8433492183685303,0.15665076673030853,a_noamd
N0178.jpg,0.8518728017807007,0.14812716841697693,a_noamd
N0179.jpg,0.6887543797492981,0.3112456798553467,a_noamd
N0180.jpg,0.17850206792354584,0.8214979767799377,b_amd
N0181.jpg,0.14736692607402802,0.8526330590248108,b_amd
N0182.jpg,0.8019246459007263,0.19807536900043488,a_noamd
N0183.jpg,0.6608893871307373,0.3391106128692627,a_noamd
N0184.jpg,0.7933478355407715,0.20665216445922852,a_noamd
N0185.jpg,0.7889243364334106,0.21107566356658936,a_noamd
N0186.jpg,0.8138323426246643,0.18616758286952972,a_noamd
N0187.jpg,0.7046672701835632,0.2953327000141144,a_noamd
N0188.jpg,0.7363589406013489,0.2636410593986511,a_noamd
N0189.jpg,0.6402055621147156,0.3597944974899292,a_noamd
N0190.jpg,0.4989173114299774,0.5010826587677002,b_amd
N0191.jpg,0.34031766653060913,0.6596823334693909,b_amd
N0192.jpg,0.4198819398880005,0.5801180601119995,b_amd
N0193.jpg,0.22073806822299957,0.7792618870735168,b_amd
N0194.jpg,0.5019981861114502,0.4980017840862274,a_noamd
N0195.jpg,0.1910824179649353,0.8089175820350647,b_amd
N0196.jpg,0.8234302997589111,0.17656971514225006,a_noamd
N0197.jpg,0.8550431728363037,0.14495687186717987,a_noamd
N0198.jpg,0.7979306578636169,0.20206940174102783,a_noamd
N0199.jpg,0.7320331335067749,0.2679668664932251,a_noamd
N0200.jpg,0.1893610656261444,0.8106389045715332,b_amd
N0201.jpg,0.15607361495494843,0.8439263701438904,b_amd
N0202.jpg,0.20718038082122803,0.792819619178772,b_amd
N0203.jpg,0.775839626789093,0.22416038811206818,a_noamd
N0204.jpg,0.8391322493553162,0.16086776554584503,a_noamd
N0205.jpg,0.8129820227622986,0.18701796233654022,a_noamd
N0206.jpg,0.7550230622291565,0.2449769526720047,a_noamd
N0207.jpg,0.7937787175178528,0.20622128248214722,a_noamd
N0208.jpg,0.6670515537261963,0.3329484760761261,a_noamd
N0209.jpg,0.8340685963630676,0.16593141853809357,a_noamd
N0210.jpg,0.7667409777641296,0.23325905203819275,a_noamd
N0211.jpg,0.7069790959358215,0.29302093386650085,a_noamd
N0212.jpg,0.7396898865699768,0.2603100836277008,a_noamd
N0213.jpg,0.8207405209541321,0.17925947904586792,a_noamd
N0214.jpg,0.8184027075767517,0.18159730732440948,a_noamd
N0215.jpg,0.8341398239135742,0.1658601462841034,a_noamd
N0216.jpg,0.8370707035064697,0.1629292517900467,a_noamd
N0217.jpg,0.7714921236038208,0.22850792109966278,a_noamd
N0218.jpg,0.7857988476753235,0.21420110762119293,a_noamd
N0219.jpg,0.43974384665489197,0.5602561831474304,b_amd
N0220.jpg,0.673755407333374,0.326244592666626,a_noamd
N0221.jpg,0.5466699004173279,0.4533300995826721,a_noamd
N0222.jpg,0.7207564115524292,0.2792435586452484,a_noamd
N0223.jpg,0.7673085331916809,0.23269151151180267,a_noamd
N0224.jpg,0.7480621933937073,0.2519378364086151,a_noamd
N0225.jpg,0.7634829878807068,0.2365170568227768,a_noamd
N0226.jpg,0.7285292744636536,0.27147072553634644,a_noamd
N0227.jpg,0.5724890232086182,0.42751097679138184,a_noamd
N0228.jpg,0.6678199172019958,0.33218011260032654,a_noamd
N0229.jpg,0.6086974740028381,0.39130252599716187,a_noamd
N0230.jpg,0.6801146268844604,0.31988540291786194,a_noamd
N0231.jpg,0.5832192301750183,0.4167807102203369,a_noamd
N0232.jpg,0.7012563347816467,0.29874366521835327,a_noamd
N0233.jpg,0.7898092269897461,0.2101908028125763,a_noamd
N0234.jpg,0.7511876821517944,0.24881231784820557,a_noamd
N0235.jpg,0.7924614548683167,0.20753853023052216,a_noamd
N0236.jpg,0.7487822771072388,0.25121766328811646,a_noamd
N0237.jpg,0.494783490896225,0.5052165389060974,b_amd
N0238.jpg,0.4456130564212799,0.5543869137763977,b_amd
N0239.jpg,0.714994490146637,0.28500550985336304,a_noamd
N0240.jpg,0.6942132115364075,0.30578675866127014,a_noamd
N0241.jpg,0.7617095112800598,0.238290473818779,a_noamd
N0242.jpg,0.7074636816978455,0.29253634810447693,a_noamd
N0243.jpg,0.7266886830329895,0.2733113169670105,a_noamd
N0244.jpg,0.5601980090141296,0.43980199098587036,a_noamd
N0245.jpg,0.782839834690094,0.2171601802110672,a_noamd
N0246.jpg,0.8053321838378906,0.19466786086559296,a_noamd
N0247.jpg,0.7926985025405884,0.207301527261734,a_noamd
N0248.jpg,0.7724467515945435,0.22755321860313416,a_noamd
N0249.jpg,0.6933751702308655,0.30662479996681213,a_noamd
N0250.jpg,0.7198829054832458,0.2801171541213989,a_noamd
N0251.jpg,0.4230343699455261,0.5769656300544739,b_amd
N0252.jpg,0.3837739825248718,0.6162260174751282,b_amd
N0253.jpg,0.5575018525123596,0.442498117685318,a_noamd
N0254.jpg,0.47409600019454956,0.5259040594100952,b_amd
N0255.jpg,0.4558376669883728,0.5441623330116272,b_amd
N0256.jpg,0.7310559153556824,0.26894405484199524,a_noamd
N0257.jpg,0.7648694515228271,0.23513053357601166,a_noamd
N0258.jpg,0.7735594511032104,0.22644051909446716,a_noamd
N0259.jpg,0.7913994789123535,0.2086005061864853,a_noamd
N0260.jpg,0.7014610767364502,0.2985389530658722,a_noamd
N0261.jpg,0.6455901265144348,0.3544098436832428,a_noamd
N0262.jpg,0.7983127236366272,0.20168721675872803,a_noamd
N0263.jpg,0.7449960708618164,0.2550038993358612,a_noamd
N0264.jpg,0.775253415107727,0.22474655508995056,a_noamd
N0265.jpg,0.7008239030838013,0.29917609691619873,a_noamd
N0266.jpg,0.7544839978218079,0.24551603198051453,a_noamd
N0267.jpg,0.7870317697525024,0.21296823024749756,a_noamd
N0268.jpg,0.499742716550827,0.5002572536468506,b_amd
N0269.jpg,0.5592116117477417,0.4407883882522583,a_noamd
N0270.jpg,0.7145431637763977,0.2854568362236023,a_noamd
N0271.jpg,0.765558123588562,0.23444180190563202,a_noamd
N0272.jpg,0.6857877373695374,0.31421220302581787,a_noamd
N0273.jpg,0.5993369817733765,0.40066301822662354,a_noamd
N0274.jpg,0.7201576232910156,0.2798423171043396,a_noamd
N0275.jpg,0.7257261276245117,0.27427390217781067,a_noamd
N0276.jpg,0.7293509840965271,0.2706489861011505,a_noamd
N0277.jpg,0.6022102236747742,0.3977898061275482,a_noamd
N0278.jpg,0.7794398069381714,0.22056017816066742,a_noamd
N0279.jpg,0.7785868644714355,0.22141313552856445,a_noamd
N0280.jpg,0.6914888024330139,0.3085111975669861,a_noamd
N0281.jpg,0.7649447917938232,0.23505517840385437,a_noamd
N0282.jpg,0.7790255546569824,0.2209744155406952,a_noamd
N0283.jpg,0.8119877576828003,0.1880122572183609,a_noamd
N0284.jpg,0.8289564251899719,0.1710435450077057,a_noamd
N0285.jpg,0.818348228931427,0.18165180087089539,a_noamd
N0286.jpg,0.7299544215202332,0.27004557847976685,a_noamd
N0287.jpg,0.7445453405380249,0.2554546892642975,a_noamd
N0288.jpg,0.8133957386016846,0.18660424649715424,a_noamd
N0289.jpg,0.8421051502227783,0.1578948199748993,a_noamd
N0290.jpg,0.8307077884674072,0.169292151927948,a_noamd
N0291.jpg,0.8053346276283264,0.19466540217399597,a_noamd
N0292.jpg,0.6332476139068604,0.36675241589546204,a_noamd
N0293.jpg,0.5695978999137878,0.43040210008621216,a_noamd
N0294.jpg,0.70172518491745,0.29827481508255005,a_noamd
N0295.jpg,0.8096705079078674,0.19032952189445496,a_noamd
N0296.jpg,0.7208252549171448,0.2791747450828552,a_noamd
N0297.jpg,0.8204478025436401,0.17955219745635986,a_noamd
N0298.jpg,0.6663533449172974,0.33364659547805786,a_noamd
N0299.jpg,0.8191943764686584,0.18080562353134155,a_noamd
N0300.jpg,0.701065182685852,0.2989348769187927,a_noamd
N0301.jpg,0.817107617855072,0.18289242684841156,a_noamd
N0302.jpg,0.8086757659912109,0.19132424890995026,a_noamd
N0303.jpg,0.7284142374992371,0.27158570289611816,a_noamd
N0304.jpg,0.5927659869194031,0.4072340130805969,a_noamd
N0305.jpg,0.7224310636520386,0.27756890654563904,a_noamd
N0306.jpg,0.7086246609687805,0.29137539863586426,a_noamd
N0307.jpg,0.7619240283966064,0.23807604610919952,a_noamd
N0308.jpg,0.7465399503707886,0.25346001982688904,a_noamd
N0309.jpg,0.7811540365219116,0.218845933675766,a_noamd
N0310.jpg,0.8161582350730896,0.1838417649269104,a_noamd
N0311.jpg,0.7744703888893127,0.22552955150604248,a_noamd
T0001.jpg,0.7703230977058411,0.22967691719532013,a_noamd
T0002.jpg,0.7285484671592712,0.27145156264305115,a_noamd
T0005.jpg,0.8594458103179932,0.14055415987968445,a_noamd
T0006.jpg,0.4914030134677887,0.5085970163345337,b_amd
T0007.jpg,0.8122382164001465,0.1877617985010147,a_noamd
T0008.jpg,0.7916103005409241,0.20838968455791473,a_noamd
T0009.jpg,0.850703775882721,0.14929617941379547,a_noamd
T0011.jpg,0.7380391359329224,0.2619608938694,a_noamd
T0012.jpg,0.6378207802772522,0.3621792197227478,a_noamd
T0013.jpg,0.6568331718444824,0.34316685795783997,a_noamd
T0014.jpg,0.2948981821537018,0.7051018476486206,b_amd
T0016.jpg,0.7493742108345032,0.25062575936317444,a_noamd
T0017.jpg,0.6780744194984436,0.3219255805015564,a_noamd
T0018.jpg,0.6804696321487427,0.31953030824661255,a_noamd
T0019.jpg,0.7933192849159241,0.20668074488639832,a_noamd
T0020.jpg,0.7588559985160828,0.24114404618740082,a_noamd
T0022.jpg,0.7081932425498962,0.29180675745010376,a_noamd
T0023.jpg,0.28336063027381897,0.7166393995285034,b_amd
T0025.jpg,0.5303912162780762,0.46960875391960144,a_noamd
T0027.jpg,0.7610766887664795,0.23892326653003693,a_noamd
T0028.jpg,0.8258600234985352,0.17413997650146484,a_noamd
T0029.jpg,0.7675883173942566,0.2324116975069046,a_noamd
T0031.jpg,0.641427218914032,0.3585728108882904,a_noamd
T0032.jpg,0.8594458103179932,0.14055415987968445,a_noamd
T0033.jpg,0.7370938062667847,0.26290619373321533,a_noamd
T0034.jpg,0.7980494499206543,0.2019505500793457,a_noamd
T0035.jpg,0.7473658323287964,0.252634197473526,a_noamd
T0036.jpg,0.7072173953056335,0.29278263449668884,a_noamd
T0037.jpg,0.746100664138794,0.25389933586120605,a_noamd
T0039.jpg,0.8086773753166199,0.19132259488105774,a_noamd
T0040.jpg,0.767060399055481,0.23293963074684143,a_noamd
T0041.jpg,0.7294019460678101,0.27059805393218994,a_noamd
T0042.jpg,0.8591769933700562,0.14082299172878265,a_noamd
T0044.jpg,0.535606324672699,0.4643937051296234,a_noamd
T0046.jpg,0.8069948554039001,0.19300520420074463,a_noamd
T0047.jpg,0.7667233943939209,0.2332765758037567,a_noamd
T0049.jpg,0.7905566692352295,0.20944330096244812,a_noamd
T0050.jpg,0.8052127361297607,0.19478726387023926,a_noamd
T0054.jpg,0.8081399202346802,0.19186004996299744,a_noamd
T0055.jpg,0.6926693320274353,0.3073306381702423,a_noamd
T0058.jpg,0.5094085335731506,0.49059146642684937,a_noamd
T0060.jpg,0.7484275698661804,0.25157245993614197,a_noamd
T0061.jpg,0.815165638923645,0.1848343461751938,a_noamd
T0062.jpg,0.6276107430458069,0.3723892569541931,a_noamd
T0063.jpg,0.6426053047180176,0.3573947250843048,a_noamd
T0064.jpg,0.707243025302887,0.2927570044994354,a_noamd
T0065.jpg,0.7847285270690918,0.21527154743671417,a_noamd
T0066.jpg,0.8654236197471619,0.13457635045051575,a_noamd
T0067.jpg,0.8251811265945435,0.17481884360313416,a_noamd
T0068.jpg,0.852570116519928,0.14742983877658844,a_noamd
T0069.jpg,0.852340817451477,0.14765918254852295,a_noamd
T0070.jpg,0.7448517680168152,0.2551482021808624,a_noamd
T0074.jpg,0.8135248422622681,0.18647517263889313,a_noamd
T0075.jpg,0.7875503301620483,0.21244968473911285,a_noamd
T0076.jpg,0.8299110531806946,0.1700889617204666,a_noamd
T0077.jpg,0.7317543625831604,0.2682456374168396,a_noamd
T0078.jpg,0.7061117887496948,0.2938882112503052,a_noamd
T0079.jpg,0.6344574689865112,0.36554256081581116,a_noamd
T0080.jpg,0.7603675723075867,0.23963244259357452,a_noamd
T0081.jpg,0.8023685216903687,0.19763146340847015,a_noamd
T0082.jpg,0.5327107310295105,0.4672892391681671,a_noamd
T0084.jpg,0.6996583938598633,0.3003416359424591,a_noamd
T0085.jpg,0.7847360372543335,0.21526391804218292,a_noamd
T0087.jpg,0.572542130947113,0.4274578392505646,a_noamd
T0088.jpg,0.7986066937446594,0.20139332115650177,a_noamd
T0090.jpg,0.7965112328529358,0.2034887671470642,a_noamd
T0091.jpg,0.6922298073768616,0.3077702224254608,a_noamd
T0092.jpg,0.7415910363197327,0.2584089934825897,a_noamd
T0093.jpg,0.7863344550132751,0.21366553008556366,a_noamd
T0094.jpg,0.820335328578949,0.1796647012233734,a_noamd
T0095.jpg,0.7418265342712402,0.25817346572875977,a_noamd
T0096.jpg,0.8072179555892944,0.19278207421302795,a_noamd
T0097.jpg,0.7690416574478149,0.23095834255218506,a_noamd
T0098.jpg,0.6765490174293518,0.3234509825706482,a_noamd
T0099.jpg,0.7789629101753235,0.22103704512119293,a_noamd
T0100.jpg,0.711551308631897,0.28844866156578064,a_noamd
T0101.jpg,0.6119527220726013,0.3880472779273987,a_noamd
T0102.jpg,0.2531992197036743,0.7468007206916809,b_amd
T0103.jpg,0.7029286623001099,0.2970713675022125,a_noamd
T0104.jpg,0.8113381266593933,0.18866194784641266,a_noamd
T0106.jpg,0.7185910940170288,0.2814089357852936,a_noamd
T0108.jpg,0.8253090381622314,0.17469088733196259,a_noamd
T0109.jpg,0.7096544504165649,0.29034554958343506,a_noamd
T0110.jpg,0.7165657877922058,0.2834341824054718,a_noamd
T0111.jpg,0.6781170964241028,0.321882963180542,a_noamd
T0113.jpg,0.6931154727935791,0.3068845272064209,a_noamd
T0114.jpg,0.7274990081787109,0.2725009620189667,a_noamd
T0115.jpg,0.6499125957489014,0.35008737444877625,a_noamd
T0116.jpg,0.7842403650283813,0.21575967967510223,a_noamd
T0117.jpg,0.7494735717773438,0.25052645802497864,a_noamd
T0119.jpg,0.7886908054351807,0.21130916476249695,a_noamd
T0121.jpg,0.7982103228569031,0.20178961753845215,a_noamd
T0122.jpg,0.7741314768791199,0.22586850821971893,a_noamd
T0123.jpg,0.7093676924705505,0.2906322777271271,a_noamd
T0124.jpg,0.7802707552909851,0.2197292596101761,a_noamd
T0125.jpg,0.8210681676864624,0.1789318025112152,a_noamd
T0126.jpg,0.7998149394989014,0.20018500089645386,a_noamd
T0128.jpg,0.7658122777938843,0.23418769240379333,a_noamd
T0130.jpg,0.6059285402297974,0.39407145977020264,a_noamd
T0131.jpg,0.5396495461463928,0.4603504538536072,a_noamd
T0132.jpg,0.7919807434082031,0.20801928639411926,a_noamd
T0133.jpg,0.8415803909301758,0.1584196239709854,a_noamd
T0135.jpg,0.7779046297073364,0.22209537029266357,a_noamd
T0136.jpg,0.7772589325904846,0.22274111211299896,a_noamd
T0137.jpg,0.8160203695297241,0.18397961556911469,a_noamd
T0138.jpg,0.8218667507171631,0.1781333088874817,a_noamd
T0139.jpg,0.807584822177887,0.19241516292095184,a_noamd
T0140.jpg,0.7176491618156433,0.2823508679866791,a_noamd
T0141.jpg,0.7231543064117432,0.2768457233905792,a_noamd
T0142.jpg,0.6306108832359314,0.369389146566391,a_noamd
T0143.jpg,0.7353746891021729,0.26462528109550476,a_noamd
T0144.jpg,0.5353370904922485,0.46466290950775146,a_noamd
T0145.jpg,0.7008174061775208,0.29918256402015686,a_noamd
T0146.jpg,0.6854345202445984,0.3145655393600464,a_noamd
T0149.jpg,0.7764245271682739,0.2235754281282425,a_noamd
T0151.jpg,0.566342830657959,0.43365710973739624,a_noamd
T0153.jpg,0.7970338463783264,0.20296619832515717,a_noamd
T0155.jpg,0.7910915017127991,0.20890846848487854,a_noamd
T0156.jpg,0.783828854560852,0.21617110073566437,a_noamd
T0157.jpg,0.8308960199356079,0.16910402476787567,a_noamd
T0158.jpg,0.7946519255638123,0.20534807443618774,a_noamd
T0160.jpg,0.7274367809295654,0.27256324887275696,a_noamd
T0161.jpg,0.7798526883125305,0.2201472967863083,a_noamd
T0162.jpg,0.3435590863227844,0.6564409136772156,b_amd
T0163.jpg,0.42502906918525696,0.5749709010124207,b_amd
T0167.jpg,0.7974805235862732,0.2025194764137268,a_noamd
T0168.jpg,0.7046747207641602,0.29532527923583984,a_noamd
T0169.jpg,0.6498896479606628,0.35011035203933716,a_noamd
T0171.jpg,0.6490004062652588,0.3509995639324188,a_noamd
T0173.jpg,0.6164023876190186,0.38359758257865906,a_noamd
T0174.jpg,0.8213051557540894,0.17869481444358826,a_noamd
T0175.jpg,0.6562555432319641,0.3437444567680359,a_noamd
T0177.jpg,0.4938279986381531,0.5061720013618469,b_amd
T0178.jpg,0.7720834016799927,0.22791661322116852,a_noamd
T0179.jpg,0.7174979448318481,0.28250205516815186,a_noamd
T0180.jpg,0.8379877805709839,0.16201217472553253,a_noamd
T0181.jpg,0.8129386901855469,0.18706132471561432,a_noamd
T0182.jpg,0.793146550655365,0.206853449344635,a_noamd
T0184.jpg,0.7690078020095825,0.23099219799041748,a_noamd
T0185.jpg,0.853395938873291,0.1466040462255478,a_noamd
T0186.jpg,0.8377507925033569,0.16224925220012665,a_noamd
T0187.jpg,0.7244319915771484,0.27556800842285156,a_noamd
T0191.jpg,0.14322590827941895,0.8567740321159363,b_amd
T0192.jpg,0.6036229133605957,0.3963770866394043,a_noamd
T0194.jpg,0.8099222779273987,0.1900777518749237,a_noamd
T0195.jpg,0.6682016849517822,0.3317982852458954,a_noamd
T0196.jpg,0.6572207808494568,0.3427792191505432,a_noamd
T0197.jpg,0.6358389258384705,0.36416110396385193,a_noamd
T0199.jpg,0.7610626220703125,0.2389373630285263,a_noamd
T0200.jpg,0.7341110706329346,0.26588889956474304,a_noamd
T0202.jpg,0.696682870388031,0.3033170700073242,a_noamd
T0203.jpg,0.7592651844024658,0.24073481559753418,a_noamd
T0204.jpg,0.7565889954566956,0.24341097474098206,a_noamd
T0205.jpg,0.848711371421814,0.15128859877586365,a_noamd
T0206.jpg,0.7220840454101562,0.27791592478752136,a_noamd
T0207.jpg,0.6274640560150146,0.3725360035896301,a_noamd
T0208.jpg,0.8666490316390991,0.1333509087562561,a_noamd
T0210.jpg,0.6385005712509155,0.3614993989467621,a_noamd
T0211.jpg,0.803245484828949,0.1967545747756958,a_noamd
T0212.jpg,0.7991787195205688,0.20082128047943115,a_noamd
T0213.jpg,0.8397659659385681,0.1602340191602707,a_noamd
T0214.jpg,0.7775107622146606,0.22248923778533936,a_noamd
T0215.jpg,0.6830443739891052,0.3169556260108948,a_noamd
T0216.jpg,0.8328694701194763,0.1671304851770401,a_noamd
T0217.jpg,0.7399566769599915,0.26004326343536377,a_noamd
T0218.jpg,0.8507862687110901,0.1492137610912323,a_noamd
T0220.jpg,0.760109007358551,0.2398909628391266,a_noamd
T0221.jpg,0.7692990899085999,0.23070093989372253,a_noamd
T0222.jpg,0.8602297902107239,0.1397702842950821,a_noamd
T0223.jpg,0.6979712247848511,0.3020288348197937,a_noamd
T0224.jpg,0.756771445274353,0.24322853982448578,a_noamd
T0225.jpg,0.8138149976730347,0.1861850619316101,a_noamd
T0228.jpg,0.6813601851463318,0.318639874458313,a_noamd
T0229.jpg,0.7568112015724182,0.24318882822990417,a_noamd
T0230.jpg,0.52144455909729,0.4785554111003876,a_noamd
T0231.jpg,0.8288841247558594,0.171115905046463,a_noamd
T0232.jpg,0.8020771145820618,0.19792284071445465,a_noamd
T0233.jpg,0.6753742694854736,0.3246256709098816,a_noamd
T0234.jpg,0.7143759727478027,0.2856239676475525,a_noamd
T0235.jpg,0.6923102140426636,0.30768975615501404,a_noamd
T0236.jpg,0.8216376900672913,0.17836230993270874,a_noamd
T0238.jpg,0.7258521318435669,0.2741478681564331,a_noamd
T0239.jpg,0.5489407777786255,0.4510592520236969,a_noamd
T0240.jpg,0.7477513551712036,0.25224870443344116,a_noamd
T0241.jpg,0.7255555987358093,0.27444446086883545,a_noamd
T0242.jpg,0.7516673803329468,0.2483326643705368,a_noamd
T0243.jpg,0.7480437755584717,0.25195616483688354,a_noamd
T0246.jpg,0.7554125785827637,0.24458743631839752,a_noamd
T0248.jpg,0.729916512966156,0.2700834274291992,a_noamd
T0249.jpg,0.825346827507019,0.17465318739414215,a_noamd
T0250.jpg,0.8385699987411499,0.1614300012588501,a_noamd
T0251.jpg,0.5121269226074219,0.48787304759025574,a_noamd
T0253.jpg,0.6445707082748413,0.35542935132980347,a_noamd
T0256.jpg,0.7950969338417053,0.20490311086177826,a_noamd
T0257.jpg,0.8136116862297058,0.18638832867145538,a_noamd
T0259.jpg,0.7836787104606628,0.21632125973701477,a_noamd
T0260.jpg,0.8137182593345642,0.18628168106079102,a_noamd
T0262.jpg,0.3124699890613556,0.6875300407409668,b_amd
T0263.jpg,0.687969446182251,0.31203052401542664,a_noamd
T0264.jpg,0.8058098554611206,0.19419017434120178,a_noamd
T0265.jpg,0.5608195662498474,0.439180463552475,a_noamd
T0266.jpg,0.7995606064796448,0.20043933391571045,a_noamd
T0267.jpg,0.8335278630256653,0.16647210717201233,a_noamd
T0268.jpg,0.7865228056907654,0.21347716450691223,a_noamd
T0269.jpg,0.8241185545921326,0.17588141560554504,a_noamd
T0270.jpg,0.7772899270057678,0.2227100282907486,a_noamd
T0271.jpg,0.6992481350898743,0.30075186491012573,a_noamd
T0272.jpg,0.8088708519935608,0.1911291629076004,a_noamd
T0273.jpg,0.8641037940979004,0.135896235704422,a_noamd
T0274.jpg,0.859623372554779,0.14037665724754333,a_noamd
T0275.jpg,0.8301175832748413,0.1698824167251587,a_noamd
T0276.jpg,0.7045767307281494,0.2954232692718506,a_noamd
T0277.jpg,0.7908182144165039,0.2091817706823349,a_noamd
T0278.jpg,0.7828304767608643,0.21716955304145813,a_noamd
T0279.jpg,0.6893829703330994,0.31061699986457825,a_noamd
T0280.jpg,0.8125592470169067,0.18744073808193207,a_noamd
T0281.jpg,0.7438724040985107,0.25612762570381165,a_noamd
T0282.jpg,0.7710883021354675,0.2289116531610489,a_noamd
T0283.jpg,0.45932185649871826,0.5406782031059265,b_amd
T0284.jpg,0.3268633782863617,0.6731366515159607,b_amd
T0285.jpg,0.774997889995575,0.22500216960906982,a_noamd
T0287.jpg,0.8029066324234009,0.19709330797195435,a_noamd
T0288.jpg,0.7625560760498047,0.2374439388513565,a_noamd
T0289.jpg,0.5235543847084045,0.47644558548927307,a_noamd
T0290.jpg,0.8116059899330139,0.1883939802646637,a_noamd
T0292.jpg,0.6906139850616455,0.3093859553337097,a_noamd
T0293.jpg,0.6513685584068298,0.3486314117908478,a_noamd
T0294.jpg,0.6034773588180542,0.3965226411819458,a_noamd
T0295.jpg,0.7459419369697571,0.2540580928325653,a_noamd
T0296.jpg,0.8028794527053833,0.1971205323934555,a_noamd
T0297.jpg,0.7064547538757324,0.29354527592658997,a_noamd
T0299.jpg,0.8063389658927917,0.19366103410720825,a_noamd
T0300.jpg,0.7921292781829834,0.20787066221237183,a_noamd
T0302.jpg,0.6428797245025635,0.35712024569511414,a_noamd
T0303.jpg,0.5609328150749207,0.43906721472740173,a_noamd
T0304.jpg,0.6194505095481873,0.38054949045181274,a_noamd
T0305.jpg,0.8003849983215332,0.19961495697498322,a_noamd
T0306.jpg,0.811030387878418,0.18896959722042084,a_noamd
T0308.jpg,0.7687717080116272,0.23122824728488922,a_noamd
T0309.jpg,0.8029759526252747,0.19702407717704773,a_noamd
T0310.jpg,0.7806463837623596,0.21935363113880157,a_noamd
T0311.jpg,0.694580078125,0.305419921875,a_noamd
T0312.jpg,0.6141231656074524,0.3858768343925476,a_noamd
T0313.jpg,0.4545213580131531,0.5454786419868469,b_amd
T0314.jpg,0.4767179787158966,0.5232820510864258,b_amd
T0315.jpg,0.5166024565696716,0.48339757323265076,a_noamd
T0316.jpg,0.7290369272232056,0.27096304297447205,a_noamd
T0317.jpg,0.7302151918411255,0.2697847783565521,a_noamd
T0318.jpg,0.7969571948051453,0.20304283499717712,a_noamd
T0319.jpg,0.6996220350265503,0.3003780245780945,a_noamd
T0320.jpg,0.1455010622739792,0.8544989228248596,b_amd
T0321.jpg,0.8344437479972839,0.16555622220039368,a_noamd
T0322.jpg,0.7572100162506104,0.24278996884822845,a_noamd
T0324.jpg,0.8087823390960693,0.19121767580509186,a_noamd
T0327.jpg,0.45589032769203186,0.5441097021102905,b_amd
T0328.jpg,0.8454604744911194,0.1545395702123642,a_noamd
T0330.jpg,0.8117473721504211,0.18825258314609528,a_noamd
T0331.jpg,0.5978802442550659,0.4021196961402893,a_noamd
T0332.jpg,0.7069873213768005,0.29301273822784424,a_noamd
T0333.jpg,0.7046882510185242,0.2953117787837982,a_noamd
T0334.jpg,0.7605352997779846,0.2394646555185318,a_noamd
T0335.jpg,0.8374894857406616,0.16251049935817719,a_noamd
T0336.jpg,0.8451162576675415,0.15488377213478088,a_noamd
T0337.jpg,0.668986976146698,0.3310129940509796,a_noamd
T0338.jpg,0.8545984029769897,0.14540161192417145,a_noamd
T0339.jpg,0.6664507985115051,0.33354923129081726,a_noamd
T0340.jpg,0.7960983514785767,0.20390161871910095,a_noamd
T0341.jpg,0.6121347546577454,0.38786521553993225,a_noamd
T0342.jpg,0.8381810188293457,0.1618189662694931,a_noamd
T0343.jpg,0.26502326130867004,0.7349767684936523,b_amd
T0344.jpg,0.6955122947692871,0.3044877052307129,a_noamd
T0345.jpg,0.8337231278419495,0.16627685725688934,a_noamd
T0346.jpg,0.6656891107559204,0.3343108892440796,a_noamd
T0347.jpg,0.6363336443901062,0.3636663258075714,a_noamd
T0349.jpg,0.844989538192749,0.15501052141189575,a_noamd
T0350.jpg,0.7983068227767944,0.20169319212436676,a_noamd
T0352.jpg,0.784376323223114,0.21562375128269196,a_noamd
T0353.jpg,0.7170090079307556,0.282990962266922,a_noamd
T0354.jpg,0.8237853050231934,0.17621470987796783,a_noamd
T0355.jpg,0.8372828364372253,0.16271714866161346,a_noamd
T0356.jpg,0.5165892839431763,0.4834107458591461,a_noamd
T0357.jpg,0.7646193504333496,0.2353806346654892,a_noamd
T0358.jpg,0.7812210321426392,0.21877892315387726,a_noamd
T0359.jpg,0.6729776263237,0.32702240347862244,a_noamd
T0360.jpg,0.7471255660057068,0.2528744637966156,a_noamd
T0362.jpg,0.7460045218467712,0.25399550795555115,a_noamd
T0363.jpg,0.33252421021461487,0.6674758195877075,b_amd
T0365.jpg,0.7447218894958496,0.2552781105041504,a_noamd
T0367.jpg,0.8212625980377197,0.17873737215995789,a_noamd
T0369.jpg,0.6744844317436218,0.32551559805870056,a_noamd
T0370.jpg,0.6917073130607605,0.3082926571369171,a_noamd
T0371.jpg,0.7650883793830872,0.23491162061691284,a_noamd
T0373.jpg,0.6873872876167297,0.3126126825809479,a_noamd
T0374.jpg,0.8154342174530029,0.18456584215164185,a_noamd
T0375.jpg,0.8031305074691772,0.19686955213546753,a_noamd
T0376.jpg,0.7611073851585388,0.23889261484146118,a_noamd
T0379.jpg,0.40626928210258484,0.5937307476997375,b_amd
T0380.jpg,0.722165048122406,0.2778349220752716,a_noamd
T0383.jpg,0.4107860326766968,0.589214026927948,b_amd
T0384.jpg,0.8051085472106934,0.19489143788814545,a_noamd
T0385.jpg,0.735479474067688,0.2645205557346344,a_noamd
T0387.jpg,0.8623705506324768,0.137629434466362,a_noamd
T0388.jpg,0.7518356442451477,0.2481643557548523,a_noamd
T0389.jpg,0.7835977077484131,0.21640227735042572,a_noamd
T0391.jpg,0.5344603657722473,0.4655396342277527,a_noamd
T0395.jpg,0.7732282280921936,0.2267717868089676,a_noamd
T0396.jpg,0.7271279692649841,0.2728720009326935,a_noamd
T0397.jpg,0.6838487386703491,0.3161512315273285,a_noamd
T0398.jpg,0.8003143072128296,0.19968566298484802,a_noamd
T0399.jpg,0.7602009177207947,0.2397991120815277,a_noamd
T0400.jpg,0.6047106385231018,0.3952893018722534,a_noamd
V0001.jpg,0.2663078308105469,0.7336921691894531,b_amd
V0002.jpg,0.8207405209541321,0.17925947904586792,a_noamd
V0003.jpg,0.7839694619178772,0.21603049337863922,a_noamd
V0004.jpg,0.7664896845817566,0.2335103154182434,a_noamd
V0005.jpg,0.7674365043640137,0.2325635403394699,a_noamd
V0006.jpg,0.7709274291992188,0.22907258570194244,a_noamd
V0007.jpg,0.8141021728515625,0.1858977973461151,a_noamd
V0008.jpg,0.2581871747970581,0.7418128252029419,b_amd
V0010.jpg,0.7515947222709656,0.2484053075313568,a_noamd
V0011.jpg,0.7438583374023438,0.25614163279533386,a_noamd
V0012.jpg,0.799433708190918,0.20056629180908203,a_noamd
V0014.jpg,0.7354044914245605,0.26459556818008423,a_noamd
V0015.jpg,0.754980206489563,0.245019793510437,a_noamd
V0016.jpg,0.7085085511207581,0.29149144887924194,a_noamd
V0017.jpg,0.7889615297317505,0.21103854477405548,a_noamd
V0018.jpg,0.6243449449539185,0.37565505504608154,a_noamd
V0019.jpg,0.7745258808135986,0.2254740595817566,a_noamd
V0020.jpg,0.7613431215286255,0.2386568784713745,a_noamd
V0021.jpg,0.27441495656967163,0.7255850434303284,b_amd
V0023.jpg,0.8034735918045044,0.1965263932943344,a_noamd
V0024.jpg,0.8051617741584778,0.19483819603919983,a_noamd
V0025.jpg,0.7966674566268921,0.2033325433731079,a_noamd
V0026.jpg,0.7522948384284973,0.24770516157150269,a_noamd
V0027.jpg,0.7012897729873657,0.2987101972103119,a_noamd
V0028.jpg,0.7762519717216492,0.22374802827835083,a_noamd
V0029.jpg,0.6137984395027161,0.38620153069496155,a_noamd
V0031.jpg,0.4693314731121063,0.5306684970855713,b_amd
V0032.jpg,0.7812355160713196,0.21876443922519684,a_noamd
V0035.jpg,0.6907936930656433,0.3092063367366791,a_noamd
V0036.jpg,0.7710549235343933,0.2289450466632843,a_noamd
V0037.jpg,0.7646433115005493,0.23535671830177307,a_noamd
V0038.jpg,0.7697757482528687,0.23022422194480896,a_noamd
V0039.jpg,0.7989441752433777,0.20105578005313873,a_noamd
V0040.jpg,0.7972538471221924,0.2027461677789688,a_noamd
V0041.jpg,0.7009371519088745,0.2990628480911255,a_noamd
V0042.jpg,0.7955299615859985,0.20447006821632385,a_noamd
V0044.jpg,0.8003479242324829,0.19965215027332306,a_noamd
V0045.jpg,0.6265468597412109,0.37345314025878906,a_noamd
V0046.jpg,0.5806260108947754,0.4193740487098694,a_noamd
V0047.jpg,0.8152909874916077,0.18470901250839233,a_noamd
V0049.jpg,0.7158673405647278,0.2841326892375946,a_noamd
V0052.jpg,0.7746095657348633,0.22539038956165314,a_noamd
V0053.jpg,0.7191460132598877,0.2808539867401123,a_noamd
V0054.jpg,0.6647447347640991,0.3352552056312561,a_noamd
V0055.jpg,0.7688183188438416,0.23118172585964203,a_noamd
V0056.jpg,0.49792206287384033,0.5020779371261597,b_amd
V0057.jpg,0.7624292373657227,0.23757074773311615,a_noamd
V0058.jpg,0.7343028783798218,0.2656971216201782,a_noamd
V0059.jpg,0.8322844505310059,0.16771560907363892,a_noamd
V0060.jpg,0.49039700627326965,0.5096030235290527,b_amd
V0062.jpg,0.7361271381378174,0.2638728618621826,a_noamd
V0064.jpg,0.7599095702171326,0.24009041488170624,a_noamd
V0065.jpg,0.8264068365097046,0.17359311878681183,a_noamd
V0066.jpg,0.8338841795921326,0.166115865111351,a_noamd
V0067.jpg,0.44383251667022705,0.5561675429344177,b_amd
V0068.jpg,0.7487390041351318,0.25126105546951294,a_noamd
V0069.jpg,0.7319661974906921,0.2680337727069855,a_noamd
V0070.jpg,0.7931458353996277,0.20685414969921112,a_noamd
V0071.jpg,0.7258955836296082,0.27410444617271423,a_noamd
V0072.jpg,0.7754632830619812,0.2245367169380188,a_noamd
V0073.jpg,0.8431054949760437,0.1568945199251175,a_noamd
V0074.jpg,0.674389123916626,0.325610876083374,a_noamd
V0075.jpg,0.8264707922935486,0.1735292375087738,a_noamd
V0076.jpg,0.8098227381706238,0.19017727673053741,a_noamd
V0077.jpg,0.7760517001152039,0.2239483743906021,a_noamd
V0079.jpg,0.6691200733184814,0.33087989687919617,a_noamd
V0081.jpg,0.5178719758987427,0.4821280241012573,a_noamd
V0082.jpg,0.8161389231681824,0.18386107683181763,a_noamd
V0084.jpg,0.7465218305587769,0.25347819924354553,a_noamd
V0086.jpg,0.6931458115577698,0.30685415863990784,a_noamd
V0088.jpg,0.6918680667877197,0.30813199281692505,a_noamd
V0090.jpg,0.8552064299583435,0.1447935402393341,a_noamd
V0092.jpg,0.7395243644714355,0.26047569513320923,a_noamd
V0094.jpg,0.8363078236579895,0.1636921614408493,a_noamd
V0095.jpg,0.7633708715438843,0.23662905395030975,a_noamd
V0096.jpg,0.7077658772468567,0.2922341525554657,a_noamd
V0097.jpg,0.6065336465835571,0.39346638321876526,a_noamd
V0098.jpg,0.8228512406349182,0.1771487146615982,a_noamd
V0100.jpg,0.12107338011264801,0.8789265751838684,b_amd
V0101.jpg,0.7502195239067078,0.24978046119213104,a_noamd
V0102.jpg,0.7812492251396179,0.2187507599592209,a_noamd
V0104.jpg,0.680614709854126,0.319385290145874,a_noamd
V0107.jpg,0.7719144821166992,0.2280854433774948,a_noamd
V0109.jpg,0.8228553533554077,0.17714466154575348,a_noamd
V0110.jpg,0.750622034072876,0.2493779957294464,a_noamd
V0112.jpg,0.8370707035064697,0.1629292517900467,a_noamd
V0113.jpg,0.8067542910575867,0.19324572384357452,a_noamd
V0114.jpg,0.8184027075767517,0.18159730732440948,a_noamd
V0116.jpg,0.6502269506454468,0.3497730791568756,a_noamd
V0118.jpg,0.8179958462715149,0.18200409412384033,a_noamd
V0120.jpg,0.8006751537322998,0.1993248611688614,a_noamd
V0121.jpg,0.769648015499115,0.23035193979740143,a_noamd
V0122.jpg,0.7657669186592102,0.23423312604427338,a_noamd
V0123.jpg,0.8186723589897156,0.1813277155160904,a_noamd
V0124.jpg,0.7043247818946838,0.2956751883029938,a_noamd
V0126.jpg,0.693799614906311,0.30620041489601135,a_noamd
V0127.jpg,0.741550862789154,0.25844913721084595,a_noamd
V0128.jpg,0.7243337631225586,0.2756662368774414,a_noamd
V0130.jpg,0.8134954571723938,0.186504527926445,a_noamd
V0131.jpg,0.774380624294281,0.2256193459033966,a_noamd
V0132.jpg,0.7491771578788757,0.2508228123188019,a_noamd
V0134.jpg,0.8046479225158691,0.19535209238529205,a_noamd
V0136.jpg,0.7742820978164673,0.2257179319858551,a_noamd
V0137.jpg,0.7295019626617432,0.2704980671405792,a_noamd
V0138.jpg,0.6101533770561218,0.3898465931415558,a_noamd
V0139.jpg,0.7377314567565918,0.2622685432434082,a_noamd
V0140.jpg,0.8305267691612244,0.16947326064109802,a_noamd
V0142.jpg,0.6751537919044495,0.3248462378978729,a_noamd
V0143.jpg,0.8061114549636841,0.19388854503631592,a_noamd
V0144.jpg,0.7051579356193542,0.29484206438064575,a_noamd
V0145.jpg,0.5935372710227966,0.40646278858184814,a_noamd
V0148.jpg,0.8039964437484741,0.1960034966468811,a_noamd
V0149.jpg,0.7908231019973755,0.20917685329914093,a_noamd
V0150.jpg,0.750615656375885,0.24938435852527618,a_noamd
V0153.jpg,0.6744281649589539,0.32557180523872375,a_noamd
V0154.jpg,0.12256643176078796,0.8774335980415344,b_amd
V0155.jpg,0.8360525965690613,0.1639474481344223,a_noamd
V0156.jpg,0.7978363037109375,0.2021636962890625,a_noamd
V0157.jpg,0.6039804220199585,0.3960195481777191,a_noamd
V0160.jpg,0.7411554455757141,0.2588444948196411,a_noamd
V0162.jpg,0.6346251964569092,0.3653748333454132,a_noamd
V0163.jpg,0.6836230754852295,0.3163769245147705,a_noamd
V0164.jpg,0.6585445404052734,0.34145545959472656,a_noamd
V0165.jpg,0.8155712485313416,0.18442869186401367,a_noamd
V0166.jpg,0.7523785829544067,0.24762140214443207,a_noamd
V0167.jpg,0.7926129698753357,0.2073870152235031,a_noamd
V0168.jpg,0.8423163890838623,0.1576836258172989,a_noamd
V0169.jpg,0.7326576709747314,0.2673422694206238,a_noamd
V0171.jpg,0.755212128162384,0.24478785693645477,a_noamd
V0174.jpg,0.7792854309082031,0.22071455419063568,a_noamd
V0175.jpg,0.6734434962272644,0.3265565037727356,a_noamd
V0176.jpg,0.6382470726966858,0.3617529273033142,a_noamd
V0177.jpg,0.7785453200340271,0.2214546650648117,a_noamd
V0178.jpg,0.7206985950469971,0.27930140495300293,a_noamd
V0179.jpg,0.8160635232925415,0.1839364767074585,a_noamd
V0181.jpg,0.7938967943191528,0.20610323548316956,a_noamd
V0183.jpg,0.7133557796478271,0.28664422035217285,a_noamd
V0184.jpg,0.8398977518081665,0.16010227799415588,a_noamd
V0185.jpg,0.4882161319255829,0.5117838978767395,b_amd
V0186.jpg,0.6850485801696777,0.31495141983032227,a_noamd
V0189.jpg,0.7489250898361206,0.25107496976852417,a_noamd
V0191.jpg,0.8131438493728638,0.1868561953306198,a_noamd
V0192.jpg,0.7609634399414062,0.23903660476207733,a_noamd
V0193.jpg,0.7213652729988098,0.2786347270011902,a_noamd
V0194.jpg,0.6502106189727783,0.3497893512248993,a_noamd
V0195.jpg,0.7725892066955566,0.22741086781024933,a_noamd
V0197.jpg,0.8158543705940247,0.18414559960365295,a_noamd
V0198.jpg,0.7787030339241028,0.22129695117473602,a_noamd
V0199.jpg,0.7796608209609985,0.2203391194343567,a_noamd
V0200.jpg,0.6441171765327454,0.35588282346725464,a_noamd
V0201.jpg,0.7025619745254517,0.29743802547454834,a_noamd
V0202.jpg,0.7823939919471741,0.21760603785514832,a_noamd
V0203.jpg,0.7526438236236572,0.24735622107982635,a_noamd
V0204.jpg,0.7231784462928772,0.2768215239048004,a_noamd
V0205.jpg,0.7405636310577393,0.25943636894226074,a_noamd
V0206.jpg,0.7104018330574036,0.28959813714027405,a_noamd
V0207.jpg,0.7066493630409241,0.2933506667613983,a_noamd
V0208.jpg,0.735504150390625,0.2644958198070526,a_noamd
V0209.jpg,0.7315785884857178,0.2684214115142822,a_noamd
V0210.jpg,0.7998707890510559,0.2001291960477829,a_noamd
V0211.jpg,0.7702144980430603,0.2297855168581009,a_noamd
V0212.jpg,0.6540248990058899,0.3459751307964325,a_noamd
V0213.jpg,0.6509790420532227,0.34902098774909973,a_noamd
V0214.jpg,0.8229849934577942,0.17701497673988342,a_noamd
V0215.jpg,0.774893045425415,0.22510695457458496,a_noamd
V0216.jpg,0.6938093900680542,0.3061906099319458,a_noamd
V0217.jpg,0.7550795674324036,0.24492046236991882,a_noamd
V0219.jpg,0.7383753061294556,0.26162469387054443,a_noamd
V0220.jpg,0.8010380864143372,0.19896191358566284,a_noamd
V0221.jpg,0.6074405908584595,0.3925594091415405,a_noamd
V0222.jpg,0.387347936630249,0.612652063369751,b_amd
V0223.jpg,0.6159203052520752,0.3840797245502472,a_noamd
V0224.jpg,0.5779634118080139,0.4220365583896637,a_noamd
V0225.jpg,0.8439204692840576,0.1560795158147812,a_noamd
V0226.jpg,0.7799938917160034,0.22000612318515778,a_noamd
V0228.jpg,0.8410536646842957,0.15894629061222076,a_noamd
V0229.jpg,0.7403810620307922,0.2596189081668854,a_noamd
V0230.jpg,0.7296603322029114,0.27033963799476624,a_noamd
V0231.jpg,0.7860336303710938,0.21396639943122864,a_noamd
V0232.jpg,0.8103477358818054,0.1896522492170334,a_noamd
V0234.jpg,0.795973002910614,0.2040269672870636,a_noamd
V0235.jpg,0.7129233479499817,0.2870767116546631,a_noamd
V0236.jpg,0.8040757775306702,0.19592420756816864,a_noamd
V0238.jpg,0.7450937628746033,0.25490620732307434,a_noamd
V0239.jpg,0.16466361284255981,0.8353363275527954,b_amd
V0240.jpg,0.8139846920967102,0.1860153079032898,a_noamd
V0241.jpg,0.8232084512710571,0.1767914891242981,a_noamd
V0242.jpg,0.6382372975349426,0.3617627024650574,a_noamd
V0243.jpg,0.6219815611839294,0.37801843881607056,a_noamd
V0244.jpg,0.8043200969696045,0.1956799030303955,a_noamd
V0246.jpg,0.7277321219444275,0.2722679078578949,a_noamd
V0247.jpg,0.7762761116027832,0.22372391819953918,a_noamd
V0249.jpg,0.727151095867157,0.27284887433052063,a_noamd
V0250.jpg,0.7440754175186157,0.2559245526790619,a_noamd
V0252.jpg,0.7295352816581726,0.2704647183418274,a_noamd
V0253.jpg,0.7642434239387512,0.23575656116008759,a_noamd
V0254.jpg,0.6882850527763367,0.3117150068283081,a_noamd
V0255.jpg,0.7391535639762878,0.2608463764190674,a_noamd
V0256.jpg,0.6452154517173767,0.3547845482826233,a_noamd
V0257.jpg,0.8332453370094299,0.16675470769405365,a_noamd
V0259.jpg,0.7236523628234863,0.2763476073741913,a_noamd
V0260.jpg,0.7405339479446411,0.2594660520553589,a_noamd
V0261.jpg,0.8056256175041199,0.19437438249588013,a_noamd
V0262.jpg,0.7470755577087402,0.2529244124889374,a_noamd
V0263.jpg,0.8134937882423401,0.18650616705417633,a_noamd
V0265.jpg,0.785111129283905,0.2148888260126114,a_noamd
V0266.jpg,0.13785427808761597,0.862145721912384,b_amd
V0268.jpg,0.4917052090167999,0.5082947611808777,b_amd
V0270.jpg,0.5819979310035706,0.41800206899642944,a_noamd
V0271.jpg,0.6641039848327637,0.33589598536491394,a_noamd
V0272.jpg,0.7663538455963135,0.23364615440368652,a_noamd
V0273.jpg,0.7097519636154175,0.2902480959892273,a_noamd
V0274.jpg,0.757845938205719,0.2421540915966034,a_noamd
V0275.jpg,0.549035906791687,0.4509640634059906,a_noamd
V0276.jpg,0.6379902958869934,0.3620096743106842,a_noamd
V0277.jpg,0.7820149064064026,0.2179851084947586,a_noamd
V0278.jpg,0.6386834979057312,0.3613164722919464,a_noamd
V0279.jpg,0.7252007126808167,0.27479928731918335,a_noamd
V0280.jpg,0.825942873954773,0.17405712604522705,a_noamd
V0283.jpg,0.6133957505226135,0.38660427927970886,a_noamd
V0285.jpg,0.1491021364927292,0.8508978486061096,b_amd
V0286.jpg,0.7154333591461182,0.28456658124923706,a_noamd
V0287.jpg,0.6682461500167847,0.3317538797855377,a_noamd
V0288.jpg,0.703999400138855,0.2960006594657898,a_noamd
V0289.jpg,0.7859891057014465,0.21401090919971466,a_noamd
V0290.jpg,0.7165029048919678,0.28349706530570984,a_noamd
V0291.jpg,0.09827443957328796,0.9017255902290344,b_amd
V0292.jpg,0.23979699611663818,0.7602030634880066,b_amd
V0293.jpg,0.7431123852729797,0.25688761472702026,a_noamd
V0294.jpg,0.8449718952178955,0.15502813458442688,a_noamd
V0295.jpg,0.7615483999252319,0.23845155537128448,a_noamd
V0296.jpg,0.7881506085395813,0.2118493616580963,a_noamd
V0298.jpg,0.7088512778282166,0.29114866256713867,a_noamd
V0299.jpg,0.7587430477142334,0.2412569522857666,a_noamd
V0300.jpg,0.7202450633049011,0.2797549366950989,a_noamd
V0301.jpg,0.8148365616798401,0.1851634681224823,a_noamd
V0302.jpg,0.7747302055358887,0.22526976466178894,a_noamd
V0303.jpg,0.6890124082565308,0.3109876215457916,a_noamd
V0304.jpg,0.8061677813529968,0.19383224844932556,a_noamd
V0305.jpg,0.8189038038253784,0.18109625577926636,a_noamd
V0306.jpg,0.8186566829681396,0.18134328722953796,a_noamd
V0307.jpg,0.794996976852417,0.20500294864177704,a_noamd
V0308.jpg,0.7201940417289734,0.2798059284687042,a_noamd
V0309.jpg,0.5233305096626282,0.4766695201396942,a_noamd
V0310.jpg,0.381378710269928,0.618621289730072,b_amd
V0311.jpg,0.7565202116966248,0.24347972869873047,a_noamd
V0312.jpg,0.738086462020874,0.2619135081768036,a_noamd
V0313.jpg,0.8219255805015564,0.17807435989379883,a_noamd
V0314.jpg,0.63958740234375,0.36041259765625,a_noamd
V0315.jpg,0.8504199385643005,0.14958006143569946,a_noamd
V0316.jpg,0.678746223449707,0.32125377655029297,a_noamd
V0317.jpg,0.49863260984420776,0.501367449760437,b_amd
V0318.jpg,0.5892605185508728,0.4107395112514496,a_noamd
V0320.jpg,0.8021799921989441,0.19781994819641113,a_noamd
V0321.jpg,0.6490030884742737,0.3509969115257263,a_noamd
V0322.jpg,0.8341398239135742,0.1658601462841034,a_noamd
V0324.jpg,0.8360495567321777,0.16395039856433868,a_noamd
V0325.jpg,0.7638506889343262,0.2361493557691574,a_noamd
V0328.jpg,0.4878409802913666,0.512158989906311,b_amd
V0329.jpg,0.6445008516311646,0.35549917817115784,a_noamd
V0332.jpg,0.7212576270103455,0.27874234318733215,a_noamd
V0333.jpg,0.6776853799819946,0.322314590215683,a_noamd
V0335.jpg,0.6448062062263489,0.35519373416900635,a_noamd
V0336.jpg,0.4584690034389496,0.541530966758728,b_amd
V0338.jpg,0.7971940040588379,0.20280593633651733,a_noamd
V0339.jpg,0.6833292245864868,0.31667083501815796,a_noamd
V0340.jpg,0.7857303619384766,0.2142696976661682,a_noamd
V0341.jpg,0.7966209053993225,0.2033790498971939,a_noamd
V0342.jpg,0.7308192849159241,0.2691807150840759,a_noamd
V0343.jpg,0.807194709777832,0.19280533492565155,a_noamd
V0345.jpg,0.7992233037948608,0.20077672600746155,a_noamd
V0346.jpg,0.8330315947532654,0.16696840524673462,a_noamd
V0347.jpg,0.8368894457817078,0.16311055421829224,a_noamd
V0348.jpg,0.8058689832687378,0.19413094222545624,a_noamd
V0349.jpg,0.7811216711997986,0.21887828409671783,a_noamd
V0350.jpg,0.5331481099128723,0.4668519198894501,a_noamd
V0351.jpg,0.7840004563331604,0.215999573469162,a_noamd
V0353.jpg,0.7461093664169312,0.25389063358306885,a_noamd
V0355.jpg,0.8209629058837891,0.17903710901737213,a_noamd
V0356.jpg,0.7279747128486633,0.27202528715133667,a_noamd
V0358.jpg,0.8538933396339417,0.14610670506954193,a_noamd
V0359.jpg,0.5895962119102478,0.4104037880897522,a_noamd
V0361.jpg,0.7274683713912964,0.2725316286087036,a_noamd
V0362.jpg,0.20922565460205078,0.7907743453979492,b_amd
V0364.jpg,0.7883535027503967,0.21164651215076447,a_noamd
V0365.jpg,0.27180740237236023,0.7281926274299622,b_amd
V0366.jpg,0.7268636226654053,0.2731364369392395,a_noamd
V0367.jpg,0.6887157559394836,0.31128427386283875,a_noamd
V0370.jpg,0.7966649532318115,0.20333503186702728,a_noamd
V0371.jpg,0.806663990020752,0.19333599507808685,a_noamd
V0372.jpg,0.7914904356002808,0.2085096389055252,a_noamd
V0373.jpg,0.675137460231781,0.324862539768219,a_noamd
V0374.jpg,0.7788372039794922,0.22116276621818542,a_noamd
V0376.jpg,0.7418039441108704,0.258196085691452,a_noamd
V0377.jpg,0.7121270298957825,0.28787294030189514,a_noamd
V0378.jpg,0.8256293535232544,0.174370676279068,a_noamd
V0381.jpg,0.6823712587356567,0.31762877106666565,a_noamd
V0382.jpg,0.7359845638275146,0.26401540637016296,a_noamd
V0383.jpg,0.7786024808883667,0.2213975340127945,a_noamd
V0384.jpg,0.6424517035484314,0.3575482964515686,a_noamd
V0385.jpg,0.8099536299705505,0.19004637002944946,a_noamd
V0386.jpg,0.7420709133148193,0.2579290568828583,a_noamd
V0387.jpg,0.8062856793403625,0.19371438026428223,a_noamd
V0389.jpg,0.6731216311454773,0.3268783986568451,a_noamd
V0391.jpg,0.7462209463119507,0.2537790536880493,a_noamd
V0393.jpg,0.8410635590553284,0.15893645584583282,a_noamd
V0394.jpg,0.8194082975387573,0.18059168756008148,a_noamd
V0395.jpg,0.8356070518493652,0.16439294815063477,a_noamd
V0396.jpg,0.734211802482605,0.265788197517395,a_noamd
V0398.jpg,0.8072577714920044,0.1927422434091568,a_noamd
V0400.jpg,0.7709393501281738,0.22906063497066498,a_noamd
A0001.jpg,0.06988973170518875,0.9301102757453918,b_amd
A0002.jpg,0.11715489625930786,0.8828451037406921,b_amd
A0003.jpg,0.13278838992118835,0.8672115802764893,b_amd
A0004.jpg,0.581839919090271,0.418160080909729,a_noamd
A0005.jpg,0.28482529520988464,0.7151747345924377,b_amd
A0006.jpg,0.7842085957527161,0.21579140424728394,a_noamd
A0007.jpg,0.16780807077884674,0.8321919441223145,b_amd
A0008.jpg,0.5554847717285156,0.44451525807380676,a_noamd
A0009.jpg,0.08637010306119919,0.9136298894882202,b_amd
A0010.jpg,0.20644672214984894,0.7935532927513123,b_amd
A0011.jpg,0.5126721262931824,0.48732790350914,a_noamd
A0012.jpg,0.5394870638847351,0.4605129361152649,a_noamd
A0013.jpg,0.6713193655014038,0.3286806344985962,a_noamd
A0014.jpg,0.8503872752189636,0.14961270987987518,a_noamd
A0015.jpg,0.28395918011665344,0.716040849685669,b_amd
A0016.jpg,0.1356416493654251,0.8643583059310913,b_amd
A0017.jpg,0.1617497205734253,0.8382502794265747,b_amd
A0018.jpg,0.287647008895874,0.712352991104126,b_amd
A0019.jpg,0.215477854013443,0.7845221161842346,b_amd
A0020.jpg,0.10263023525476456,0.8973697423934937,b_amd
A0021.jpg,0.4451485872268677,0.5548514127731323,b_amd
A0022.jpg,0.20206502079963684,0.7979350090026855,b_amd
A0023.jpg,0.18311052024364471,0.8168895244598389,b_amd
A0024.jpg,0.7787570953369141,0.22124287486076355,a_noamd
A0025.jpg,0.4896547198295593,0.5103452801704407,b_amd
A0026.jpg,0.7936424016952515,0.20635756850242615,a_noamd
A0027.jpg,0.08268580585718155,0.9173141717910767,b_amd
A0028.jpg,0.45977649092674255,0.5402235388755798,b_amd
A0029.jpg,0.3730839788913727,0.6269160509109497,b_amd
A0030.jpg,0.7897599339485168,0.21024008095264435,a_noamd
A0031.jpg,0.32646045088768005,0.6735395789146423,b_amd
A0032.jpg,0.10349618643522263,0.8965038657188416,b_amd
A0033.jpg,0.10173450410366058,0.898265540599823,b_amd
A0034.jpg,0.12033148854970932,0.8796685338020325,b_amd
A0035.jpg,0.14194931089878082,0.8580507040023804,b_amd
A0036.jpg,0.16163192689418793,0.8383681178092957,b_amd
A0037.jpg,0.06623291224241257,0.9337671399116516,b_amd
A0038.jpg,0.27682116627693176,0.7231788635253906,b_amd
A0039.jpg,0.40792644023895264,0.5920735597610474,b_amd
A0040.jpg,0.32626473903656006,0.6737352609634399,b_amd
A0041.jpg,0.32332608103752136,0.6766738891601562,b_amd
A0042.jpg,0.30932584404945374,0.6906741857528687,b_amd
A0043.jpg,0.11878009140491486,0.8812199234962463,b_amd
A0044.jpg,0.25150319933891296,0.7484968304634094,b_amd
A0045.jpg,0.7838165760040283,0.21618342399597168,a_noamd
A0046.jpg,0.302410364151001,0.697589635848999,b_amd
A0047.jpg,0.27166101336479187,0.7283390164375305,b_amd
A0048.jpg,0.09136789292097092,0.9086320996284485,b_amd
A0049.jpg,0.21804936230182648,0.7819505929946899,b_amd
A0050.jpg,0.12990382313728333,0.8700962066650391,b_amd
A0051.jpg,0.6490030884742737,0.3509969115257263,a_noamd
A0052.jpg,0.6993576884269714,0.30064231157302856,a_noamd
A0053.jpg,0.7264209389686584,0.27357906103134155,a_noamd
A0054.jpg,0.5381163358688354,0.46188369393348694,a_noamd
A0055.jpg,0.7512967586517334,0.2487032115459442,a_noamd
A0056.jpg,0.07953305542469025,0.9204668998718262,b_amd
A0057.jpg,0.07384086400270462,0.9261592030525208,b_amd
A0058.jpg,0.5338850617408752,0.46611496806144714,a_noamd
A0059.jpg,0.39288657903671265,0.6071134209632874,b_amd
A0060.jpg,0.408010333776474,0.5919896960258484,b_amd
A0061.jpg,0.36728453636169434,0.6327154040336609,b_amd
A0062.jpg,0.07034239172935486,0.9296575784683228,b_amd
A0063.jpg,0.33617302775382996,0.6638270020484924,b_amd
A0064.jpg,0.7130168676376343,0.2869831323623657,a_noamd
A0065.jpg,0.6241205930709839,0.3758793771266937,a_noamd
A0066.jpg,0.04370442405343056,0.9562956094741821,b_amd
A0067.jpg,0.04961004853248596,0.9503899216651917,b_amd
A0068.jpg,0.07081962376832962,0.929180383682251,b_amd
A0069.jpg,0.28848132491111755,0.7115186452865601,b_amd
A0070.jpg,0.38300588726997375,0.6169940829277039,b_amd
A0071.jpg,0.09159640967845917,0.9084036350250244,b_amd
A0072.jpg,0.08203808963298798,0.9179619550704956,b_amd
A0073.jpg,0.6849765181541443,0.3150234818458557,a_noamd
A0074.jpg,0.2801527678966522,0.7198472619056702,b_amd
A0075.jpg,0.056194767355918884,0.9438052177429199,b_amd
A0076.jpg,0.0686817392706871,0.9313182830810547,b_amd
A0077.jpg,0.17203938961029053,0.8279606103897095,b_amd
A0078.jpg,0.7979673147201538,0.2020326852798462,a_noamd
A0079.jpg,0.724825382232666,0.2751745879650116,a_noamd
A0080.jpg,0.25828567147254944,0.7417142987251282,b_amd
A0081.jpg,0.19526392221450806,0.8047360777854919,b_amd
A0082.jpg,0.780627965927124,0.21937203407287598,a_noamd
A0083.jpg,0.6986302137374878,0.3013697862625122,a_noamd
A0084.jpg,0.17793726921081543,0.8220627903938293,b_amd
A0085.jpg,0.16528980433940887,0.8347101807594299,b_amd
A0086.jpg,0.461138516664505,0.5388614535331726,b_amd
A0087.jpg,0.08039350807666779,0.9196065068244934,b_amd
A0088.jpg,0.23038265109062195,0.7696173191070557,b_amd
A0089.jpg,0.403622031211853,0.596377968788147,b_amd
T0003.jpg,0.24216541647911072,0.7578345537185669,b_amd
T0004.jpg,0.07893523573875427,0.9210647344589233,b_amd
T0010.jpg,0.29548054933547974,0.7045194506645203,b_amd
T0015.jpg,0.49528586864471436,0.5047141909599304,b_amd
T0021.jpg,0.6678410768508911,0.3321589231491089,a_noamd
T0024.jpg,0.7326260209083557,0.2673739790916443,a_noamd
T0026.jpg,0.07973263412714005,0.9202674031257629,b_amd
T0030.jpg,0.20323525369167328,0.7967646718025208,b_amd
T0038.jpg,0.0871206745505333,0.9128793478012085,b_amd
T0043.jpg,0.6381095051765442,0.3618905246257782,a_noamd
T0045.jpg,0.44325581192970276,0.5567441582679749,b_amd
T0048.jpg,0.12830564379692078,0.8716943860054016,b_amd
T0051.jpg,0.17930197715759277,0.8206980228424072,b_amd
T0052.jpg,0.2118787169456482,0.788121223449707,b_amd
T0053.jpg,0.5227848887443542,0.47721514105796814,a_noamd
T0056.jpg,0.4367489218711853,0.5632510781288147,b_amd
T0057.jpg,0.2809304893016815,0.7190694808959961,b_amd
T0059.jpg,0.7447029948234558,0.2552970051765442,a_noamd
T0071.jpg,0.2137497514486313,0.7862502932548523,b_amd
T0072.jpg,0.0759655311703682,0.9240344166755676,b_amd
T0073.jpg,0.8447356820106506,0.15526427328586578,a_noamd
T0083.jpg,0.6446869373321533,0.3553130328655243,a_noamd
T0086.jpg,0.6440276503562927,0.3559723198413849,a_noamd
T0089.jpg,0.42184194922447205,0.5781580805778503,b_amd
T0105.jpg,0.07715557515621185,0.9228444695472717,b_amd
T0107.jpg,0.19725988805294037,0.8027400374412537,b_amd
T0112.jpg,0.5653140544891357,0.43468591570854187,a_noamd
T0118.jpg,0.13132141530513763,0.868678629398346,b_amd
T0120.jpg,0.7123247385025024,0.28767529129981995,a_noamd
T0127.jpg,0.825620710849762,0.17437927424907684,a_noamd
T0129.jpg,0.23238064348697662,0.7676193714141846,b_amd
T0134.jpg,0.7294586300849915,0.27054131031036377,a_noamd
T0147.jpg,0.07448679208755493,0.9255131483078003,b_amd
T0148.jpg,0.17930957674980164,0.8206904530525208,b_amd
T0150.jpg,0.795001208782196,0.20499880611896515,a_noamd
T0152.jpg,0.11931931227445602,0.8806807398796082,b_amd
T0154.jpg,0.07107561826705933,0.9289243817329407,b_amd
T0159.jpg,0.8463714718818665,0.15362852811813354,a_noamd
T0164.jpg,0.058102503418922424,0.9418975114822388,b_amd
T0165.jpg,0.08273889869451523,0.9172611236572266,b_amd
T0166.jpg,0.12927313148975372,0.8707268834114075,b_amd
T0170.jpg,0.21186794340610504,0.7881320714950562,b_amd
T0172.jpg,0.15120302140712738,0.8487969636917114,b_amd
T0176.jpg,0.6606939435005188,0.3393059968948364,a_noamd
T0183.jpg,0.14364014565944672,0.8563598394393921,b_amd
T0188.jpg,0.3114491403102875,0.6885508298873901,b_amd
T0189.jpg,0.14809304475784302,0.8519070148468018,b_amd
T0190.jpg,0.27987271547317505,0.720127284526825,b_amd
T0193.jpg,0.33336538076400757,0.6666346192359924,b_amd
T0198.jpg,0.7308070063591003,0.2691929340362549,a_noamd
T0201.jpg,0.07164598256349564,0.928354024887085,b_amd
T0209.jpg,0.1257876455783844,0.874212384223938,b_amd
T0219.jpg,0.41386112570762634,0.586138904094696,b_amd
T0226.jpg,0.6557162404060364,0.34428372979164124,a_noamd
T0227.jpg,0.26681262254714966,0.7331873774528503,b_amd
T0237.jpg,0.08072057366371155,0.9192794561386108,b_amd
T0244.jpg,0.1062333732843399,0.8937665820121765,b_amd
T0245.jpg,0.19166259467601776,0.808337390422821,b_amd
T0247.jpg,0.07612533867359161,0.9238746166229248,b_amd
T0252.jpg,0.09419803321361542,0.9058018922805786,b_amd
T0254.jpg,0.07482496649026871,0.9251750111579895,b_amd
T0255.jpg,0.12960195541381836,0.8703980445861816,b_amd
T0258.jpg,0.1667035073041916,0.8332964777946472,b_amd
T0261.jpg,0.11485416442155838,0.885145902633667,b_amd
T0286.jpg,0.18675217032432556,0.813247799873352,b_amd
T0291.jpg,0.6293871402740479,0.37061288952827454,a_noamd
T0298.jpg,0.10975945740938187,0.890240490436554,b_amd
T0301.jpg,0.11085077375173569,0.8891491889953613,b_amd
T0307.jpg,0.7705325484275818,0.2294674813747406,a_noamd
T0323.jpg,0.40482956171035767,0.5951704382896423,b_amd
T0325.jpg,0.33921152353286743,0.6607884764671326,b_amd
T0326.jpg,0.4199172854423523,0.5800826549530029,b_amd
T0329.jpg,0.11788106709718704,0.8821189403533936,b_amd
T0348.jpg,0.09178963303565979,0.9082103967666626,b_amd
T0351.jpg,0.7670974731445312,0.23290249705314636,a_noamd
T0361.jpg,0.3321210741996765,0.6678789258003235,b_amd
T0364.jpg,0.768157422542572,0.2318425327539444,a_noamd
T0366.jpg,0.40682440996170044,0.5931755900382996,b_amd
T0368.jpg,0.7036164999008179,0.29638350009918213,a_noamd
T0372.jpg,0.1483008861541748,0.8516991138458252,b_amd
T0377.jpg,0.6742294430732727,0.32577061653137207,a_noamd
T0378.jpg,0.6576398611068726,0.34236013889312744,a_noamd
T0381.jpg,0.06297486275434494,0.9370251297950745,b_amd
T0382.jpg,0.7048698663711548,0.29513019323349,a_noamd
T0386.jpg,0.13709306716918945,0.8629069328308105,b_amd
T0390.jpg,0.5769098401069641,0.42309021949768066,a_noamd
T0392.jpg,0.08229848742485046,0.9177015423774719,b_amd
T0393.jpg,0.2605281472206116,0.7394718527793884,b_amd
T0394.jpg,0.11090049892663956,0.8890995383262634,b_amd
V0009.jpg,0.5962641835212708,0.40373578667640686,a_noamd
V0013.jpg,0.1203293427824974,0.8796706795692444,b_amd
V0022.jpg,0.5896600484848022,0.41033992171287537,a_noamd
V0030.jpg,0.09914825856685638,0.9008517265319824,b_amd
V0033.jpg,0.5971454381942749,0.4028545320034027,a_noamd
V0034.jpg,0.291765034198761,0.7082350254058838,b_amd
V0043.jpg,0.7622957825660706,0.23770421743392944,a_noamd
V0048.jpg,0.19858311116695404,0.8014169335365295,b_amd
V0050.jpg,0.4412893056869507,0.5587107539176941,b_amd
V0051.jpg,0.08992719650268555,0.9100728034973145,b_amd
V0061.jpg,0.5858404636383057,0.41415953636169434,a_noamd
V0063.jpg,0.08733278512954712,0.9126672148704529,b_amd
V0078.jpg,0.08325381577014923,0.916746199131012,b_amd
V0080.jpg,0.40723946690559387,0.5927605032920837,b_amd
V0083.jpg,0.3246287703514099,0.6753711700439453,b_amd
V0085.jpg,0.06095268577337265,0.9390472769737244,b_amd
V0087.jpg,0.10400354117155075,0.8959964513778687,b_amd
V0089.jpg,0.6689956188201904,0.33100438117980957,a_noamd
V0091.jpg,0.17070701718330383,0.8292930126190186,b_amd
V0093.jpg,0.08217911422252655,0.917820930480957,b_amd
V0099.jpg,0.16267329454421997,0.8373266458511353,b_amd
V0103.jpg,0.06338171660900116,0.9366182684898376,b_amd
V0105.jpg,0.27022847533226013,0.7297714948654175,b_amd
V0106.jpg,0.12386701256036758,0.8761329650878906,b_amd
V0108.jpg,0.19893042743206024,0.8010695576667786,b_amd
V0111.jpg,0.23571135103702545,0.7642886638641357,b_amd
V0115.jpg,0.08025138080120087,0.9197486639022827,b_amd
V0117.jpg,0.8178551197052002,0.1821449249982834,a_noamd
V0119.jpg,0.13278838992118835,0.8672115802764893,b_amd
V0125.jpg,0.3858857750892639,0.6141142249107361,b_amd
V0129.jpg,0.11339189857244492,0.8866081237792969,b_amd
V0133.jpg,0.7406935691833496,0.259306401014328,a_noamd
V0135.jpg,0.09535163640975952,0.9046483635902405,b_amd
V0141.jpg,0.08695793896913528,0.9130420684814453,b_amd
V0146.jpg,0.7795175909996033,0.22048242390155792,a_noamd
V0147.jpg,0.09270939975976944,0.9072906374931335,b_amd
V0151.jpg,0.6906208395957947,0.3093791604042053,a_noamd
V0152.jpg,0.10975123941898346,0.8902488350868225,b_amd
V0158.jpg,0.17712804675102234,0.8228719234466553,b_amd
V0159.jpg,0.06944064050912857,0.9305593371391296,b_amd
V0161.jpg,0.6451804637908936,0.35481953620910645,a_noamd
V0170.jpg,0.07970041036605835,0.9202995896339417,b_amd
V0172.jpg,0.3069938123226166,0.6930062174797058,b_amd
V0173.jpg,0.13037562370300293,0.8696243762969971,b_amd
V0180.jpg,0.08073536306619644,0.9192646741867065,b_amd
V0182.jpg,0.2563188672065735,0.7436811327934265,b_amd
V0187.jpg,0.12478624284267426,0.8752137422561646,b_amd
V0188.jpg,0.5671799182891846,0.43282005190849304,a_noamd
V0190.jpg,0.10015667229890823,0.8998433351516724,b_amd
V0196.jpg,0.14487311244010925,0.8551268577575684,b_amd
V0218.jpg,0.3580308258533478,0.6419692039489746,b_amd
V0227.jpg,0.13769011199474335,0.8623099327087402,b_amd
V0233.jpg,0.7845860123634338,0.21541398763656616,a_noamd
V0237.jpg,0.17248262465000153,0.8275173306465149,b_amd
V0245.jpg,0.09295107424259186,0.9070489406585693,b_amd
V0248.jpg,0.13449861109256744,0.865501344203949,b_amd
V0251.jpg,0.11222930252552032,0.8877706527709961,b_amd
V0258.jpg,0.6960006952285767,0.30399930477142334,a_noamd
V0264.jpg,0.19294345378875732,0.8070565462112427,b_amd
V0267.jpg,0.4501778483390808,0.5498221516609192,b_amd
V0269.jpg,0.21244549751281738,0.7875544428825378,b_amd
V0281.jpg,0.6691650152206421,0.3308349549770355,a_noamd
V0282.jpg,0.7881227135658264,0.21187728643417358,a_noamd
V0284.jpg,0.1365058720111847,0.8634941577911377,b_amd
V0297.jpg,0.14193204045295715,0.8580679893493652,b_amd
V0319.jpg,0.4720351994037628,0.5279648303985596,b_amd
V0323.jpg,0.12786321341991425,0.8721368312835693,b_amd
V0326.jpg,0.1241467222571373,0.8758532404899597,b_amd
V0327.jpg,0.7108079791069031,0.2891920506954193,a_noamd
V0330.jpg,0.40493911504745483,0.5950608849525452,b_amd
V0331.jpg,0.3820660412311554,0.617933988571167,b_amd
V0334.jpg,0.12838304042816162,0.8716169595718384,b_amd
V0337.jpg,0.1214548870921135,0.8785451054573059,b_amd
V0344.jpg,0.6642367243766785,0.33576324582099915,a_noamd
V0352.jpg,0.09674155712127686,0.9032584428787231,b_amd
V0354.jpg,0.10938143730163574,0.8906185626983643,b_amd
V0357.jpg,0.6665594577789307,0.33344054222106934,a_noamd
V0360.jpg,0.15817217528820038,0.8418278098106384,b_amd
V0363.jpg,0.10182850807905197,0.8981714844703674,b_amd
V0368.jpg,0.08111843466758728,0.9188815951347351,b_amd
V0369.jpg,0.4548693001270294,0.5451306700706482,b_amd
V0375.jpg,0.8006060123443604,0.19939397275447845,a_noamd
V0379.jpg,0.22276408970355988,0.7772359251976013,b_amd
V0380.jpg,0.09806295484304428,0.9019370675086975,b_amd
V0388.jpg,0.09904062747955322,0.9009594321250916,b_amd
V0390.jpg,0.21431010961532593,0.7856898903846741,b_amd
V0392.jpg,0.07710209488868713,0.9228978753089905,b_amd
V0397.jpg,0.36337366700172424,0.6366263031959534,b_amd
V0399.jpg,0.7761287093162537,0.22387126088142395,a_noamd
