filename,true_label,predicted_label,prob_a_noamd,prob_b_amd
N0001.jpg,a_noamd,a_noamd,0.96046996,0.03953003
N0002.jpg,a_noamd,a_noamd,0.9460126,0.053987354
N0003.jpg,a_noamd,a_noamd,0.9581243,0.04187567
N0004.jpg,a_noamd,a_noamd,0.95776176,0.04223822
N0005.jpg,a_noamd,a_noamd,0.9515138,0.048486114
N0006.jpg,a_noamd,a_noamd,0.9505995,0.049400475
N0007.jpg,a_noamd,a_noamd,0.9553773,0.04462267
N0008.jpg,a_noamd,a_noamd,0.9594767,0.040523242
N0009.jpg,a_noamd,a_noamd,0.9643096,0.03569038
N0010.jpg,a_noamd,a_noamd,0.96411294,0.035887063
N0011.jpg,a_noamd,a_noamd,0.95274615,0.047253836
N0012.jpg,a_noamd,a_noamd,0.9581291,0.041870873
N0013.jpg,a_noamd,a_noamd,0.95912063,0.040879376
N0014.jpg,a_noamd,a_noamd,0.9648206,0.0351793
N0015.jpg,a_noamd,a_noamd,0.9527386,0.047261346
N0016.jpg,a_noamd,a_noamd,0.952289,0.047710992
N0017.jpg,a_noamd,a_noamd,0.95942324,0.040576756
N0018.jpg,a_noamd,a_noamd,0.95431334,0.04568668
N0019.jpg,a_noamd,a_noamd,0.9556224,0.04437765
N0020.jpg,a_noamd,a_noamd,0.95540047,0.04459956
N0021.jpg,a_noamd,a_noamd,0.95234334,0.047656644
N0022.jpg,a_noamd,a_noamd,0.9597439,0.040256098
N0023.jpg,a_noamd,b_amd,0.045255557,0.95474446
N0024.jpg,a_noamd,a_noamd,0.9350707,0.06492928
N0025.jpg,a_noamd,a_noamd,0.9621901,0.037809923
N0026.jpg,a_noamd,a_noamd,0.9528188,0.047181197
N0027.jpg,a_noamd,a_noamd,0.95983857,0.040161464
N0028.jpg,a_noamd,a_noamd,0.96279263,0.037207372
N0029.jpg,a_noamd,a_noamd,0.95370954,0.046290427
N0030.jpg,a_noamd,a_noamd,0.95692146,0.04307853
N0031.jpg,a_noamd,a_noamd,0.9571739,0.042826045
N0032.jpg,a_noamd,a_noamd,0.9486208,0.051379196
N0033.jpg,a_noamd,a_noamd,0.9476053,0.052394718
N0034.jpg,a_noamd,a_noamd,0.9494432,0.050556768
N0035.jpg,a_noamd,a_noamd,0.93811005,0.061889995
N0036.jpg,a_noamd,a_noamd,0.9438446,0.056155417
N0037.jpg,a_noamd,a_noamd,0.9673131,0.032686837
N0038.jpg,a_noamd,a_noamd,0.9562554,0.04374465
N0039.jpg,a_noamd,a_noamd,0.9051416,0.09485843
N0040.jpg,a_noamd,b_amd,0.27756312,0.72243685
N0041.jpg,a_noamd,a_noamd,0.7555992,0.24440084
N0042.jpg,a_noamd,b_amd,0.05987538,0.94012463
N0043.jpg,a_noamd,b_amd,0.09218275,0.90781724
N0044.jpg,a_noamd,a_noamd,0.91846144,0.081538476
N0045.jpg,a_noamd,a_noamd,0.9593752,0.040624768
N0046.jpg,a_noamd,a_noamd,0.9467851,0.05321488
N0047.jpg,a_noamd,a_noamd,0.95900846,0.040991567
N0048.jpg,a_noamd,a_noamd,0.95773464,0.042265363
N0049.jpg,a_noamd,a_noamd,0.9590362,0.040963855
N0050.jpg,a_noamd,a_noamd,0.95680285,0.04319723
N0051.jpg,a_noamd,a_noamd,0.9628448,0.03715524
N0052.jpg,a_noamd,a_noamd,0.9525867,0.047413293
N0053.jpg,a_noamd,a_noamd,0.94842106,0.0515789
N0054.jpg,a_noamd,a_noamd,0.9538011,0.046198897
N0055.jpg,a_noamd,a_noamd,0.9494221,0.050577857
N0056.jpg,a_noamd,a_noamd,0.9471182,0.05288181
N0057.jpg,a_noamd,a_noamd,0.945382,0.05461797
N0058.jpg,a_noamd,a_noamd,0.95116657,0.048833407
N0059.jpg,a_noamd,a_noamd,0.95019346,0.049806543
N0060.jpg,a_noamd,a_noamd,0.94738305,0.052616984
N0061.jpg,a_noamd,a_noamd,0.952158,0.047842
N0062.jpg,a_noamd,a_noamd,0.9451801,0.05481989
N0063.jpg,a_noamd,a_noamd,0.9455749,0.054425165
N0064.jpg,a_noamd,a_noamd,0.9518129,0.048187036
N0065.jpg,a_noamd,a_noamd,0.95132536,0.048674654
N0066.jpg,a_noamd,b_amd,0.062126704,0.9378733
N0067.jpg,a_noamd,b_amd,0.1441022,0.8558978
N0068.jpg,a_noamd,a_noamd,0.95756495,0.042435095
N0069.jpg,a_noamd,a_noamd,0.95666295,0.043337096
N0070.jpg,a_noamd,a_noamd,0.94865876,0.051341213
N0071.jpg,a_noamd,a_noamd,0.95441604,0.045583956
N0072.jpg,a_noamd,a_noamd,0.9510311,0.04896887
N0073.jpg,a_noamd,a_noamd,0.9506734,0.049326565
N0074.jpg,a_noamd,a_noamd,0.94818074,0.05181933
N0075.jpg,a_noamd,a_noamd,0.9526568,0.04734322
N0076.jpg,a_noamd,a_noamd,0.9554142,0.044585813
N0077.jpg,a_noamd,a_noamd,0.94678503,0.053215
N0078.jpg,a_noamd,a_noamd,0.9503018,0.049698178
N0079.jpg,a_noamd,a_noamd,0.9571868,0.042813182
N0080.jpg,a_noamd,a_noamd,0.959278,0.04072198
N0081.jpg,a_noamd,a_noamd,0.94885737,0.05114261
N0082.jpg,a_noamd,a_noamd,0.95286524,0.04713479
N0083.jpg,a_noamd,a_noamd,0.9524555,0.047544494
N0084.jpg,a_noamd,a_noamd,0.9578009,0.04219912
N0085.jpg,a_noamd,a_noamd,0.96433604,0.03566391
N0086.jpg,a_noamd,b_amd,0.34859544,0.65140456
N0087.jpg,a_noamd,a_noamd,0.94448704,0.055512965
N0088.jpg,a_noamd,a_noamd,0.94917357,0.05082639
N0089.jpg,a_noamd,a_noamd,0.9466972,0.053302854
N0090.jpg,a_noamd,a_noamd,0.9532455,0.04675448
N0091.jpg,a_noamd,a_noamd,0.9466492,0.053350817
N0092.jpg,a_noamd,a_noamd,0.9504292,0.049570765
N0093.jpg,a_noamd,a_noamd,0.9592033,0.040796638
N0094.jpg,a_noamd,a_noamd,0.9547665,0.045233503
N0095.jpg,a_noamd,a_noamd,0.9569826,0.043017413
N0096.jpg,a_noamd,a_noamd,0.95592415,0.044075895
N0097.jpg,a_noamd,b_amd,0.47211754,0.52788246
N0098.jpg,a_noamd,b_amd,0.08848597,0.91151404
N0099.jpg,a_noamd,a_noamd,0.9655038,0.034496166
N0100.jpg,a_noamd,a_noamd,0.61472386,0.38527608
N0101.jpg,a_noamd,b_amd,0.37733465,0.6226654
N0102.jpg,a_noamd,a_noamd,0.9555072,0.044492733
N0103.jpg,a_noamd,a_noamd,0.94809544,0.051904522
N0104.jpg,a_noamd,a_noamd,0.9557483,0.044251606
N0105.jpg,a_noamd,a_noamd,0.9482802,0.05171975
N0106.jpg,a_noamd,a_noamd,0.9490491,0.050950844
N0107.jpg,a_noamd,a_noamd,0.94938606,0.05061393
N0108.jpg,a_noamd,a_noamd,0.9554706,0.04452938
N0109.jpg,a_noamd,a_noamd,0.95080537,0.049194597
N0110.jpg,a_noamd,a_noamd,0.89398396,0.1060161
N0111.jpg,a_noamd,a_noamd,0.9455393,0.05446067
N0112.jpg,a_noamd,a_noamd,0.9540652,0.045934826
N0113.jpg,a_noamd,a_noamd,0.9531129,0.04688707
N0114.jpg,a_noamd,a_noamd,0.95774657,0.042253427
N0115.jpg,a_noamd,a_noamd,0.9610268,0.038973164
N0116.jpg,a_noamd,a_noamd,0.96759796,0.032401983
N0117.jpg,a_noamd,a_noamd,0.94932985,0.050670117
N0118.jpg,a_noamd,a_noamd,0.955479,0.04452095
N0119.jpg,a_noamd,a_noamd,0.9574125,0.042587522
N0120.jpg,a_noamd,b_amd,0.46822396,0.531776
N0121.jpg,a_noamd,a_noamd,0.9584132,0.041586846
N0122.jpg,a_noamd,b_amd,0.22282001,0.77718
N0123.jpg,a_noamd,a_noamd,0.9535604,0.046439618
N0124.jpg,a_noamd,a_noamd,0.9673777,0.032622322
N0125.jpg,a_noamd,a_noamd,0.9621826,0.037817363
N0126.jpg,a_noamd,a_noamd,0.96427274,0.035727266
N0127.jpg,a_noamd,a_noamd,0.9290064,0.07099361
N0128.jpg,a_noamd,b_amd,0.49821633,0.50178367
N0129.jpg,a_noamd,a_noamd,0.9448422,0.055157773
N0130.jpg,a_noamd,a_noamd,0.9510576,0.048942354
N0131.jpg,a_noamd,a_noamd,0.96282023,0.037179794
N0132.jpg,a_noamd,a_noamd,0.94905585,0.050944116
N0133.jpg,a_noamd,a_noamd,0.9618617,0.03813827
N0134.jpg,a_noamd,a_noamd,0.9374748,0.062525235
N0135.jpg,a_noamd,a_noamd,0.9442119,0.055788092
N0136.jpg,a_noamd,a_noamd,0.9531998,0.046800267
N0137.jpg,a_noamd,a_noamd,0.9421352,0.057864796
N0138.jpg,a_noamd,a_noamd,0.89501953,0.10498052
N0139.jpg,a_noamd,a_noamd,0.96858615,0.031413853
N0140.jpg,a_noamd,a_noamd,0.9661547,0.03384536
N0141.jpg,a_noamd,a_noamd,0.9271374,0.07286266
N0142.jpg,a_noamd,a_noamd,0.95147586,0.04852413
N0143.jpg,a_noamd,a_noamd,0.9539009,0.04609917
N0144.jpg,a_noamd,a_noamd,0.9593332,0.04066681
N0145.jpg,a_noamd,a_noamd,0.9578864,0.042113535
N0146.jpg,a_noamd,a_noamd,0.9564506,0.043549407
N0147.jpg,a_noamd,a_noamd,0.95147586,0.04852413
N0148.jpg,a_noamd,a_noamd,0.9539009,0.04609917
N0149.jpg,a_noamd,a_noamd,0.9593332,0.04066681
N0150.jpg,a_noamd,a_noamd,0.8347755,0.16522448
N0151.jpg,a_noamd,a_noamd,0.8289027,0.17109734
N0152.jpg,a_noamd,a_noamd,0.9626473,0.03735264
N0153.jpg,a_noamd,a_noamd,0.89487857,0.10512137
N0154.jpg,a_noamd,a_noamd,0.94623554,0.053764407
N0155.jpg,a_noamd,a_noamd,0.95614725,0.04385277
N0156.jpg,a_noamd,a_noamd,0.9489891,0.05101096
N0157.jpg,a_noamd,a_noamd,0.95017546,0.0498245
N0158.jpg,a_noamd,a_noamd,0.9527865,0.047213484
N0159.jpg,a_noamd,a_noamd,0.9492467,0.050753262
N0160.jpg,a_noamd,a_noamd,0.9509107,0.049089283
N0161.jpg,a_noamd,a_noamd,0.95072466,0.04927537
N0162.jpg,a_noamd,a_noamd,0.95052826,0.049471684
N0163.jpg,a_noamd,b_amd,0.20625018,0.79374987
N0164.jpg,a_noamd,a_noamd,0.9593798,0.04062015
N0165.jpg,a_noamd,a_noamd,0.95227355,0.04772648
N0166.jpg,a_noamd,a_noamd,0.9500981,0.049901858
N0167.jpg,a_noamd,a_noamd,0.9461768,0.053823117
N0168.jpg,a_noamd,a_noamd,0.95542765,0.04457237
N0169.jpg,a_noamd,a_noamd,0.74402684,0.25597316
N0170.jpg,a_noamd,a_noamd,0.94764656,0.052353505
N0171.jpg,a_noamd,a_noamd,0.94807625,0.05192377
N0172.jpg,a_noamd,a_noamd,0.9499702,0.05002984
N0173.jpg,a_noamd,a_noamd,0.9467065,0.05329355
N0174.jpg,a_noamd,a_noamd,0.924432,0.075568065
N0175.jpg,a_noamd,a_noamd,0.9576664,0.04233354
N0176.jpg,a_noamd,b_amd,0.22013038,0.7798696
N0177.jpg,a_noamd,a_noamd,0.9555511,0.04444895
N0178.jpg,a_noamd,a_noamd,0.9645667,0.03543325
N0179.jpg,a_noamd,a_noamd,0.9368444,0.06315557
N0180.jpg,a_noamd,b_amd,0.08156547,0.9184345
N0181.jpg,a_noamd,b_amd,0.05880814,0.9411919
N0182.jpg,a_noamd,a_noamd,0.9550793,0.044920657
N0183.jpg,a_noamd,a_noamd,0.9579445,0.04205552
N0184.jpg,a_noamd,a_noamd,0.95805883,0.041941173
N0185.jpg,a_noamd,a_noamd,0.9517597,0.048240334
N0186.jpg,a_noamd,a_noamd,0.9431854,0.05681455
N0187.jpg,a_noamd,b_amd,0.26673114,0.73326886
N0188.jpg,a_noamd,a_noamd,0.95760685,0.04239322
N0189.jpg,a_noamd,a_noamd,0.96261674,0.03738321
N0190.jpg,a_noamd,a_noamd,0.957845,0.042155005
N0191.jpg,a_noamd,b_amd,0.04544416,0.9545558
N0192.jpg,a_noamd,b_amd,0.068078905,0.9319211
N0193.jpg,a_noamd,b_amd,0.058530945,0.9414691
N0194.jpg,a_noamd,b_amd,0.10094402,0.899056
N0195.jpg,a_noamd,b_amd,0.114058174,0.88594186
N0196.jpg,a_noamd,a_noamd,0.9481441,0.051855873
N0197.jpg,a_noamd,a_noamd,0.9513577,0.048642293
N0198.jpg,a_noamd,a_noamd,0.96663696,0.033363026
N0199.jpg,a_noamd,a_noamd,0.954254,0.045745995
N0200.jpg,a_noamd,b_amd,0.051121403,0.94887865
N0201.jpg,a_noamd,b_amd,0.060569074,0.9394309
N0202.jpg,a_noamd,b_amd,0.049318943,0.95068103
N0203.jpg,a_noamd,b_amd,0.06903673,0.9309632
N0204.jpg,a_noamd,a_noamd,0.9554362,0.04456376
N0205.jpg,a_noamd,a_noamd,0.9564519,0.04354816
N0206.jpg,a_noamd,a_noamd,0.9592463,0.040753677
N0207.jpg,a_noamd,a_noamd,0.96189505,0.038104944
N0208.jpg,a_noamd,a_noamd,0.87159866,0.12840132
N0209.jpg,a_noamd,a_noamd,0.9567951,0.04320491
N0210.jpg,a_noamd,a_noamd,0.95464295,0.045357015
N0211.jpg,a_noamd,a_noamd,0.9692524,0.030747611
N0212.jpg,a_noamd,a_noamd,0.9725338,0.02746613
N0213.jpg,a_noamd,a_noamd,0.9487624,0.051237654
N0214.jpg,a_noamd,a_noamd,0.86765647,0.13234349
N0215.jpg,a_noamd,a_noamd,0.89822483,0.10177517
N0216.jpg,a_noamd,b_amd,0.22966294,0.770337
N0217.jpg,a_noamd,a_noamd,0.9504938,0.049506113
N0218.jpg,a_noamd,a_noamd,0.9551823,0.044817682
N0219.jpg,a_noamd,a_noamd,0.9393375,0.060662474
N0220.jpg,a_noamd,a_noamd,0.95311576,0.046884276
N0221.jpg,a_noamd,a_noamd,0.96757174,0.032428205
N0222.jpg,a_noamd,a_noamd,0.9602318,0.039768167
N0223.jpg,a_noamd,a_noamd,0.94629145,0.05370849
N0224.jpg,a_noamd,a_noamd,0.9490813,0.050918717
N0225.jpg,a_noamd,a_noamd,0.9498788,0.050121192
N0226.jpg,a_noamd,a_noamd,0.95426655,0.045733426
N0227.jpg,a_noamd,a_noamd,0.9559931,0.044006936
N0228.jpg,a_noamd,a_noamd,0.90891814,0.091081925
N0229.jpg,a_noamd,a_noamd,0.9539791,0.04602093
N0230.jpg,a_noamd,a_noamd,0.80544287,0.1945571
N0231.jpg,a_noamd,a_noamd,0.8360652,0.16393484
N0232.jpg,a_noamd,a_noamd,0.9407913,0.059208743
N0233.jpg,a_noamd,a_noamd,0.951497,0.048502933
N0234.jpg,a_noamd,a_noamd,0.9513471,0.04865284
N0235.jpg,a_noamd,a_noamd,0.9511355,0.04886454
N0236.jpg,a_noamd,a_noamd,0.9553177,0.044682387
N0237.jpg,a_noamd,b_amd,0.15625508,0.8437449
N0238.jpg,a_noamd,a_noamd,0.9289163,0.07108371
N0239.jpg,a_noamd,a_noamd,0.9597541,0.04024588
N0240.jpg,a_noamd,a_noamd,0.9176691,0.08233086
N0241.jpg,a_noamd,a_noamd,0.9517817,0.048218336
N0242.jpg,a_noamd,a_noamd,0.95858663,0.041413397
N0243.jpg,a_noamd,a_noamd,0.73418075,0.2658193
N0244.jpg,a_noamd,a_noamd,0.6501082,0.34989175
N0245.jpg,a_noamd,a_noamd,0.80089384,0.19910613
N0246.jpg,a_noamd,a_noamd,0.9542697,0.045730263
N0247.jpg,a_noamd,a_noamd,0.9605313,0.039468743
N0248.jpg,a_noamd,b_amd,0.04965177,0.95034826
N0249.jpg,a_noamd,a_noamd,0.9655948,0.034405187
N0250.jpg,a_noamd,a_noamd,0.96184665,0.038153328
N0251.jpg,a_noamd,b_amd,0.073765635,0.92623436
N0252.jpg,a_noamd,b_amd,0.102799594,0.89720035
N0253.jpg,a_noamd,a_noamd,0.9548113,0.045188732
N0254.jpg,a_noamd,b_amd,0.34995517,0.6500448
N0255.jpg,a_noamd,b_amd,0.05054266,0.9494573
N0256.jpg,a_noamd,a_noamd,0.9569171,0.043082938
N0257.jpg,a_noamd,a_noamd,0.95577973,0.044220246
N0258.jpg,a_noamd,a_noamd,0.9492195,0.050780497
N0259.jpg,a_noamd,a_noamd,0.9494249,0.05057511
N0260.jpg,a_noamd,a_noamd,0.94934416,0.05065591
N0261.jpg,a_noamd,a_noamd,0.9217016,0.07829845
N0262.jpg,a_noamd,a_noamd,0.9557332,0.044266786
N0263.jpg,a_noamd,a_noamd,0.95177317,0.04822685
N0264.jpg,a_noamd,a_noamd,0.9589877,0.041012228
N0265.jpg,a_noamd,a_noamd,0.9638914,0.036108576
N0266.jpg,a_noamd,b_amd,0.35888955,0.6411104
N0267.jpg,a_noamd,a_noamd,0.9400434,0.059956636
N0268.jpg,a_noamd,b_amd,0.09105624,0.9089437
N0269.jpg,a_noamd,b_amd,0.09632711,0.9036729
N0270.jpg,a_noamd,a_noamd,0.9582459,0.041754078
N0271.jpg,a_noamd,a_noamd,0.9574031,0.042596944
N0272.jpg,a_noamd,a_noamd,0.9395465,0.060453404
N0273.jpg,a_noamd,a_noamd,0.9592156,0.0407844
N0274.jpg,a_noamd,a_noamd,0.9368056,0.06319444
N0275.jpg,a_noamd,a_noamd,0.95245314,0.04754685
N0276.jpg,a_noamd,a_noamd,0.9536035,0.046396486
N0277.jpg,a_noamd,a_noamd,0.9347026,0.06529736
N0278.jpg,a_noamd,a_noamd,0.9490126,0.05098743
N0279.jpg,a_noamd,a_noamd,0.95854753,0.041452426
N0280.jpg,a_noamd,a_noamd,0.9493178,0.05068219
N0281.jpg,a_noamd,a_noamd,0.95092136,0.049078576
N0282.jpg,a_noamd,a_noamd,0.9571857,0.042814262
N0283.jpg,a_noamd,a_noamd,0.9568502,0.043149795
N0284.jpg,a_noamd,a_noamd,0.95670617,0.04329391
N0285.jpg,a_noamd,a_noamd,0.9479795,0.05202049
N0286.jpg,a_noamd,a_noamd,0.9642317,0.03576827
N0287.jpg,a_noamd,a_noamd,0.9581863,0.041813616
N0288.jpg,a_noamd,a_noamd,0.94285804,0.057142008
N0289.jpg,a_noamd,a_noamd,0.95611674,0.043883204
N0290.jpg,a_noamd,a_noamd,0.9541821,0.045817953
N0291.jpg,a_noamd,a_noamd,0.9548576,0.045142382
N0292.jpg,a_noamd,a_noamd,0.94720995,0.052789982
N0293.jpg,a_noamd,a_noamd,0.9641947,0.035805207
N0294.jpg,a_noamd,a_noamd,0.9602796,0.039720394
N0295.jpg,a_noamd,a_noamd,0.94739836,0.05260166
N0296.jpg,a_noamd,a_noamd,0.8773233,0.12267668
N0297.jpg,a_noamd,a_noamd,0.9595935,0.040406473
N0298.jpg,a_noamd,a_noamd,0.93501574,0.06498427
N0299.jpg,a_noamd,a_noamd,0.9509132,0.049086787
N0300.jpg,a_noamd,a_noamd,0.9582417,0.041758295
N0301.jpg,a_noamd,a_noamd,0.9456225,0.05437752
N0302.jpg,a_noamd,a_noamd,0.94509536,0.05490459
N0303.jpg,a_noamd,a_noamd,0.948711,0.051289007
N0304.jpg,a_noamd,b_amd,0.08845655,0.9115434
N0305.jpg,a_noamd,a_noamd,0.96203107,0.037968863
N0306.jpg,a_noamd,a_noamd,0.95169264,0.048307333
N0307.jpg,a_noamd,a_noamd,0.95613843,0.043861587
N0308.jpg,a_noamd,a_noamd,0.934015,0.06598504
N0309.jpg,a_noamd,a_noamd,0.945117,0.054882973
N0310.jpg,a_noamd,a_noamd,0.9556537,0.044346254
N0311.jpg,a_noamd,a_noamd,0.9522725,0.047727514
T0001.jpg,a_noamd,a_noamd,0.9496415,0.05035843
T0002.jpg,a_noamd,a_noamd,0.9639995,0.036000527
T0005.jpg,a_noamd,a_noamd,0.95489585,0.04510421
T0006.jpg,a_noamd,b_amd,0.21944492,0.78055507
T0007.jpg,a_noamd,a_noamd,0.94954175,0.05045819
T0008.jpg,a_noamd,a_noamd,0.72614926,0.27385068
T0009.jpg,a_noamd,a_noamd,0.9529307,0.0470693
T0011.jpg,a_noamd,a_noamd,0.95371974,0.04628031
T0012.jpg,a_noamd,a_noamd,0.9742624,0.025737569
T0013.jpg,a_noamd,a_noamd,0.96966493,0.030335143
T0014.jpg,a_noamd,b_amd,0.07124643,0.92875355
T0016.jpg,a_noamd,a_noamd,0.9501232,0.04987683
T0017.jpg,a_noamd,a_noamd,0.7514288,0.24857129
T0018.jpg,a_noamd,a_noamd,0.9526175,0.047382448
T0019.jpg,a_noamd,b_amd,0.4609258,0.5390742
T0020.jpg,a_noamd,a_noamd,0.93353486,0.0664651
T0022.jpg,a_noamd,a_noamd,0.9489553,0.051044676
T0023.jpg,a_noamd,b_amd,0.4981152,0.50188476
T0025.jpg,a_noamd,a_noamd,0.5902136,0.40978643
T0027.jpg,a_noamd,a_noamd,0.95751864,0.042481363
T0028.jpg,a_noamd,a_noamd,0.9542199,0.045780096
T0029.jpg,a_noamd,a_noamd,0.95919496,0.040805046
T0031.jpg,a_noamd,a_noamd,0.9583445,0.04165551
T0032.jpg,a_noamd,a_noamd,0.95489585,0.04510421
T0033.jpg,a_noamd,a_noamd,0.95163214,0.048367795
T0034.jpg,a_noamd,a_noamd,0.9369544,0.063045606
T0035.jpg,a_noamd,a_noamd,0.5018456,0.49815437
T0036.jpg,a_noamd,b_amd,0.102212936,0.89778703
T0037.jpg,a_noamd,a_noamd,0.9517665,0.04823357
T0039.jpg,a_noamd,a_noamd,0.9546348,0.045365218
T0040.jpg,a_noamd,b_amd,0.055342097,0.944658
T0041.jpg,a_noamd,a_noamd,0.9627198,0.037280228
T0042.jpg,a_noamd,a_noamd,0.9621403,0.037859637
T0044.jpg,a_noamd,a_noamd,0.93430847,0.06569157
T0046.jpg,a_noamd,a_noamd,0.95734364,0.042656373
T0047.jpg,a_noamd,a_noamd,0.95605606,0.04394398
T0049.jpg,a_noamd,a_noamd,0.94989926,0.050100755
T0050.jpg,a_noamd,a_noamd,0.9493758,0.050624188
T0054.jpg,a_noamd,a_noamd,0.94478434,0.055215675
T0055.jpg,a_noamd,a_noamd,0.95832306,0.041676987
T0058.jpg,a_noamd,b_amd,0.15700719,0.84299284
T0060.jpg,a_noamd,a_noamd,0.54437006,0.45562994
T0061.jpg,a_noamd,a_noamd,0.9475029,0.052497096
T0062.jpg,a_noamd,a_noamd,0.95434666,0.045653336
T0063.jpg,a_noamd,a_noamd,0.96141165,0.038588386
T0064.jpg,a_noamd,b_amd,0.08024552,0.9197545
T0065.jpg,a_noamd,a_noamd,0.9519245,0.0480755
T0066.jpg,a_noamd,a_noamd,0.9538936,0.04610643
T0067.jpg,a_noamd,a_noamd,0.949771,0.050229035
T0068.jpg,a_noamd,a_noamd,0.84898925,0.15101074
T0069.jpg,a_noamd,a_noamd,0.94162154,0.05837841
T0070.jpg,a_noamd,b_amd,0.089472294,0.9105277
T0074.jpg,a_noamd,a_noamd,0.9489197,0.051080216
T0075.jpg,a_noamd,a_noamd,0.9492538,0.05074615
T0076.jpg,a_noamd,a_noamd,0.95527554,0.044724423
T0077.jpg,a_noamd,a_noamd,0.96026534,0.039734695
T0078.jpg,a_noamd,a_noamd,0.88554054,0.11445945
T0079.jpg,a_noamd,a_noamd,0.9548732,0.045126807
T0080.jpg,a_noamd,a_noamd,0.9276609,0.07233913
T0081.jpg,a_noamd,b_amd,0.2058137,0.7941863
T0082.jpg,a_noamd,b_amd,0.048043158,0.9519568
T0084.jpg,a_noamd,b_amd,0.41505846,0.58494157
T0085.jpg,a_noamd,a_noamd,0.9534624,0.046537604
T0087.jpg,a_noamd,b_amd,0.15395086,0.8460492
T0088.jpg,a_noamd,a_noamd,0.9476698,0.05233024
T0090.jpg,a_noamd,a_noamd,0.9620654,0.03793459
T0091.jpg,a_noamd,a_noamd,0.9579268,0.042073216
T0092.jpg,a_noamd,a_noamd,0.955358,0.04464199
T0093.jpg,a_noamd,a_noamd,0.9322912,0.06770878
T0094.jpg,a_noamd,a_noamd,0.9556045,0.044395532
T0095.jpg,a_noamd,a_noamd,0.9444671,0.055532847
T0096.jpg,a_noamd,a_noamd,0.9557533,0.04424666
T0097.jpg,a_noamd,a_noamd,0.9531621,0.046837933
T0098.jpg,a_noamd,a_noamd,0.962459,0.037540987
T0099.jpg,a_noamd,a_noamd,0.95991284,0.040087137
T0100.jpg,a_noamd,a_noamd,0.9608409,0.039159052
T0101.jpg,a_noamd,a_noamd,0.9447926,0.055207293
T0102.jpg,a_noamd,a_noamd,0.95854545,0.041454505
T0103.jpg,a_noamd,a_noamd,0.9576918,0.042308252
T0104.jpg,a_noamd,a_noamd,0.955112,0.044888042
T0106.jpg,a_noamd,a_noamd,0.9534067,0.04659334
T0108.jpg,a_noamd,a_noamd,0.9586687,0.04133135
T0109.jpg,a_noamd,a_noamd,0.95002544,0.04997455
T0110.jpg,a_noamd,a_noamd,0.96026695,0.039732974
T0111.jpg,a_noamd,b_amd,0.45735657,0.54264337
T0113.jpg,a_noamd,b_amd,0.139705,0.86029506
T0114.jpg,a_noamd,a_noamd,0.96164244,0.038357593
T0115.jpg,a_noamd,a_noamd,0.9452261,0.05477398
T0116.jpg,a_noamd,a_noamd,0.9543563,0.045643717
T0117.jpg,a_noamd,a_noamd,0.96013916,0.039860822
T0119.jpg,a_noamd,b_amd,0.12154232,0.8784577
T0121.jpg,a_noamd,a_noamd,0.95388037,0.046119645
T0122.jpg,a_noamd,a_noamd,0.95458573,0.0454143
T0123.jpg,a_noamd,a_noamd,0.9282039,0.07179618
T0124.jpg,a_noamd,a_noamd,0.9542087,0.045791317
T0125.jpg,a_noamd,a_noamd,0.95535487,0.044645153
T0126.jpg,a_noamd,a_noamd,0.95559764,0.04440238
T0128.jpg,a_noamd,a_noamd,0.9560884,0.04391156
T0130.jpg,a_noamd,a_noamd,0.9628576,0.037142396
T0131.jpg,a_noamd,b_amd,0.07617306,0.92382693
T0132.jpg,a_noamd,a_noamd,0.9568759,0.043124083
T0133.jpg,a_noamd,a_noamd,0.9591101,0.04088996
T0135.jpg,a_noamd,a_noamd,0.94881994,0.051180087
T0136.jpg,a_noamd,a_noamd,0.9563679,0.043632146
T0137.jpg,a_noamd,a_noamd,0.9526847,0.047315337
T0138.jpg,a_noamd,a_noamd,0.95573884,0.044261128
T0139.jpg,a_noamd,a_noamd,0.9483625,0.05163749
T0140.jpg,a_noamd,a_noamd,0.95443875,0.045561306
T0141.jpg,a_noamd,b_amd,0.12676123,0.8732388
T0142.jpg,a_noamd,a_noamd,0.9571098,0.042890184
T0143.jpg,a_noamd,a_noamd,0.950804,0.049196012
T0144.jpg,a_noamd,b_amd,0.04008013,0.95991987
T0145.jpg,a_noamd,a_noamd,0.9159712,0.084028795
T0146.jpg,a_noamd,a_noamd,0.93755454,0.06244545
T0149.jpg,a_noamd,a_noamd,0.9151532,0.08484679
T0151.jpg,a_noamd,a_noamd,0.5278676,0.4721324
T0153.jpg,a_noamd,a_noamd,0.9529382,0.047061812
T0155.jpg,a_noamd,a_noamd,0.9589166,0.04108346
T0156.jpg,a_noamd,a_noamd,0.9554172,0.044582743
T0157.jpg,a_noamd,a_noamd,0.94811237,0.051887676
T0158.jpg,a_noamd,a_noamd,0.95623547,0.043764587
T0160.jpg,a_noamd,a_noamd,0.95144045,0.048559554
T0161.jpg,a_noamd,a_noamd,0.945871,0.054128986
T0162.jpg,a_noamd,a_noamd,0.9101656,0.08983436
T0163.jpg,a_noamd,b_amd,0.28976727,0.71023273
T0167.jpg,a_noamd,a_noamd,0.8514361,0.14856392
T0168.jpg,a_noamd,a_noamd,0.9048489,0.095151156
T0169.jpg,a_noamd,a_noamd,0.9539497,0.046050277
T0171.jpg,a_noamd,a_noamd,0.9314528,0.068547204
T0173.jpg,a_noamd,a_noamd,0.94553566,0.05446429
T0174.jpg,a_noamd,a_noamd,0.9580059,0.04199412
T0175.jpg,a_noamd,a_noamd,0.9497203,0.050279647
T0177.jpg,a_noamd,b_amd,0.43584207,0.5641579
T0178.jpg,a_noamd,a_noamd,0.9397195,0.060280547
T0179.jpg,a_noamd,a_noamd,0.9457041,0.054295886
T0180.jpg,a_noamd,a_noamd,0.95375425,0.046245754
T0181.jpg,a_noamd,a_noamd,0.96212673,0.03787331
T0182.jpg,a_noamd,a_noamd,0.9636157,0.036384348
T0184.jpg,a_noamd,a_noamd,0.9492814,0.050718635
T0185.jpg,a_noamd,a_noamd,0.95551556,0.044484448
T0186.jpg,a_noamd,a_noamd,0.9495494,0.050450556
T0187.jpg,a_noamd,b_amd,0.34333658,0.6566634
T0191.jpg,a_noamd,b_amd,0.14660092,0.85339916
T0192.jpg,a_noamd,b_amd,0.25261766,0.7473824
T0194.jpg,a_noamd,a_noamd,0.9548541,0.045145873
T0195.jpg,a_noamd,a_noamd,0.9431154,0.05688454
T0196.jpg,a_noamd,b_amd,0.07891559,0.92108446
T0197.jpg,a_noamd,a_noamd,0.9250336,0.074966386
T0199.jpg,a_noamd,a_noamd,0.95885015,0.0411499
T0200.jpg,a_noamd,a_noamd,0.95301473,0.04698525
T0202.jpg,a_noamd,a_noamd,0.94996244,0.050037567
T0203.jpg,a_noamd,a_noamd,0.9505345,0.04946545
T0204.jpg,a_noamd,a_noamd,0.9494502,0.050549787
T0205.jpg,a_noamd,a_noamd,0.9658193,0.034180675
T0206.jpg,a_noamd,a_noamd,0.95441467,0.04558532
T0207.jpg,a_noamd,a_noamd,0.85563433,0.14436573
T0208.jpg,a_noamd,a_noamd,0.94830215,0.05169785
T0210.jpg,a_noamd,b_amd,0.3482307,0.65176934
T0211.jpg,a_noamd,a_noamd,0.948446,0.051554065
T0212.jpg,a_noamd,a_noamd,0.9589065,0.04109355
T0213.jpg,a_noamd,a_noamd,0.95427656,0.04572342
T0214.jpg,a_noamd,a_noamd,0.9571161,0.042883877
T0215.jpg,a_noamd,a_noamd,0.9471007,0.052899275
T0216.jpg,a_noamd,a_noamd,0.90307087,0.09692916
T0217.jpg,a_noamd,a_noamd,0.95770377,0.042296227
T0218.jpg,a_noamd,a_noamd,0.96516234,0.034837678
T0220.jpg,a_noamd,a_noamd,0.9025772,0.09742272
T0221.jpg,a_noamd,a_noamd,0.9504514,0.04954859
T0222.jpg,a_noamd,a_noamd,0.96105194,0.038948078
T0223.jpg,a_noamd,a_noamd,0.9494795,0.050520483
T0224.jpg,a_noamd,a_noamd,0.8731525,0.12684757
T0225.jpg,a_noamd,a_noamd,0.9672241,0.03277586
T0228.jpg,a_noamd,b_amd,0.06967728,0.9303227
T0229.jpg,a_noamd,a_noamd,0.8909822,0.10901781
T0230.jpg,a_noamd,b_amd,0.071721666,0.9282783
T0231.jpg,a_noamd,a_noamd,0.9561987,0.043801293
T0232.jpg,a_noamd,a_noamd,0.9526945,0.04730557
T0233.jpg,a_noamd,a_noamd,0.9585564,0.04144356
T0234.jpg,a_noamd,a_noamd,0.9563245,0.043675475
T0235.jpg,a_noamd,a_noamd,0.9545871,0.045412894
T0236.jpg,a_noamd,a_noamd,0.9476459,0.05235412
T0238.jpg,a_noamd,a_noamd,0.88282734,0.11717259
T0239.jpg,a_noamd,a_noamd,0.8410431,0.15895689
T0240.jpg,a_noamd,b_amd,0.076064184,0.9239358
T0241.jpg,a_noamd,a_noamd,0.95794123,0.042058807
T0242.jpg,a_noamd,b_amd,0.32370165,0.6762984
T0243.jpg,a_noamd,a_noamd,0.9623137,0.037686285
T0246.jpg,a_noamd,a_noamd,0.95262444,0.047375593
T0248.jpg,a_noamd,a_noamd,0.9564201,0.043579806
T0249.jpg,a_noamd,a_noamd,0.9545897,0.045410264
T0250.jpg,a_noamd,a_noamd,0.95643836,0.043561675
T0251.jpg,a_noamd,b_amd,0.46591508,0.5340849
T0253.jpg,a_noamd,a_noamd,0.8990512,0.100948796
T0256.jpg,a_noamd,a_noamd,0.953532,0.046468027
T0257.jpg,a_noamd,a_noamd,0.94680595,0.053194053
T0259.jpg,a_noamd,a_noamd,0.95174205,0.04825796
T0260.jpg,a_noamd,a_noamd,0.9509451,0.04905488
T0262.jpg,a_noamd,a_noamd,0.94255835,0.0574417
T0263.jpg,a_noamd,a_noamd,0.94861746,0.051382545
T0264.jpg,a_noamd,a_noamd,0.9576193,0.04238067
T0265.jpg,a_noamd,a_noamd,0.8362826,0.1637174
T0266.jpg,a_noamd,a_noamd,0.9642294,0.035770528
T0267.jpg,a_noamd,a_noamd,0.96321064,0.036789436
T0268.jpg,a_noamd,a_noamd,0.95612353,0.043876525
T0269.jpg,a_noamd,a_noamd,0.95485204,0.04514794
T0270.jpg,a_noamd,a_noamd,0.9215601,0.0784399
T0271.jpg,a_noamd,a_noamd,0.96950233,0.030497652
T0272.jpg,a_noamd,a_noamd,0.95613736,0.04386267
T0273.jpg,a_noamd,a_noamd,0.9650573,0.034942728
T0274.jpg,a_noamd,a_noamd,0.9469497,0.053050287
T0275.jpg,a_noamd,a_noamd,0.94860363,0.051396377
T0276.jpg,a_noamd,b_amd,0.044081982,0.955918
T0277.jpg,a_noamd,a_noamd,0.9508301,0.049169965
T0278.jpg,a_noamd,a_noamd,0.95088893,0.049111076
T0279.jpg,a_noamd,b_amd,0.09143768,0.90856236
T0280.jpg,a_noamd,a_noamd,0.95856637,0.04143359
T0281.jpg,a_noamd,a_noamd,0.92631584,0.0736841
T0282.jpg,a_noamd,a_noamd,0.96008486,0.03991517
T0283.jpg,a_noamd,b_amd,0.419727,0.580273
T0284.jpg,a_noamd,b_amd,0.08808532,0.91191465
T0285.jpg,a_noamd,a_noamd,0.96968937,0.0303106
T0287.jpg,a_noamd,a_noamd,0.9499223,0.050077707
T0288.jpg,a_noamd,a_noamd,0.9589647,0.041035246
T0289.jpg,a_noamd,a_noamd,0.94043195,0.059568007
T0290.jpg,a_noamd,a_noamd,0.9504391,0.049560897
T0292.jpg,a_noamd,a_noamd,0.956946,0.04305393
T0293.jpg,a_noamd,a_noamd,0.9590363,0.04096368
T0294.jpg,a_noamd,a_noamd,0.9608766,0.039123405
T0295.jpg,a_noamd,a_noamd,0.9496743,0.05032565
T0296.jpg,a_noamd,a_noamd,0.9490715,0.050928492
T0297.jpg,a_noamd,a_noamd,0.96192354,0.03807651
T0299.jpg,a_noamd,a_noamd,0.953135,0.04686493
T0300.jpg,a_noamd,a_noamd,0.9602883,0.039711654
T0302.jpg,a_noamd,a_noamd,0.9293077,0.07069234
T0303.jpg,a_noamd,a_noamd,0.96101326,0.03898668
T0304.jpg,a_noamd,a_noamd,0.94344085,0.0565592
T0305.jpg,a_noamd,a_noamd,0.9503545,0.04964548
T0306.jpg,a_noamd,a_noamd,0.9548204,0.045179624
T0308.jpg,a_noamd,a_noamd,0.5488238,0.45117623
T0309.jpg,a_noamd,a_noamd,0.9535198,0.046480164
T0310.jpg,a_noamd,a_noamd,0.9523091,0.047690894
T0311.jpg,a_noamd,a_noamd,0.9611603,0.038839757
T0312.jpg,a_noamd,a_noamd,0.85446763,0.14553238
T0313.jpg,a_noamd,b_amd,0.090370715,0.90962934
T0314.jpg,a_noamd,b_amd,0.050818,0.94918203
T0315.jpg,a_noamd,b_amd,0.133736,0.86626405
T0316.jpg,a_noamd,a_noamd,0.95703804,0.042961944
T0317.jpg,a_noamd,a_noamd,0.681503,0.31849697
T0318.jpg,a_noamd,a_noamd,0.9619503,0.038049694
T0319.jpg,a_noamd,a_noamd,0.9458651,0.054134905
T0320.jpg,a_noamd,b_amd,0.06940717,0.9305929
T0321.jpg,a_noamd,a_noamd,0.95612353,0.043876443
T0322.jpg,a_noamd,a_noamd,0.96134996,0.03865006
T0324.jpg,a_noamd,a_noamd,0.95024693,0.0497531
T0327.jpg,a_noamd,a_noamd,0.9459884,0.054011606
T0328.jpg,a_noamd,a_noamd,0.95584387,0.044156186
T0330.jpg,a_noamd,a_noamd,0.9626922,0.037307847
T0331.jpg,a_noamd,a_noamd,0.9168463,0.08315372
T0332.jpg,a_noamd,a_noamd,0.95838404,0.041615993
T0333.jpg,a_noamd,a_noamd,0.951206,0.048794
T0334.jpg,a_noamd,a_noamd,0.9561734,0.043826602
T0335.jpg,a_noamd,a_noamd,0.95381194,0.04618808
T0336.jpg,a_noamd,a_noamd,0.9532298,0.046770185
T0337.jpg,a_noamd,a_noamd,0.9556935,0.044306513
T0338.jpg,a_noamd,a_noamd,0.93439054,0.065609396
T0339.jpg,a_noamd,a_noamd,0.953434,0.04656603
T0340.jpg,a_noamd,a_noamd,0.9499055,0.050094433
T0341.jpg,a_noamd,b_amd,0.27902326,0.72097677
T0342.jpg,a_noamd,a_noamd,0.9551326,0.044867396
T0343.jpg,a_noamd,b_amd,0.047466025,0.952534
T0344.jpg,a_noamd,a_noamd,0.95261604,0.04738395
T0345.jpg,a_noamd,a_noamd,0.9523971,0.047602944
T0346.jpg,a_noamd,a_noamd,0.95358443,0.046415508
T0347.jpg,a_noamd,a_noamd,0.94066894,0.059331067
T0349.jpg,a_noamd,a_noamd,0.9555771,0.044422902
T0350.jpg,a_noamd,a_noamd,0.93207407,0.06792596
T0352.jpg,a_noamd,a_noamd,0.95634794,0.04365207
T0353.jpg,a_noamd,a_noamd,0.9594368,0.040563207
T0354.jpg,a_noamd,a_noamd,0.8971825,0.10281746
T0355.jpg,a_noamd,a_noamd,0.9644779,0.035522126
T0356.jpg,a_noamd,a_noamd,0.96080196,0.03919806
T0357.jpg,a_noamd,a_noamd,0.9599358,0.040064238
T0358.jpg,a_noamd,a_noamd,0.9489,0.051100004
T0359.jpg,a_noamd,a_noamd,0.9642559,0.035744134
T0360.jpg,a_noamd,a_noamd,0.9443024,0.055697665
T0362.jpg,a_noamd,a_noamd,0.9520552,0.047944818
T0363.jpg,a_noamd,b_amd,0.21211417,0.78788584
T0365.jpg,a_noamd,a_noamd,0.9470505,0.052949518
T0367.jpg,a_noamd,a_noamd,0.95496875,0.045031194
T0369.jpg,a_noamd,b_amd,0.05561864,0.94438136
T0370.jpg,a_noamd,a_noamd,0.94287795,0.057122007
T0371.jpg,a_noamd,a_noamd,0.9519857,0.048014272
T0373.jpg,a_noamd,a_noamd,0.9082197,0.09178025
T0374.jpg,a_noamd,a_noamd,0.9482787,0.051721342
T0375.jpg,a_noamd,a_noamd,0.95695823,0.043041714
T0376.jpg,a_noamd,a_noamd,0.951466,0.04853401
T0379.jpg,a_noamd,a_noamd,0.8887174,0.111282595
T0380.jpg,a_noamd,a_noamd,0.95803607,0.041963864
T0383.jpg,a_noamd,b_amd,0.054957062,0.9450429
T0384.jpg,a_noamd,a_noamd,0.9690805,0.030919474
T0385.jpg,a_noamd,a_noamd,0.95583624,0.044163793
T0387.jpg,a_noamd,a_noamd,0.95475876,0.045241185
T0388.jpg,a_noamd,a_noamd,0.94967896,0.05032106
T0389.jpg,a_noamd,a_noamd,0.953842,0.046157986
T0391.jpg,a_noamd,a_noamd,0.83388907,0.16611089
T0395.jpg,a_noamd,a_noamd,0.94948524,0.050514743
T0396.jpg,a_noamd,a_noamd,0.95709497,0.042905048
T0397.jpg,a_noamd,a_noamd,0.59506565,0.4049344
T0398.jpg,a_noamd,b_amd,0.16765432,0.8323457
T0399.jpg,a_noamd,a_noamd,0.9526734,0.047326688
T0400.jpg,a_noamd,b_amd,0.044481363,0.95551866
V0001.jpg,a_noamd,b_amd,0.043840423,0.9561596
V0002.jpg,a_noamd,a_noamd,0.9487624,0.051237654
V0003.jpg,a_noamd,a_noamd,0.94981873,0.050181247
V0004.jpg,a_noamd,a_noamd,0.6777262,0.32227385
V0005.jpg,a_noamd,a_noamd,0.9667059,0.033294085
V0006.jpg,a_noamd,a_noamd,0.9538772,0.046122838
V0007.jpg,a_noamd,b_amd,0.43756533,0.56243473
V0008.jpg,a_noamd,b_amd,0.059465278,0.9405348
V0010.jpg,a_noamd,a_noamd,0.95223016,0.047769807
V0011.jpg,a_noamd,a_noamd,0.9552415,0.044758555
V0012.jpg,a_noamd,a_noamd,0.9609186,0.039081424
V0014.jpg,a_noamd,a_noamd,0.91324127,0.08675874
V0015.jpg,a_noamd,a_noamd,0.96882105,0.031178957
V0016.jpg,a_noamd,a_noamd,0.95201576,0.047984272
V0017.jpg,a_noamd,a_noamd,0.96149945,0.038500477
V0018.jpg,a_noamd,b_amd,0.05434827,0.9456517
V0019.jpg,a_noamd,a_noamd,0.94680566,0.053194318
V0020.jpg,a_noamd,a_noamd,0.9507884,0.049211625
V0021.jpg,a_noamd,b_amd,0.12356409,0.8764359
V0023.jpg,a_noamd,a_noamd,0.951413,0.04858702
V0024.jpg,a_noamd,a_noamd,0.9625933,0.03740672
V0025.jpg,a_noamd,a_noamd,0.9584425,0.04155753
V0026.jpg,a_noamd,a_noamd,0.94422346,0.0557765
V0027.jpg,a_noamd,a_noamd,0.7749406,0.2250594
V0028.jpg,a_noamd,a_noamd,0.9510265,0.0489735
V0029.jpg,a_noamd,a_noamd,0.96733975,0.03266019
V0031.jpg,a_noamd,b_amd,0.42858884,0.57141113
V0032.jpg,a_noamd,a_noamd,0.95817614,0.04182382
V0035.jpg,a_noamd,a_noamd,0.95149153,0.0485085
V0036.jpg,a_noamd,a_noamd,0.9583135,0.041686453
V0037.jpg,a_noamd,a_noamd,0.9454265,0.05457341
V0038.jpg,a_noamd,a_noamd,0.78661186,0.21338812
V0039.jpg,a_noamd,a_noamd,0.9626135,0.03738646
V0040.jpg,a_noamd,a_noamd,0.9549075,0.045092557
V0041.jpg,a_noamd,a_noamd,0.96106714,0.03893285
V0042.jpg,a_noamd,a_noamd,0.95623547,0.04376457
V0044.jpg,a_noamd,a_noamd,0.95393896,0.046061028
V0045.jpg,a_noamd,b_amd,0.080501534,0.91949844
V0046.jpg,a_noamd,a_noamd,0.90452236,0.09547762
V0047.jpg,a_noamd,a_noamd,0.9491027,0.050897326
V0049.jpg,a_noamd,a_noamd,0.9634414,0.036558606
V0052.jpg,a_noamd,a_noamd,0.95732856,0.042671375
V0053.jpg,a_noamd,a_noamd,0.91191155,0.088088475
V0054.jpg,a_noamd,b_amd,0.39208862,0.60791135
V0055.jpg,a_noamd,a_noamd,0.9515536,0.04844641
V0056.jpg,a_noamd,b_amd,0.057037674,0.94296235
V0057.jpg,a_noamd,a_noamd,0.94861895,0.05138102
V0058.jpg,a_noamd,b_amd,0.30424854,0.6957515
V0059.jpg,a_noamd,a_noamd,0.952649,0.047350984
V0060.jpg,a_noamd,a_noamd,0.8299378,0.17006218
V0062.jpg,a_noamd,a_noamd,0.95733184,0.042668156
V0064.jpg,a_noamd,b_amd,0.17535873,0.8246413
V0065.jpg,a_noamd,a_noamd,0.96343243,0.03656757
V0066.jpg,a_noamd,a_noamd,0.9501859,0.049814034
V0067.jpg,a_noamd,b_amd,0.15084462,0.84915537
V0068.jpg,a_noamd,a_noamd,0.9561791,0.043820865
V0069.jpg,a_noamd,a_noamd,0.9551207,0.044879362
V0070.jpg,a_noamd,a_noamd,0.9484323,0.051567655
V0071.jpg,a_noamd,b_amd,0.23136441,0.76863563
V0072.jpg,a_noamd,a_noamd,0.9508473,0.049152717
V0073.jpg,a_noamd,a_noamd,0.9614459,0.038554028
V0074.jpg,a_noamd,b_amd,0.09428451,0.90571547
V0075.jpg,a_noamd,a_noamd,0.94927096,0.050728988
V0076.jpg,a_noamd,a_noamd,0.9514533,0.04854668
V0077.jpg,a_noamd,a_noamd,0.9478091,0.052190945
V0079.jpg,a_noamd,a_noamd,0.96213853,0.03786148
V0081.jpg,a_noamd,a_noamd,0.8231097,0.17689031
V0082.jpg,a_noamd,a_noamd,0.96223223,0.03776775
V0084.jpg,a_noamd,b_amd,0.26213658,0.73786336
V0086.jpg,a_noamd,a_noamd,0.86033255,0.13966742
V0088.jpg,a_noamd,a_noamd,0.9521287,0.04787136
V0090.jpg,a_noamd,a_noamd,0.95868284,0.041317184
V0092.jpg,a_noamd,a_noamd,0.9506502,0.049349785
V0094.jpg,a_noamd,a_noamd,0.9489186,0.051081445
V0095.jpg,a_noamd,a_noamd,0.9618782,0.038121775
V0096.jpg,a_noamd,a_noamd,0.95360464,0.0463954
V0097.jpg,a_noamd,a_noamd,0.7674705,0.23252954
V0098.jpg,a_noamd,a_noamd,0.9539706,0.046029422
V0100.jpg,a_noamd,b_amd,0.05553209,0.9444679
V0101.jpg,a_noamd,a_noamd,0.95481473,0.045185238
V0102.jpg,a_noamd,a_noamd,0.95779413,0.042205855
V0104.jpg,a_noamd,a_noamd,0.96035767,0.039642315
V0107.jpg,a_noamd,a_noamd,0.95699894,0.043000974
V0109.jpg,a_noamd,a_noamd,0.9502528,0.04974727
V0110.jpg,a_noamd,a_noamd,0.9518833,0.0481167
V0112.jpg,a_noamd,b_amd,0.22966294,0.770337
V0113.jpg,a_noamd,a_noamd,0.95387334,0.04612665
V0114.jpg,a_noamd,a_noamd,0.86765647,0.13234349
V0116.jpg,a_noamd,a_noamd,0.96163106,0.038368925
V0118.jpg,a_noamd,a_noamd,0.9609736,0.039026383
V0120.jpg,a_noamd,a_noamd,0.9658998,0.034100242
V0121.jpg,a_noamd,a_noamd,0.9609055,0.039094534
V0122.jpg,a_noamd,a_noamd,0.9556537,0.044346254
V0123.jpg,a_noamd,a_noamd,0.9533392,0.046660837
V0124.jpg,a_noamd,a_noamd,0.96109825,0.03890173
V0126.jpg,a_noamd,a_noamd,0.96587247,0.03412754
V0127.jpg,a_noamd,a_noamd,0.9555453,0.044454638
V0128.jpg,a_noamd,a_noamd,0.958639,0.04136101
V0130.jpg,a_noamd,a_noamd,0.9584721,0.041527953
V0131.jpg,a_noamd,a_noamd,0.9528199,0.047180105
V0132.jpg,a_noamd,a_noamd,0.95792,0.042079944
V0134.jpg,a_noamd,a_noamd,0.95589364,0.04410634
V0136.jpg,a_noamd,a_noamd,0.90363187,0.09636818
V0137.jpg,a_noamd,a_noamd,0.9504575,0.0495425
V0138.jpg,a_noamd,a_noamd,0.93495804,0.06504202
V0139.jpg,a_noamd,a_noamd,0.96303713,0.036962852
V0140.jpg,a_noamd,a_noamd,0.9509066,0.049093377
V0142.jpg,a_noamd,b_amd,0.053197157,0.94680285
V0143.jpg,a_noamd,a_noamd,0.96545315,0.03454682
V0144.jpg,a_noamd,a_noamd,0.96807575,0.031924225
V0145.jpg,a_noamd,a_noamd,0.9600059,0.039994083
V0148.jpg,a_noamd,a_noamd,0.94742876,0.05257124
V0149.jpg,a_noamd,a_noamd,0.9642838,0.035716176
V0150.jpg,a_noamd,a_noamd,0.95520407,0.044795908
V0153.jpg,a_noamd,a_noamd,0.9527611,0.047238953
V0154.jpg,a_noamd,b_amd,0.049111925,0.95088804
V0155.jpg,a_noamd,a_noamd,0.9574149,0.04258506
V0156.jpg,a_noamd,a_noamd,0.9564034,0.04359665
V0157.jpg,a_noamd,a_noamd,0.95618737,0.043812618
V0160.jpg,a_noamd,a_noamd,0.94051725,0.059482776
V0162.jpg,a_noamd,a_noamd,0.93364924,0.06635075
V0163.jpg,a_noamd,a_noamd,0.9481562,0.051843815
V0164.jpg,a_noamd,b_amd,0.06898877,0.93101126
V0165.jpg,a_noamd,a_noamd,0.9555796,0.044420358
V0166.jpg,a_noamd,a_noamd,0.9557591,0.044240847
V0167.jpg,a_noamd,a_noamd,0.9514893,0.048510663
V0168.jpg,a_noamd,a_noamd,0.95028216,0.049717817
V0169.jpg,a_noamd,a_noamd,0.94698423,0.053015757
V0171.jpg,a_noamd,a_noamd,0.95505106,0.04494897
V0174.jpg,a_noamd,a_noamd,0.95784575,0.042154275
V0175.jpg,a_noamd,a_noamd,0.95244426,0.047555722
V0176.jpg,a_noamd,a_noamd,0.53520113,0.46479884
V0177.jpg,a_noamd,a_noamd,0.9390013,0.060998693
V0178.jpg,a_noamd,a_noamd,0.9513142,0.048685778
V0179.jpg,a_noamd,a_noamd,0.94657755,0.053422477
V0181.jpg,a_noamd,a_noamd,0.9519713,0.04802869
V0183.jpg,a_noamd,a_noamd,0.92135626,0.07864373
V0184.jpg,a_noamd,a_noamd,0.95191425,0.048085738
V0185.jpg,a_noamd,a_noamd,0.80878717,0.19121279
V0186.jpg,a_noamd,a_noamd,0.76133364,0.23866631
V0189.jpg,a_noamd,b_amd,0.40805662,0.5919434
V0191.jpg,a_noamd,a_noamd,0.9526251,0.047374874
V0192.jpg,a_noamd,a_noamd,0.94115746,0.058842488
V0193.jpg,a_noamd,a_noamd,0.89270025,0.10729968
V0194.jpg,a_noamd,a_noamd,0.5905694,0.40943065
V0195.jpg,a_noamd,a_noamd,0.9591106,0.040889338
V0197.jpg,a_noamd,a_noamd,0.9505504,0.04944963
V0198.jpg,a_noamd,a_noamd,0.95770705,0.042292897
V0199.jpg,a_noamd,a_noamd,0.8870692,0.112930804
V0200.jpg,a_noamd,a_noamd,0.94982916,0.05017081
V0201.jpg,a_noamd,a_noamd,0.9448168,0.055183172
V0202.jpg,a_noamd,a_noamd,0.9491528,0.050847217
V0203.jpg,a_noamd,a_noamd,0.9391473,0.06085272
V0204.jpg,a_noamd,a_noamd,0.9512665,0.048733477
V0205.jpg,a_noamd,a_noamd,0.9502141,0.04978592
V0206.jpg,a_noamd,a_noamd,0.9609111,0.03908892
V0207.jpg,a_noamd,a_noamd,0.9438374,0.056162607
V0208.jpg,a_noamd,a_noamd,0.8993259,0.1006741
V0209.jpg,a_noamd,a_noamd,0.96361417,0.03638581
V0210.jpg,a_noamd,a_noamd,0.9684889,0.031511102
V0211.jpg,a_noamd,a_noamd,0.96313775,0.0368623
V0212.jpg,a_noamd,a_noamd,0.95047593,0.049524024
V0213.jpg,a_noamd,a_noamd,0.96555424,0.034445733
V0214.jpg,a_noamd,a_noamd,0.9354796,0.064520486
V0215.jpg,a_noamd,a_noamd,0.9563223,0.043677624
V0216.jpg,a_noamd,a_noamd,0.938522,0.06147797
V0217.jpg,a_noamd,a_noamd,0.9544582,0.045541838
V0219.jpg,a_noamd,a_noamd,0.9578862,0.042113736
V0220.jpg,a_noamd,a_noamd,0.94900024,0.050999727
V0221.jpg,a_noamd,a_noamd,0.9618268,0.038173195
V0222.jpg,a_noamd,a_noamd,0.62962073,0.37037933
V0223.jpg,a_noamd,a_noamd,0.93921834,0.060781647
V0224.jpg,a_noamd,b_amd,0.05351063,0.94648945
V0225.jpg,a_noamd,a_noamd,0.9584335,0.041566495
V0226.jpg,a_noamd,a_noamd,0.9663005,0.033699565
V0228.jpg,a_noamd,a_noamd,0.95218307,0.047816984
V0229.jpg,a_noamd,a_noamd,0.9478201,0.05217988
V0230.jpg,a_noamd,a_noamd,0.95526856,0.044731427
V0231.jpg,a_noamd,a_noamd,0.9527651,0.047234938
V0232.jpg,a_noamd,a_noamd,0.9512024,0.048797652
V0234.jpg,a_noamd,a_noamd,0.9623732,0.037626814
V0235.jpg,a_noamd,b_amd,0.2197,0.78029996
V0236.jpg,a_noamd,a_noamd,0.9541789,0.045821
V0238.jpg,a_noamd,a_noamd,0.9603203,0.03967974
V0239.jpg,a_noamd,b_amd,0.05050354,0.9494965
V0240.jpg,a_noamd,a_noamd,0.9577229,0.042277023
V0241.jpg,a_noamd,a_noamd,0.94304955,0.056950424
V0242.jpg,a_noamd,b_amd,0.05381198,0.94618803
V0243.jpg,a_noamd,a_noamd,0.94077665,0.059223402
V0244.jpg,a_noamd,a_noamd,0.9528123,0.047187693
V0246.jpg,a_noamd,a_noamd,0.9524168,0.04758317
V0247.jpg,a_noamd,a_noamd,0.9509463,0.049053688
V0249.jpg,a_noamd,a_noamd,0.9366697,0.06333024
V0250.jpg,a_noamd,a_noamd,0.9589528,0.041047197
V0252.jpg,a_noamd,a_noamd,0.9567511,0.043248963
V0253.jpg,a_noamd,a_noamd,0.94926345,0.05073658
V0254.jpg,a_noamd,a_noamd,0.5021411,0.4978589
V0255.jpg,a_noamd,a_noamd,0.95350426,0.04649574
V0256.jpg,a_noamd,a_noamd,0.83450276,0.16549724
V0257.jpg,a_noamd,a_noamd,0.96266294,0.03733712
V0259.jpg,a_noamd,a_noamd,0.9509108,0.04908917
V0260.jpg,a_noamd,a_noamd,0.9488008,0.051199198
V0261.jpg,a_noamd,a_noamd,0.9607588,0.039241184
V0262.jpg,a_noamd,a_noamd,0.9524145,0.047585454
V0263.jpg,a_noamd,a_noamd,0.9635163,0.0364837
V0265.jpg,a_noamd,a_noamd,0.9482821,0.051717866
V0266.jpg,a_noamd,b_amd,0.07273174,0.9272682
V0268.jpg,a_noamd,a_noamd,0.91286695,0.08713312
V0270.jpg,a_noamd,a_noamd,0.95740956,0.042590465
V0271.jpg,a_noamd,a_noamd,0.93313384,0.06686616
V0272.jpg,a_noamd,a_noamd,0.951266,0.04873398
V0273.jpg,a_noamd,a_noamd,0.9572612,0.04273881
V0274.jpg,a_noamd,a_noamd,0.9714807,0.02851924
V0275.jpg,a_noamd,a_noamd,0.885228,0.11477202
V0276.jpg,a_noamd,a_noamd,0.9540218,0.04597817
V0277.jpg,a_noamd,a_noamd,0.9613418,0.038658146
V0278.jpg,a_noamd,a_noamd,0.9561366,0.043863446
V0279.jpg,a_noamd,a_noamd,0.87969416,0.12030581
V0280.jpg,a_noamd,a_noamd,0.9557269,0.04427309
V0283.jpg,a_noamd,a_noamd,0.9502257,0.049774285
V0285.jpg,a_noamd,b_amd,0.077823594,0.9221764
V0286.jpg,a_noamd,a_noamd,0.9538743,0.046125706
V0287.jpg,a_noamd,a_noamd,0.95510906,0.044890918
V0288.jpg,a_noamd,a_noamd,0.9608834,0.03911658
V0289.jpg,a_noamd,a_noamd,0.9646332,0.035366766
V0290.jpg,a_noamd,a_noamd,0.9649647,0.03503535
V0291.jpg,a_noamd,b_amd,0.05335839,0.9466416
V0292.jpg,a_noamd,b_amd,0.07751072,0.9224892
V0293.jpg,a_noamd,a_noamd,0.939624,0.060376044
V0294.jpg,a_noamd,a_noamd,0.94641256,0.05358743
V0295.jpg,a_noamd,a_noamd,0.7009572,0.2990428
V0296.jpg,a_noamd,a_noamd,0.9480385,0.051961515
V0298.jpg,a_noamd,a_noamd,0.9599492,0.040050823
V0299.jpg,a_noamd,a_noamd,0.955721,0.044278994
V0300.jpg,a_noamd,a_noamd,0.9601719,0.039828125
V0301.jpg,a_noamd,a_noamd,0.9497253,0.05027478
V0302.jpg,a_noamd,a_noamd,0.9507581,0.049241934
V0303.jpg,a_noamd,a_noamd,0.9488346,0.051165387
V0304.jpg,a_noamd,a_noamd,0.954437,0.045563024
V0305.jpg,a_noamd,a_noamd,0.9597439,0.0402561
V0306.jpg,a_noamd,a_noamd,0.94776195,0.05223807
V0307.jpg,a_noamd,a_noamd,0.9514941,0.048505902
V0308.jpg,a_noamd,a_noamd,0.95936185,0.04063813
V0309.jpg,a_noamd,b_amd,0.08374932,0.9162507
V0310.jpg,a_noamd,b_amd,0.050152812,0.9498472
V0311.jpg,a_noamd,a_noamd,0.9418433,0.05815671
V0312.jpg,a_noamd,a_noamd,0.94985175,0.050148226
V0313.jpg,a_noamd,a_noamd,0.95386136,0.04613862
V0314.jpg,a_noamd,a_noamd,0.95011157,0.049888503
V0315.jpg,a_noamd,a_noamd,0.9622448,0.037755143
V0316.jpg,a_noamd,a_noamd,0.9688738,0.031126168
V0317.jpg,a_noamd,a_noamd,0.8786034,0.121396616
V0318.jpg,a_noamd,a_noamd,0.8177849,0.18221508
V0320.jpg,a_noamd,a_noamd,0.953772,0.046227988
V0321.jpg,a_noamd,a_noamd,0.70900184,0.29099813
V0322.jpg,a_noamd,a_noamd,0.89822483,0.10177517
V0324.jpg,a_noamd,a_noamd,0.9566399,0.043360114
V0325.jpg,a_noamd,a_noamd,0.9047282,0.09527177
V0328.jpg,a_noamd,a_noamd,0.9551884,0.04481157
V0329.jpg,a_noamd,a_noamd,0.9668528,0.033147283
V0332.jpg,a_noamd,a_noamd,0.96361095,0.036389027
V0333.jpg,a_noamd,a_noamd,0.9535528,0.046447262
V0335.jpg,a_noamd,a_noamd,0.95941824,0.04058178
V0336.jpg,a_noamd,a_noamd,0.9631441,0.036855847
V0338.jpg,a_noamd,a_noamd,0.93014693,0.06985304
V0339.jpg,a_noamd,a_noamd,0.9554818,0.044518165
V0340.jpg,a_noamd,a_noamd,0.895744,0.10425598
V0341.jpg,a_noamd,a_noamd,0.95670515,0.043294877
V0342.jpg,a_noamd,b_amd,0.044125836,0.95587415
V0343.jpg,a_noamd,a_noamd,0.95816183,0.041838136
V0345.jpg,a_noamd,a_noamd,0.96246475,0.037535228
V0346.jpg,a_noamd,a_noamd,0.9505684,0.049431585
V0347.jpg,a_noamd,a_noamd,0.9498813,0.050118696
V0348.jpg,a_noamd,a_noamd,0.9462354,0.05376458
V0349.jpg,a_noamd,a_noamd,0.9475193,0.05248071
V0350.jpg,a_noamd,b_amd,0.022053212,0.97794676
V0351.jpg,a_noamd,a_noamd,0.9539155,0.04608454
V0353.jpg,a_noamd,a_noamd,0.9596927,0.04030728
V0355.jpg,a_noamd,a_noamd,0.9484931,0.051506825
V0356.jpg,a_noamd,a_noamd,0.93386275,0.066137284
V0358.jpg,a_noamd,a_noamd,0.9485593,0.051440682
V0359.jpg,a_noamd,b_amd,0.35277727,0.64722276
V0361.jpg,a_noamd,a_noamd,0.9595452,0.040454764
V0362.jpg,a_noamd,b_amd,0.06560176,0.93439823
V0364.jpg,a_noamd,a_noamd,0.9528272,0.047172785
V0365.jpg,a_noamd,b_amd,0.28353032,0.71646965
V0366.jpg,a_noamd,a_noamd,0.7356324,0.26436758
V0367.jpg,a_noamd,b_amd,0.36845577,0.63154423
V0370.jpg,a_noamd,a_noamd,0.96386415,0.03613585
V0371.jpg,a_noamd,a_noamd,0.9562793,0.04372068
V0372.jpg,a_noamd,a_noamd,0.92374927,0.07625076
V0373.jpg,a_noamd,a_noamd,0.9581838,0.041816138
V0374.jpg,a_noamd,a_noamd,0.96627396,0.033726063
V0376.jpg,a_noamd,a_noamd,0.9505663,0.04943367
V0377.jpg,a_noamd,a_noamd,0.95511633,0.044883728
V0378.jpg,a_noamd,a_noamd,0.95338243,0.046617538
V0381.jpg,a_noamd,a_noamd,0.9552265,0.044773508
V0382.jpg,a_noamd,a_noamd,0.95702606,0.042973984
V0383.jpg,a_noamd,a_noamd,0.92688143,0.07311852
V0384.jpg,a_noamd,a_noamd,0.8152951,0.18470488
V0385.jpg,a_noamd,a_noamd,0.95139253,0.048607387
V0386.jpg,a_noamd,a_noamd,0.9522463,0.04775376
V0387.jpg,a_noamd,a_noamd,0.9514,0.04859994
V0389.jpg,a_noamd,a_noamd,0.933748,0.06625197
V0391.jpg,a_noamd,a_noamd,0.5616658,0.43833423
V0393.jpg,a_noamd,a_noamd,0.9618448,0.038155194
V0394.jpg,a_noamd,a_noamd,0.9539112,0.04608886
V0395.jpg,a_noamd,a_noamd,0.95802337,0.04197658
V0396.jpg,a_noamd,a_noamd,0.95023733,0.04976262
V0398.jpg,a_noamd,a_noamd,0.9509909,0.04900915
V0400.jpg,a_noamd,a_noamd,0.90630275,0.09369728
A0001.jpg,b_amd,b_amd,0.099162124,0.9008379
A0002.jpg,b_amd,b_amd,0.063609116,0.9363909
A0003.jpg,b_amd,b_amd,0.057348058,0.942652
A0004.jpg,b_amd,b_amd,0.060486186,0.9395138
A0005.jpg,b_amd,b_amd,0.088071324,0.91192865
A0006.jpg,b_amd,a_noamd,0.9475834,0.052416556
A0007.jpg,b_amd,b_amd,0.066825986,0.933174
A0008.jpg,b_amd,b_amd,0.054484803,0.9455152
A0009.jpg,b_amd,b_amd,0.04767139,0.9523287
A0010.jpg,b_amd,b_amd,0.045589074,0.954411
A0011.jpg,b_amd,b_amd,0.31459945,0.68540055
A0012.jpg,b_amd,b_amd,0.04438661,0.9556133
A0013.jpg,b_amd,b_amd,0.041309908,0.95869005
A0014.jpg,b_amd,a_noamd,0.9513579,0.048642095
A0015.jpg,b_amd,b_amd,0.117455594,0.88254446
A0016.jpg,b_amd,b_amd,0.043536358,0.95646363
A0017.jpg,b_amd,b_amd,0.041182023,0.95881796
A0018.jpg,b_amd,a_noamd,0.9223172,0.077682786
A0019.jpg,b_amd,b_amd,0.046442214,0.9535578
A0020.jpg,b_amd,b_amd,0.049841598,0.95015836
A0021.jpg,b_amd,b_amd,0.09699309,0.9030069
A0022.jpg,b_amd,b_amd,0.049108922,0.9508911
A0023.jpg,b_amd,b_amd,0.060659535,0.9393405
A0024.jpg,b_amd,a_noamd,0.9482818,0.05171823
A0025.jpg,b_amd,a_noamd,0.8122394,0.18776056
A0026.jpg,b_amd,a_noamd,0.89731246,0.10268755
A0027.jpg,b_amd,b_amd,0.052575022,0.947425
A0028.jpg,b_amd,b_amd,0.051678993,0.94832104
A0029.jpg,b_amd,a_noamd,0.68621504,0.31378493
A0030.jpg,b_amd,a_noamd,0.96060544,0.03939462
A0031.jpg,b_amd,b_amd,0.18578507,0.81421494
A0032.jpg,b_amd,b_amd,0.05299627,0.9470037
A0033.jpg,b_amd,a_noamd,0.5524617,0.44753835
A0034.jpg,b_amd,b_amd,0.07744278,0.92255723
A0035.jpg,b_amd,b_amd,0.0775739,0.92242604
A0036.jpg,b_amd,b_amd,0.051727526,0.94827247
A0037.jpg,b_amd,b_amd,0.0534865,0.9465135
A0038.jpg,b_amd,b_amd,0.15524462,0.8447554
A0039.jpg,b_amd,b_amd,0.05148265,0.9485174
A0040.jpg,b_amd,a_noamd,0.6430131,0.35698685
A0041.jpg,b_amd,a_noamd,0.7816981,0.2183019
A0042.jpg,b_amd,b_amd,0.42478028,0.57521975
A0043.jpg,b_amd,b_amd,0.057390112,0.9426099
A0044.jpg,b_amd,b_amd,0.07921984,0.9207801
A0045.jpg,b_amd,a_noamd,0.77561945,0.22438055
A0046.jpg,b_amd,b_amd,0.047246475,0.95275354
A0047.jpg,b_amd,b_amd,0.071607016,0.92839295
A0048.jpg,b_amd,b_amd,0.060254022,0.939746
A0049.jpg,b_amd,b_amd,0.053730592,0.9462694
A0050.jpg,b_amd,b_amd,0.061002187,0.9389978
A0051.jpg,b_amd,a_noamd,0.70900184,0.29099813
A0052.jpg,b_amd,b_amd,0.124374,0.87562597
A0053.jpg,b_amd,b_amd,0.090627015,0.90937304
A0054.jpg,b_amd,a_noamd,0.5435577,0.45644227
A0055.jpg,b_amd,a_noamd,0.9330236,0.06697645
A0056.jpg,b_amd,b_amd,0.04819903,0.95180094
A0057.jpg,b_amd,b_amd,0.048466265,0.95153373
A0058.jpg,b_amd,b_amd,0.07156851,0.9284315
A0059.jpg,b_amd,b_amd,0.26312858,0.73687136
A0060.jpg,b_amd,b_amd,0.063015394,0.93698466
A0061.jpg,b_amd,b_amd,0.09486737,0.9051326
A0062.jpg,b_amd,b_amd,0.049835797,0.9501642
A0063.jpg,b_amd,b_amd,0.058312263,0.9416877
A0064.jpg,b_amd,b_amd,0.031142097,0.9688579
A0065.jpg,b_amd,b_amd,0.48499343,0.5150066
A0066.jpg,b_amd,b_amd,0.05990819,0.9400918
A0067.jpg,b_amd,b_amd,0.045824558,0.9541755
A0068.jpg,b_amd,b_amd,0.053402122,0.9465978
A0069.jpg,b_amd,b_amd,0.04433775,0.9556622
A0070.jpg,b_amd,b_amd,0.096539915,0.9034601
A0071.jpg,b_amd,b_amd,0.0470757,0.9529243
A0072.jpg,b_amd,b_amd,0.05668666,0.9433133
A0073.jpg,b_amd,a_noamd,0.9606554,0.039344646
A0074.jpg,b_amd,a_noamd,0.6718029,0.3281971
A0075.jpg,b_amd,b_amd,0.058301367,0.9416986
A0076.jpg,b_amd,b_amd,0.052149504,0.9478505
A0077.jpg,b_amd,b_amd,0.07822888,0.92177117
A0078.jpg,b_amd,a_noamd,0.9307672,0.06923281
A0079.jpg,b_amd,a_noamd,0.9618831,0.03811681
A0080.jpg,b_amd,b_amd,0.05720506,0.942795
A0081.jpg,b_amd,b_amd,0.04607196,0.953928
A0082.jpg,b_amd,a_noamd,0.93466383,0.06533616
A0083.jpg,b_amd,b_amd,0.35730752,0.6426925
A0084.jpg,b_amd,b_amd,0.050506704,0.9494933
A0085.jpg,b_amd,b_amd,0.055050436,0.9449495
A0086.jpg,b_amd,b_amd,0.049957905,0.9500421
A0087.jpg,b_amd,b_amd,0.050843637,0.9491564
A0088.jpg,b_amd,b_amd,0.039722864,0.9602772
A0089.jpg,b_amd,b_amd,0.17258309,0.8274169
T0003.jpg,b_amd,b_amd,0.1739602,0.82603985
T0004.jpg,b_amd,b_amd,0.08312529,0.91687477
T0010.jpg,b_amd,b_amd,0.056073457,0.9439265
T0015.jpg,b_amd,b_amd,0.05457373,0.9454262
T0021.jpg,b_amd,b_amd,0.10673683,0.8932632
T0024.jpg,b_amd,b_amd,0.27837434,0.7216256
T0026.jpg,b_amd,b_amd,0.05802995,0.94197005
T0030.jpg,b_amd,b_amd,0.043247424,0.9567526
T0038.jpg,b_amd,b_amd,0.042802315,0.9571977
T0043.jpg,b_amd,a_noamd,0.80615103,0.19384895
T0045.jpg,b_amd,b_amd,0.056575745,0.9434243
T0048.jpg,b_amd,b_amd,0.058948714,0.94105124
T0051.jpg,b_amd,b_amd,0.042174034,0.95782596
T0052.jpg,b_amd,b_amd,0.048954293,0.9510457
T0053.jpg,b_amd,b_amd,0.09328235,0.90671766
T0056.jpg,b_amd,b_amd,0.49428898,0.505711
T0057.jpg,b_amd,b_amd,0.044120636,0.95587933
T0059.jpg,b_amd,a_noamd,0.9457464,0.054253608
T0071.jpg,b_amd,b_amd,0.48865148,0.51134855
T0072.jpg,b_amd,b_amd,0.062827244,0.9371728
T0073.jpg,b_amd,a_noamd,0.95774436,0.042255655
T0083.jpg,b_amd,b_amd,0.09382861,0.9061714
T0086.jpg,b_amd,b_amd,0.11205188,0.8879481
T0089.jpg,b_amd,b_amd,0.054464478,0.94553554
T0105.jpg,b_amd,b_amd,0.03774782,0.96225226
T0107.jpg,b_amd,b_amd,0.21749948,0.78250057
T0112.jpg,b_amd,b_amd,0.21517299,0.78482705
T0118.jpg,b_amd,b_amd,0.04499627,0.9550038
T0120.jpg,b_amd,a_noamd,0.81408334,0.18591659
T0127.jpg,b_amd,a_noamd,0.7128785,0.28712144
T0129.jpg,b_amd,b_amd,0.058646567,0.9413534
T0134.jpg,b_amd,a_noamd,0.936429,0.06357094
T0147.jpg,b_amd,b_amd,0.045900214,0.9540997
T0148.jpg,b_amd,b_amd,0.03630434,0.96369565
T0150.jpg,b_amd,b_amd,0.23803094,0.76196903
T0152.jpg,b_amd,b_amd,0.057549633,0.94245034
T0154.jpg,b_amd,b_amd,0.056536183,0.94346386
T0159.jpg,b_amd,a_noamd,0.9314383,0.06856172
T0164.jpg,b_amd,b_amd,0.062275156,0.9377248
T0165.jpg,b_amd,b_amd,0.04248315,0.95751685
T0166.jpg,b_amd,b_amd,0.040156316,0.95984375
T0170.jpg,b_amd,b_amd,0.06567773,0.9343223
T0172.jpg,b_amd,b_amd,0.049056794,0.95094323
T0176.jpg,b_amd,b_amd,0.3360355,0.66396445
T0183.jpg,b_amd,b_amd,0.0504182,0.94958174
T0188.jpg,b_amd,b_amd,0.06838447,0.93161553
T0189.jpg,b_amd,b_amd,0.054684896,0.9453151
T0190.jpg,b_amd,b_amd,0.06691768,0.93308234
T0193.jpg,b_amd,b_amd,0.058714066,0.9412859
T0198.jpg,b_amd,a_noamd,0.9564208,0.043579213
T0201.jpg,b_amd,b_amd,0.074378066,0.9256219
T0209.jpg,b_amd,b_amd,0.04627079,0.9537292
T0219.jpg,b_amd,b_amd,0.059376217,0.94062376
T0226.jpg,b_amd,a_noamd,0.9294849,0.07051505
T0227.jpg,b_amd,a_noamd,0.9249258,0.07507424
T0237.jpg,b_amd,b_amd,0.070897885,0.92910206
T0244.jpg,b_amd,b_amd,0.043018993,0.95698094
T0245.jpg,b_amd,b_amd,0.044437964,0.95556206
T0247.jpg,b_amd,b_amd,0.0486272,0.9513728
T0252.jpg,b_amd,b_amd,0.027048979,0.97295105
T0254.jpg,b_amd,b_amd,0.05619989,0.94380015
T0255.jpg,b_amd,b_amd,0.05660325,0.9433967
T0258.jpg,b_amd,b_amd,0.046611108,0.9533889
T0261.jpg,b_amd,b_amd,0.05093992,0.9490601
T0286.jpg,b_amd,b_amd,0.051129263,0.94887066
T0291.jpg,b_amd,a_noamd,0.92456,0.07544002
T0298.jpg,b_amd,b_amd,0.054216675,0.9457833
T0301.jpg,b_amd,b_amd,0.050117854,0.94988215
T0307.jpg,b_amd,a_noamd,0.9229499,0.077050075
T0323.jpg,b_amd,b_amd,0.048563484,0.95143646
T0325.jpg,b_amd,b_amd,0.049822565,0.95017743
T0326.jpg,b_amd,b_amd,0.06287484,0.9371251
T0329.jpg,b_amd,b_amd,0.08894243,0.91105753
T0348.jpg,b_amd,b_amd,0.028725991,0.971274
T0351.jpg,b_amd,b_amd,0.080843315,0.9191567
T0361.jpg,b_amd,b_amd,0.049913257,0.9500868
T0364.jpg,b_amd,a_noamd,0.9437476,0.05625242
T0366.jpg,b_amd,b_amd,0.04051669,0.9594833
T0368.jpg,b_amd,a_noamd,0.94719267,0.052807316
T0372.jpg,b_amd,b_amd,0.050156135,0.9498439
T0377.jpg,b_amd,b_amd,0.19941399,0.800586
T0378.jpg,b_amd,b_amd,0.43664357,0.5633564
T0381.jpg,b_amd,b_amd,0.071316384,0.92868364
T0382.jpg,b_amd,a_noamd,0.9603083,0.039691694
T0386.jpg,b_amd,b_amd,0.04763518,0.9523648
T0390.jpg,b_amd,b_amd,0.08492006,0.9150799
T0392.jpg,b_amd,b_amd,0.08797657,0.9120234
T0393.jpg,b_amd,a_noamd,0.7886034,0.2113966
T0394.jpg,b_amd,b_amd,0.056572102,0.9434279
V0009.jpg,b_amd,a_noamd,0.5549514,0.44504854
V0013.jpg,b_amd,b_amd,0.050224736,0.9497753
V0022.jpg,b_amd,a_noamd,0.90714484,0.09285518
V0030.jpg,b_amd,b_amd,0.10761603,0.89238393
V0033.jpg,b_amd,b_amd,0.07238602,0.927614
V0034.jpg,b_amd,b_amd,0.100824766,0.8991752
V0043.jpg,b_amd,a_noamd,0.9598033,0.040196657
V0048.jpg,b_amd,b_amd,0.060442857,0.9395572
V0050.jpg,b_amd,b_amd,0.042735405,0.95726454
V0051.jpg,b_amd,b_amd,0.053353526,0.94664645
V0061.jpg,b_amd,b_amd,0.17426859,0.8257314
V0063.jpg,b_amd,b_amd,0.046940375,0.9530597
V0078.jpg,b_amd,b_amd,0.054684725,0.9453153
V0080.jpg,b_amd,b_amd,0.10080827,0.89919174
V0083.jpg,b_amd,b_amd,0.042481445,0.95751864
V0085.jpg,b_amd,b_amd,0.07833219,0.92166775
V0087.jpg,b_amd,b_amd,0.05677173,0.94322824
V0089.jpg,b_amd,a_noamd,0.9073958,0.09260424
V0091.jpg,b_amd,b_amd,0.053649202,0.9463508
V0093.jpg,b_amd,b_amd,0.055890262,0.9441098
V0099.jpg,b_amd,b_amd,0.05341736,0.9465827
V0103.jpg,b_amd,b_amd,0.06098755,0.93901247
V0105.jpg,b_amd,b_amd,0.05154531,0.94845474
V0106.jpg,b_amd,b_amd,0.16533789,0.83466214
V0108.jpg,b_amd,b_amd,0.04948593,0.9505141
V0111.jpg,b_amd,b_amd,0.064796604,0.9352034
V0115.jpg,b_amd,b_amd,0.07479796,0.9252021
V0117.jpg,b_amd,b_amd,0.069887765,0.93011224
V0119.jpg,b_amd,b_amd,0.057348058,0.942652
V0125.jpg,b_amd,b_amd,0.123282224,0.87671775
V0129.jpg,b_amd,b_amd,0.044430666,0.9555694
V0133.jpg,b_amd,a_noamd,0.63235134,0.36764866
V0135.jpg,b_amd,b_amd,0.053740487,0.94625956
V0141.jpg,b_amd,b_amd,0.18391214,0.81608784
V0146.jpg,b_amd,a_noamd,0.95274615,0.047253836
V0147.jpg,b_amd,b_amd,0.054315194,0.9456848
V0151.jpg,b_amd,a_noamd,0.8658674,0.13413262
V0152.jpg,b_amd,b_amd,0.08129203,0.918708
V0158.jpg,b_amd,b_amd,0.044913106,0.9550868
V0159.jpg,b_amd,b_amd,0.065486684,0.9345133
V0161.jpg,b_amd,b_amd,0.2620063,0.7379937
V0170.jpg,b_amd,b_amd,0.05113396,0.94886607
V0172.jpg,b_amd,b_amd,0.05809805,0.941902
V0173.jpg,b_amd,b_amd,0.055908855,0.9440912
V0180.jpg,b_amd,b_amd,0.059015587,0.9409844
V0182.jpg,b_amd,b_amd,0.049478613,0.9505214
V0187.jpg,b_amd,b_amd,0.22949588,0.7705041
V0188.jpg,b_amd,a_noamd,0.71936053,0.28063947
V0190.jpg,b_amd,b_amd,0.14813381,0.8518661
V0196.jpg,b_amd,b_amd,0.06082154,0.93917847
V0218.jpg,b_amd,b_amd,0.2881297,0.7118703
V0227.jpg,b_amd,b_amd,0.06697268,0.9330273
V0233.jpg,b_amd,a_noamd,0.9475753,0.05242473
V0237.jpg,b_amd,b_amd,0.0344087,0.96559125
V0245.jpg,b_amd,b_amd,0.05618545,0.9438146
V0248.jpg,b_amd,b_amd,0.07263223,0.92736775
V0251.jpg,b_amd,b_amd,0.07688169,0.92311835
V0258.jpg,b_amd,a_noamd,0.9636164,0.03638361
V0264.jpg,b_amd,b_amd,0.04394044,0.9560596
V0267.jpg,b_amd,b_amd,0.12466911,0.87533087
V0269.jpg,b_amd,b_amd,0.06324244,0.93675756
V0281.jpg,b_amd,b_amd,0.10418693,0.8958131
V0282.jpg,b_amd,a_noamd,0.9271155,0.07288452
V0284.jpg,b_amd,b_amd,0.08518405,0.91481596
V0297.jpg,b_amd,b_amd,0.073942706,0.92605734
V0319.jpg,b_amd,a_noamd,0.6811362,0.3188638
V0323.jpg,b_amd,b_amd,0.058294665,0.9417053
V0326.jpg,b_amd,b_amd,0.05383698,0.94616306
V0327.jpg,b_amd,a_noamd,0.9252831,0.074716955
V0330.jpg,b_amd,b_amd,0.0423631,0.9576369
V0331.jpg,b_amd,b_amd,0.07545511,0.92454493
V0334.jpg,b_amd,b_amd,0.12925151,0.87074846
V0337.jpg,b_amd,b_amd,0.053621873,0.9463782
V0344.jpg,b_amd,a_noamd,0.9658117,0.034188315
V0352.jpg,b_amd,b_amd,0.048442814,0.95155716
V0354.jpg,b_amd,b_amd,0.054152157,0.9458478
V0357.jpg,b_amd,b_amd,0.17509937,0.8249007
V0360.jpg,b_amd,b_amd,0.048315525,0.95168453
V0363.jpg,b_amd,b_amd,0.08236852,0.9176315
V0368.jpg,b_amd,b_amd,0.051458158,0.9485418
V0369.jpg,b_amd,b_amd,0.039884385,0.9601156
V0375.jpg,b_amd,a_noamd,0.9581291,0.041870873
V0379.jpg,b_amd,b_amd,0.057756975,0.94224304
V0380.jpg,b_amd,b_amd,0.050809715,0.9491903
V0388.jpg,b_amd,b_amd,0.048151333,0.9518487
V0390.jpg,b_amd,b_amd,0.056894034,0.943106
V0392.jpg,b_amd,b_amd,0.05494016,0.94505984
V0397.jpg,b_amd,b_amd,0.053454477,0.9465455
V0399.jpg,b_amd,a_noamd,0.82520634,0.17479368
